Workbook

Sheet README
A1: Foodle - starter content repository
A2: Prepared | B2: 15 October 2026
A3: Status | B3: Draft. Every row was hand-compiled and needs an editorial fact check (name, origin, ingredients) before it goes live.
A5: Record counts (live formulas)
A6: Dishes | B6: =COUNTA(Dishes!A:A)-1 -> 911
A7: of which puzzle ready | B7: =COUNTIF(Dishes!V:V,"Yes") -> 819
A8: India mode dishes | B8: =COUNTIF(Dishes!X:X,"Yes") -> 363
A9: Drinks | B9: =COUNTA(Drinks!A:A)-1 -> 247
A10: of which puzzle ready | B10: =COUNTIF(Drinks!W:W,"Yes") -> 129
A11: Ingredients | B11: =COUNTA(Ingredients!A:A)-1 -> 1484
A12: Cuisines (countries with items) | B12: =COUNTA(Cuisines!A:A)-1 -> 96
A13: India states / regions | B13: =COUNTA('India States'!A:A)-1 -> 29
A14: Country reference rows | B14: =COUNTA(Countries!A:A)-1 -> 250
A15: Total records | B15: =B6+B9+B11+B12+B13+B14 -> 3017
A17: How a clue row works
A18: Clue 1 ... Clue N | B18: Reveal order for the puzzle: least telling first, most telling last. A clue that names part of the answer is always moved to the end and listed under "Giveaway clues".
A19: Ingredients vs hints | B19: Clues are mostly ingredients. Some are hints (technique, vessel, look/taste, place, occasion, community/style); these are split out in "Non-ingredient hints".
A20: Fame (1-3) | B20: 1 = famous, 2 = well known, 3 = deep cut. Used to set daily difficulty.
A21: Puzzle ready | B21: Yes when the item has at least 5 clues and at least 3 ingredients. Items marked No stay in the repository as valid guesses (autocomplete) but are not served as answers.
A22: Global mode | B22: All non-Indian items plus Indian items with fame 1.
A23: India mode | B23: All Indian items, tagged by state.
A24: Country mode | B24: No when the origin is disputed or shared (see "Origin note"); those items are kept out of the guess-the-cuisine mode.
A25: Yellow cells | B25: Image URL, licence and credit are to be filled in during image sourcing. The Wikimedia link is a search, not a verified image.
A27: Sources and licences
A28: Dish and drink content | B28: Compiled by Claude from general knowledge for this draft. No third-party recipe database was copied. Facts must be checked against a reference (e.g. Wikipedia/Wikidata, national tourism boards, IBA for cocktails) before launch.
A29: Country reference sheet | B29: mledoze/countries (github.com/mledoze/countries), ODbL 1.0 licence: attribution required, share-alike applies to the country data.
A30: Images | B30: None included. See the concept note for the image sourcing plan.
A31: Daily Schedule (sample) | B31: First 90 days generated by a seeded random draw from puzzle-ready items, with difficulty by weekday (Mon/Tue/Sun easy, Wed/Thu/Sat medium, Fri hard) and no country (or, in state mode, state) repeated on consecutive days. The India dish and state-mode columns are drawn independently, so an item can appear in both. Dates are placeholders.

Sheet Dishes
A1: ID | B1: Dish | C1: Also known as | D1: Country | E1: State / region | F1: Continent | G1: Subregion | H1: Course | I1: Diet | J1: Fame (1-3) | K1: Clue 1 | L1: Clue 2 | M1: Clue 3 | N1: Clue 4 | O1: Clue 5 | P1: Clue 6 | Q1: Clue 7 | R1: Ingredients | S1: Non-ingredient hints | T1: Giveaway clues (shown last) | U1: Clue count | V1: Puzzle ready | W1: Global mode | X1: India mode | Y1: Country mode | Z1: Origin note | AA1: Image search (Wikimedia) | AB1: Image URL | AC1: Image licence | AD1: Image credit | AE1: Status
A2: D0001 | B2: Butter Chicken | C2: Murgh Makhani | D2: India | E2: Delhi | F2: Asia | G2: Southern Asia | H2: Main | I2: Non-veg | J2: 1 | K2: garlic | L2: ginger | M2: cream | N2: tomato | O2: chicken | P2: kasuri methi | Q2: butter | R2: garlic; ginger; cream; tomato; chicken; kasuri methi; butter | T2: butter | U2: 7 | V2: Yes | W2: Yes | X2: Yes | Y2: Yes | AA2: https://commons.wikimedia.org/w/index.php?search=Butter+Chicken+food&title=Special:MediaSearch&type=image | AE2: Draft - editorial check
A3: D0002 | B3: Chole Bhature | D3: India | E3: Punjab | F3: Asia | G3: Southern Asia | H3: Main | I3: Veg | J3: 1 | K3: onion | L3: tomato | M3: chana masala | N3: maida | O3: chickpeas | P3: bhatura dough | R3: onion; tomato; chana masala; maida; chickpeas; bhatura dough | U3: 6 | V3: Yes | W3: Yes | X3: Yes | Y3: Yes | AA3: https://commons.wikimedia.org/w/index.php?search=Chole+Bhature+food&title=Special:MediaSearch&type=image | AE3: Draft - editorial check
A4: D0003 | B4: Sarson da Saag | D4: India | E4: Punjab | F4: Asia | G4: Southern Asia | H4: Main | I4: Veg | J4: 1 | K4: garlic | L4: ginger | M4: green chilli | N4: spinach | O4: maize flour | P4: mustard greens | R4: garlic; ginger; green chilli; spinach; maize flour; mustard greens | U4: 6 | V4: Yes | W4: Yes | X4: Yes | Y4: Yes | AA4: https://commons.wikimedia.org/w/index.php?search=Sarson+da+Saag+food&title=Special:MediaSearch&type=image | AE4: Draft - editorial check
A5: D0004 | B5: Makki di Roti | D5: India | E5: Punjab | F5: Asia | G5: Southern Asia | H5: Bread | I5: Vegan | J5: 2 | K5: water | L5: salt | M5: ghee | N5: maize flour | R5: water; salt; ghee; maize flour | U5: 4 | V5: No | W5: No | X5: Yes | Y5: Yes | AA5: https://commons.wikimedia.org/w/index.php?search=Makki+di+Roti+food&title=Special:MediaSearch&type=image | AE5: Draft - editorial check
A6: D0005 | B6: Amritsari Kulcha | D6: India | E6: Punjab | F6: Asia | G6: Southern Asia | H6: Bread | I6: Veg | J6: 2 | K6: ajwain | L6: butter | M6: onion | N6: maida | O6: potato | P6: tandoor | R6: ajwain; butter; onion; maida; potato | S6: Vessel / serve: tandoor | U6: 6 | V6: Yes | W6: No | X6: Yes | Y6: Yes | AA6: https://commons.wikimedia.org/w/index.php?search=Amritsari+Kulcha+food&title=Special:MediaSearch&type=image | AE6: Draft - editorial check
A7: D0006 | B7: Dal Makhani | D7: India | E7: Punjab | F7: Asia | G7: Southern Asia | H7: Main | I7: Veg | J7: 1 | K7: garlic | L7: ginger | M7: tomato | N7: cream | O7: butter | P7: kidney beans | Q7: whole black urad dal | R7: garlic; ginger; tomato; cream; butter; kidney beans; whole black urad dal | U7: 7 | V7: Yes | W7: Yes | X7: Yes | Y7: Yes | AA7: https://commons.wikimedia.org/w/index.php?search=Dal+Makhani+food&title=Special:MediaSearch&type=image | AE7: Draft - editorial check
A8: D0007 | B8: Rajma Chawal | D8: India | E8: Punjab | F8: Asia | G8: Southern Asia | H8: Main | I8: Vegan | J8: 1 | K8: onion | L8: garlic | M8: ginger | N8: tomato | O8: rice | P8: kidney beans | R8: onion; garlic; ginger; tomato; rice; kidney beans | U8: 6 | V8: Yes | W8: Yes | X8: Yes | Y8: Yes | AA8: https://commons.wikimedia.org/w/index.php?search=Rajma+Chawal+food&title=Special:MediaSearch&type=image | AE8: Draft - editorial check
A9: D0008 | B9: Paneer Tikka | D9: India | E9: Punjab | F9: Asia | G9: Southern Asia | H9: Snack | I9: Veg | J9: 1 | K9: capsicum | L9: onion | M9: yogurt | N9: tandoori masala | O9: skewers | P9: paneer | R9: capsicum; onion; yogurt; tandoori masala; paneer | S9: Technique: skewers | U9: 6 | V9: Yes | W9: Yes | X9: Yes | Y9: Yes | AA9: https://commons.wikimedia.org/w/index.php?search=Paneer+Tikka+food&title=Special:MediaSearch&type=image | AE9: Draft - editorial check
A10: D0009 | B10: Tandoori Chicken | D10: India | E10: Punjab | F10: Asia | G10: Southern Asia | H10: Main | I10: Non-veg | J10: 1 | K10: lemon | L10: garlic | M10: ginger | N10: yogurt | O10: kashmiri chilli | P10: chicken | Q10: tandoor | R10: lemon; garlic; ginger; yogurt; kashmiri chilli; chicken | S10: Vessel / serve: tandoor | U10: 7 | V10: Yes | W10: Yes | X10: Yes | Y10: Yes | AA10: https://commons.wikimedia.org/w/index.php?search=Tandoori+Chicken+food&title=Special:MediaSearch&type=image | AE10: Draft - editorial check
A11: D0010 | B11: Amritsari Fish | D11: India | E11: Punjab | F11: Asia | G11: Southern Asia | H11: Snack | I11: Non-veg | J11: 2 | K11: lemon | L11: ajwain | M11: carom seeds | N11: gram flour | O11: red chilli | P11: fish | R11: lemon; ajwain; carom seeds; gram flour; red chilli; fish | U11: 6 | V11: Yes | W11: No | X11: Yes | Y11: Yes | AA11: https://commons.wikimedia.org/w/index.php?search=Amritsari+Fish+food&title=Special:MediaSearch&type=image | AE11: Draft - editorial check
A12: D0011 | B12: Pindi Chole | D12: India | E12: Punjab | F12: Asia | G12: Southern Asia | H12: Main | I12: Vegan | J12: 2 | K12: ginger | L12: green chilli | M12: pomegranate seed powder | N12: tea leaves | O12: chickpeas | R12: ginger; green chilli; pomegranate seed powder; tea leaves; chickpeas | U12: 5 | V12: Yes | W12: No | X12: Yes | Y12: Yes | AA12: https://commons.wikimedia.org/w/index.php?search=Pindi+Chole+food&title=Special:MediaSearch&type=image | AE12: Draft - editorial check
A13: D0012 | B13: Aloo Paratha | D13: India | E13: Punjab | F13: Asia | G13: Southern Asia | H13: Breakfast | I13: Veg | J13: 1 | K13: coriander | L13: green chilli | M13: ghee | N13: whole wheat flour | O13: potato | R13: coriander; green chilli; ghee; whole wheat flour; potato | U13: 5 | V13: Yes | W13: Yes | X13: Yes | Y13: Yes | AA13: https://commons.wikimedia.org/w/index.php?search=Aloo+Paratha+food&title=Special:MediaSearch&type=image | AE13: Draft - editorial check
A14: D0013 | B14: Gobi Paratha | D14: India | E14: Punjab | F14: Asia | G14: Southern Asia | H14: Breakfast | I14: Veg | J14: 2 | K14: coriander | L14: green chilli | M14: ghee | N14: whole wheat flour | O14: cauliflower | R14: coriander; green chilli; ghee; whole wheat flour; cauliflower | U14: 5 | V14: Yes | W14: No | X14: Yes | Y14: Yes | AA14: https://commons.wikimedia.org/w/index.php?search=Gobi+Paratha+food&title=Special:MediaSearch&type=image | AE14: Draft - editorial check
A15: D0014 | B15: Kadhi Pakora | D15: India | E15: Punjab | F15: Asia | G15: Southern Asia | H15: Main | I15: Veg | J15: 1 | K15: turmeric | L15: fenugreek seeds | M15: onion | N15: gram flour | O15: yogurt | P15: fritters | R15: turmeric; fenugreek seeds; onion; gram flour; yogurt; fritters | U15: 6 | V15: Yes | W15: Yes | X15: Yes | Y15: Yes | AA15: https://commons.wikimedia.org/w/index.php?search=Kadhi+Pakora+food&title=Special:MediaSearch&type=image | AE15: Draft - editorial check
A16: D0015 | B16: Pinni | D16: India | E16: Punjab | F16: Asia | G16: Southern Asia | H16: Sweet | I16: Veg | J16: 3 | K16: almond | L16: jaggery | M16: ghee | N16: whole wheat flour | O16: urad dal flour | R16: almond; jaggery; ghee; whole wheat flour; urad dal flour | U16: 5 | V16: Yes | W16: No | X16: Yes | Y16: Yes | AA16: https://commons.wikimedia.org/w/index.php?search=Pinni+food&title=Special:MediaSearch&type=image | AE16: Draft - editorial check
A17: D0016 | B17: Paneer Butter Masala | D17: India | E17: Delhi | F17: Asia | G17: Southern Asia | H17: Main | I17: Veg | J17: 1 | K17: cashew | L17: tomato | M17: cream | N17: kasuri methi | O17: paneer | P17: butter | R17: cashew; tomato; cream; kasuri methi; paneer; butter | T17: butter | U17: 6 | V17: Yes | W17: Yes | X17: Yes | Y17: Yes | AA17: https://commons.wikimedia.org/w/index.php?search=Paneer+Butter+Masala+food&title=Special:MediaSearch&type=image | AE17: Draft - editorial check
A18: D0017 | B18: Shahi Paneer | D18: India | E18: Delhi | F18: Asia | G18: Southern Asia | H18: Main | I18: Veg | J18: 1 | K18: cardamom | L18: onion | M18: cashew | N18: cream | O18: saffron | P18: paneer | R18: cardamom; onion; cashew; cream; saffron; paneer | U18: 6 | V18: Yes | W18: Yes | X18: Yes | Y18: Yes | AA18: https://commons.wikimedia.org/w/index.php?search=Shahi+Paneer+food&title=Special:MediaSearch&type=image | AE18: Draft - editorial check
A19: D0018 | B19: Kadai Paneer | D19: India | E19: Punjab | F19: Asia | G19: Southern Asia | H19: Main | I19: Veg | J19: 1 | K19: tomato | L19: onion | M19: coriander seed | N19: capsicum | O19: paneer | P19: kadai masala | R19: tomato; onion; coriander seed; capsicum; paneer; kadai masala | T19: kadai masala | U19: 6 | V19: Yes | W19: Yes | X19: Yes | Y19: Yes | AA19: https://commons.wikimedia.org/w/index.php?search=Kadai+Paneer+food&title=Special:MediaSearch&type=image | AE19: Draft - editorial check
A20: D0019 | B20: Malai Kofta | D20: India | E20: Delhi | F20: Asia | G20: Southern Asia | H20: Main | I20: Veg | J20: 1 | K20: cashew | L20: cream | M20: tomato | N20: potato | O20: raisins | P20: paneer dumplings | R20: cashew; cream; tomato; potato; raisins; paneer dumplings | U20: 6 | V20: Yes | W20: Yes | X20: Yes | Y20: Yes | AA20: https://commons.wikimedia.org/w/index.php?search=Malai+Kofta+food&title=Special:MediaSearch&type=image | AE20: Draft - editorial check
A21: D0020 | B21: Chicken Tikka Masala | D21: India | E21: Punjab | F21: Asia | G21: Southern Asia | H21: Main | I21: Non-veg | J21: 1 | K21: garlic | L21: onion | M21: cream | N21: tomato | O21: yogurt | P21: grilled chicken | R21: garlic; onion; cream; tomato; yogurt; grilled chicken | U21: 6 | V21: Yes | W21: Yes | X21: Yes | Y21: No | Z21: Origin disputed between India and the UK (Glasgow) | AA21: https://commons.wikimedia.org/w/index.php?search=Chicken+Tikka+Masala+food&title=Special:MediaSearch&type=image | AE21: Draft - editorial check
A22: D0021 | B22: Seekh Kebab | D22: India | E22: Delhi | F22: Asia | G22: Southern Asia | H22: Snack | I22: Non-veg | J22: 1 | K22: onion | L22: green chilli | M22: garam masala | N22: mint | O22: skewers | P22: minced mutton | R22: onion; green chilli; garam masala; mint; minced mutton | S22: Technique: skewers | U22: 6 | V22: Yes | W22: Yes | X22: Yes | Y22: Yes | AA22: https://commons.wikimedia.org/w/index.php?search=Seekh+Kebab+food&title=Special:MediaSearch&type=image | AE22: Draft - editorial check
A23: D0022 | B23: Nihari | D23: India | E23: Delhi | F23: Asia | G23: Southern Asia | H23: Main | I23: Non-veg | J23: 1 | K23: ginger | L23: fennel | M23: wheat flour | N23: bone marrow | O23: slow-cooked beef shank | P23: nihari masala | R23: ginger; fennel; wheat flour; bone marrow; slow-cooked beef shank; nihari masala | T23: nihari masala | U23: 6 | V23: Yes | W23: Yes | X23: Yes | Y23: Yes | AA23: https://commons.wikimedia.org/w/index.php?search=Nihari+food&title=Special:MediaSearch&type=image | AE23: Draft - editorial check
A24: D0023 | B24: Chicken Changezi | D24: India | E24: Delhi | F24: Asia | G24: Southern Asia | H24: Main | I24: Non-veg | J24: 3 | K24: cashew | L24: cream | M24: tomato | N24: onion | O24: egg | P24: chicken | R24: cashew; cream; tomato; onion; egg; chicken | U24: 6 | V24: Yes | W24: No | X24: Yes | Y24: Yes | AA24: https://commons.wikimedia.org/w/index.php?search=Chicken+Changezi+food&title=Special:MediaSearch&type=image | AE24: Draft - editorial check
A25: D0024 | B25: Aloo Tikki | D25: India | E25: Delhi | F25: Asia | G25: Southern Asia | H25: Street | I25: Veg | J25: 1 | K25: green chutney | L25: tamarind chutney | M25: breadcrumbs | N25: yogurt | O25: potato patty | R25: green chutney; tamarind chutney; breadcrumbs; yogurt; potato patty | U25: 5 | V25: Yes | W25: Yes | X25: Yes | Y25: Yes | AA25: https://commons.wikimedia.org/w/index.php?search=Aloo+Tikki+food&title=Special:MediaSearch&type=image | AE25: Draft - editorial check
A26: D0025 | B26: Papdi Chaat | D26: India | E26: Delhi | F26: Asia | G26: Southern Asia | H26: Street | I26: Veg | J26: 1 | K26: potato | L26: chickpeas | M26: tamarind chutney | N26: yogurt | O26: chaat masala | P26: papdi | R26: potato; chickpeas; tamarind chutney; yogurt; chaat masala; papdi | T26: chaat masala; papdi | U26: 6 | V26: Yes | W26: Yes | X26: Yes | Y26: Yes | AA26: https://commons.wikimedia.org/w/index.php?search=Papdi+Chaat+food&title=Special:MediaSearch&type=image | AE26: Draft - editorial check
A27: D0026 | B27: Dahi Bhalla | D27: India | E27: Delhi | F27: Asia | G27: Southern Asia | H27: Street | I27: Veg | J27: 1 | K27: roasted cumin | L27: tamarind chutney | M27: yogurt | N27: urad dal | O27: lentil dumplings | R27: roasted cumin; tamarind chutney; yogurt; urad dal; lentil dumplings | U27: 5 | V27: Yes | W27: Yes | X27: Yes | Y27: Yes | AA27: https://commons.wikimedia.org/w/index.php?search=Dahi+Bhalla+food&title=Special:MediaSearch&type=image | AE27: Draft - editorial check
A28: D0027 | B28: Ram Ladoo | D28: India | E28: Delhi | F28: Asia | G28: Southern Asia | H28: Street | I28: Vegan | J28: 3 | K28: lemon | L28: green chutney | M28: radish | N28: moong dal | O28: chana dal fritters | R28: lemon; green chutney; radish; moong dal; chana dal fritters | U28: 5 | V28: Yes | W28: No | X28: Yes | Y28: Yes | AA28: https://commons.wikimedia.org/w/index.php?search=Ram+Ladoo+food&title=Special:MediaSearch&type=image | AE28: Draft - editorial check
A29: D0028 | B29: Daulat ki Chaat | D29: India | E29: Delhi | F29: Asia | G29: Southern Asia | H29: Sweet | I29: Veg | J29: 3 | K29: pistachio | L29: saffron | M29: sugar | N29: winter dew | O29: milk froth | R29: pistachio; saffron; sugar; milk froth | S29: Look / taste: winter dew | U29: 5 | V29: Yes | W29: No | X29: Yes | Y29: Yes | AA29: https://commons.wikimedia.org/w/index.php?search=Daulat+ki+Chaat+food&title=Special:MediaSearch&type=image | AE29: Draft - editorial check
A30: D0029 | B30: Chole Kulche | D30: India | E30: Delhi | F30: Asia | G30: Southern Asia | H30: Street | I30: Vegan | J30: 2 | K30: onion | L30: lemon | M30: chickpeas | N30: tamarind | O30: kulcha | R30: onion; lemon; chickpeas; tamarind; kulcha | U30: 5 | V30: Yes | W30: No | X30: Yes | Y30: Yes | AA30: https://commons.wikimedia.org/w/index.php?search=Chole+Kulche+food&title=Special:MediaSearch&type=image | AE30: Draft - editorial check
A31: D0030 | B31: Parathe Wali Gali Paratha | D31: India | E31: Delhi | F31: Asia | G31: Southern Asia | H31: Breakfast | I31: Veg | J31: 3 | K31: potato | L31: paneer | M31: ghee | N31: deep fried | O31: whole wheat flour | R31: potato; paneer; ghee; whole wheat flour | S31: Technique: deep fried | U31: 5 | V31: Yes | W31: No | X31: Yes | Y31: Yes | AA31: https://commons.wikimedia.org/w/index.php?search=Parathe+Wali+Gali+Paratha+food&title=Special:MediaSearch&type=image | AE31: Draft - editorial check
A32: D0031 | B32: Jalebi | D32: India | E32: Delhi | F32: Asia | G32: Southern Asia | H32: Sweet | I32: Veg | J32: 1 | K32: saffron | L32: ghee | M32: maida | N32: sugar syrup | O32: spiral | R32: saffron; ghee; maida; sugar syrup | S32: Look / taste: spiral | U32: 5 | V32: Yes | W32: Yes | X32: Yes | Y32: No | Z32: West Asian origin, shared across South Asia | AA32: https://commons.wikimedia.org/w/index.php?search=Jalebi+food&title=Special:MediaSearch&type=image | AE32: Draft - editorial check
A33: D0032 | B33: Rabri | D33: India | E33: Uttar Pradesh | F33: Asia | G33: Southern Asia | H33: Sweet | I33: Veg | J33: 2 | K33: pistachio | L33: cardamom | M33: sugar | N33: saffron | O33: thickened milk layers | R33: pistachio; cardamom; sugar; saffron | S33: Look / taste: thickened milk layers | U33: 5 | V33: Yes | W33: No | X33: Yes | Y33: Yes | AA33: https://commons.wikimedia.org/w/index.php?search=Rabri+food&title=Special:MediaSearch&type=image | AE33: Draft - editorial check
A34: D0033 | B34: Kachori | D34: India | E34: Rajasthan | F34: Asia | G34: Southern Asia | H34: Snack | I34: Vegan | J34: 1 | K34: fennel | L34: asafoetida | M34: maida | N34: moong dal | O34: deep fried | R34: fennel; asafoetida; maida; moong dal | S34: Technique: deep fried | U34: 5 | V34: Yes | W34: Yes | X34: Yes | Y34: Yes | AA34: https://commons.wikimedia.org/w/index.php?search=Kachori+food&title=Special:MediaSearch&type=image | AE34: Draft - editorial check
A35: D0034 | B35: Lucknowi Biryani | C35: Awadhi Biryani | D35: India | E35: Uttar Pradesh | F35: Asia | G35: Southern Asia | H35: Rice | I35: Non-veg | J35: 1 | K35: kewra | L35: saffron | M35: ghee | N35: basmati rice | O35: mutton | P35: dum cooking | R35: kewra; saffron; ghee; basmati rice; mutton | S35: Technique: dum cooking | U35: 6 | V35: Yes | W35: Yes | X35: Yes | Y35: Yes | AA35: https://commons.wikimedia.org/w/index.php?search=Lucknowi+Biryani+food&title=Special:MediaSearch&type=image | AE35: Draft - editorial check
A36: D0035 | B36: Galouti Kebab | D36: India | E36: Uttar Pradesh | F36: Asia | G36: Southern Asia | H36: Snack | I36: Non-veg | J36: 1 | K36: saffron | L36: ghee | M36: rose water | N36: raw papaya | O36: minced mutton | P36: melt-in-mouth | R36: saffron; ghee; rose water; raw papaya; minced mutton | S36: Technique: melt-in-mouth | U36: 6 | V36: Yes | W36: Yes | X36: Yes | Y36: Yes | AA36: https://commons.wikimedia.org/w/index.php?search=Galouti+Kebab+food&title=Special:MediaSearch&type=image | AE36: Draft - editorial check
A37: D0036 | B37: Kakori Kebab | D37: India | E37: Uttar Pradesh | F37: Asia | G37: Southern Asia | H37: Snack | I37: Non-veg | J37: 2 | K37: cloves | L37: saffron | M37: kewra | N37: skewers | O37: minced mutton | R37: cloves; saffron; kewra; minced mutton | S37: Technique: skewers | U37: 5 | V37: Yes | W37: No | X37: Yes | Y37: Yes | AA37: https://commons.wikimedia.org/w/index.php?search=Kakori+Kebab+food&title=Special:MediaSearch&type=image | AE37: Draft - editorial check
A38: D0037 | B38: Tunday Kebab | D38: India | E38: Uttar Pradesh | F38: Asia | G38: Southern Asia | H38: Snack | I38: Non-veg | J38: 2 | K38: 160 spices | L38: ghee | M38: paratha | N38: minced buffalo meat | R38: ghee; paratha; minced buffalo meat | S38: Look / taste: 160 spices | U38: 4 | V38: No | W38: No | X38: Yes | Y38: Yes | AA38: https://commons.wikimedia.org/w/index.php?search=Tunday+Kebab+food&title=Special:MediaSearch&type=image | AE38: Draft - editorial check
A39: D0038 | B39: Korma | D39: India | E39: Uttar Pradesh | F39: Asia | G39: Southern Asia | H39: Main | I39: Non-veg | J39: 1 | K39: cardamom | L39: onion | M39: cashew | N39: yogurt | O39: mutton | P39: fried onion paste | R39: cardamom; onion; cashew; yogurt; mutton; fried onion paste | U39: 6 | V39: Yes | W39: Yes | X39: Yes | Y39: Yes | AA39: https://commons.wikimedia.org/w/index.php?search=Korma+food&title=Special:MediaSearch&type=image | AE39: Draft - editorial check
A40: D0039 | B40: Sheermal | D40: India | E40: Uttar Pradesh | F40: Asia | G40: Southern Asia | H40: Bread | I40: Veg | J40: 2 | K40: milk | L40: ghee | M40: sugar | N40: saffron | O40: maida | R40: milk; ghee; sugar; saffron; maida | U40: 5 | V40: Yes | W40: No | X40: Yes | Y40: Yes | AA40: https://commons.wikimedia.org/w/index.php?search=Sheermal+food&title=Special:MediaSearch&type=image | AE40: Draft - editorial check
A41: D0040 | B41: Kulfi | D41: India | E41: Uttar Pradesh | F41: Asia | G41: Southern Asia | H41: Dessert | I41: Veg | J41: 1 | K41: cardamom | L41: pistachio | M41: sugar | N41: saffron | O41: reduced milk | P41: matka | R41: cardamom; pistachio; sugar; saffron; reduced milk | S41: Vessel / serve: matka | U41: 6 | V41: Yes | W41: Yes | X41: Yes | Y41: Yes | AA41: https://commons.wikimedia.org/w/index.php?search=Kulfi+food&title=Special:MediaSearch&type=image | AE41: Draft - editorial check
A42: D0041 | B42: Bedmi Puri | D42: India | E42: Uttar Pradesh | F42: Asia | G42: Southern Asia | H42: Breakfast | I42: Vegan | J42: 2 | K42: fennel | L42: potato curry | M42: wheat flour | N42: urad dal stuffing | R42: fennel; potato curry; wheat flour; urad dal stuffing | U42: 4 | V42: No | W42: No | X42: Yes | Y42: Yes | AA42: https://commons.wikimedia.org/w/index.php?search=Bedmi+Puri+food&title=Special:MediaSearch&type=image | AE42: Draft - editorial check
A43: D0042 | B43: Petha | D43: India | E43: Uttar Pradesh | F43: Asia | G43: Southern Asia | H43: Sweet | I43: Vegan | J43: 2 | K43: sugar | L43: lime | M43: kewra | N43: ash gourd | O43: Agra | R43: sugar; lime; kewra; ash gourd | S43: Place: Agra | U43: 5 | V43: Yes | W43: No | X43: Yes | Y43: Yes | AA43: https://commons.wikimedia.org/w/index.php?search=Petha+food&title=Special:MediaSearch&type=image | AE43: Draft - editorial check
A44: D0043 | B44: Malaiyo | D44: India | E44: Uttar Pradesh | F44: Asia | G44: Southern Asia | H44: Sweet | I44: Veg | J44: 3 | K44: saffron | L44: sugar | M44: pistachio | N44: milk foam | O44: Varanasi | R44: saffron; sugar; pistachio; milk foam | S44: Place: Varanasi | U44: 5 | V44: Yes | W44: No | X44: Yes | Y44: Yes | AA44: https://commons.wikimedia.org/w/index.php?search=Malaiyo+food&title=Special:MediaSearch&type=image | AE44: Draft - editorial check
A45: D0044 | B45: Banarasi Paan | D45: India | E45: Uttar Pradesh | F45: Asia | G45: Southern Asia | H45: Snack | I45: Vegan | J45: 2 | K45: gulkand | L45: fennel | M45: cardamom | N45: areca nut | O45: betel leaf | R45: gulkand; fennel; cardamom; areca nut; betel leaf | U45: 5 | V45: Yes | W45: No | X45: Yes | Y45: Yes | AA45: https://commons.wikimedia.org/w/index.php?search=Banarasi+Paan+food&title=Special:MediaSearch&type=image | AE45: Draft - editorial check
A46: D0045 | B46: Tamatar Chaat | D46: India | E46: Uttar Pradesh | F46: Asia | G46: Southern Asia | H46: Street | I46: Veg | J46: 3 | K46: ghee | L46: potato | M46: sugar syrup | N46: tomato | O46: Varanasi | R46: ghee; potato; sugar syrup; tomato | S46: Place: Varanasi | U46: 5 | V46: Yes | W46: No | X46: Yes | Y46: Yes | AA46: https://commons.wikimedia.org/w/index.php?search=Tamatar+Chaat+food&title=Special:MediaSearch&type=image | AE46: Draft - editorial check
A47: D0046 | B47: Litti Chokha | D47: India | E47: Bihar | F47: Asia | G47: Southern Asia | H47: Main | I47: Veg | J47: 1 | K47: garlic | L47: mustard oil | M47: aubergine | N47: potato | O47: roasted dough balls | P47: sattu | R47: garlic; mustard oil; aubergine; potato; roasted dough balls; sattu | U47: 6 | V47: Yes | W47: Yes | X47: Yes | Y47: Yes | AA47: https://commons.wikimedia.org/w/index.php?search=Litti+Chokha+food&title=Special:MediaSearch&type=image | AE47: Draft - editorial check
A48: D0047 | B48: Thekua | D48: India | E48: Bihar | F48: Asia | G48: Southern Asia | H48: Sweet | I48: Vegan | J48: 2 | K48: fennel | L48: coconut | M48: wheat flour | N48: jaggery | O48: Chhath festival | R48: fennel; coconut; wheat flour; jaggery | S48: Occasion: Chhath festival | U48: 5 | V48: Yes | W48: No | X48: Yes | Y48: Yes | AA48: https://commons.wikimedia.org/w/index.php?search=Thekua+food&title=Special:MediaSearch&type=image | AE48: Draft - editorial check
A49: D0048 | B49: Khaja | D49: India | E49: Bihar | F49: Asia | G49: Southern Asia | H49: Sweet | I49: Vegan | J49: 3 | K49: ghee | L49: sugar syrup | M49: layered | N49: flaky | O49: maida | R49: ghee; sugar syrup; maida | S49: Technique: layered; Look / taste: flaky | U49: 5 | V49: Yes | W49: No | X49: Yes | Y49: Yes | AA49: https://commons.wikimedia.org/w/index.php?search=Khaja+food&title=Special:MediaSearch&type=image | AE49: Draft - editorial check
A50: D0049 | B50: Champaran Mutton | C50: Ahuna Mutton | D50: India | E50: Bihar | F50: Asia | G50: Southern Asia | H50: Main | I50: Non-veg | J50: 3 | K50: whole spices | L50: mustard oil | M50: garlic bulb | N50: clay pot | O50: mutton | R50: whole spices; mustard oil; garlic bulb; mutton | S50: Vessel / serve: clay pot | U50: 5 | V50: Yes | W50: No | X50: Yes | Y50: Yes | AA50: https://commons.wikimedia.org/w/index.php?search=Champaran+Mutton+food&title=Special:MediaSearch&type=image | AE50: Draft - editorial check
A51: D0050 | B51: Dal Baati Churma | D51: India | E51: Rajasthan | F51: Asia | G51: Southern Asia | H51: Main | I51: Veg | J51: 1 | K51: sugar | L51: ghee | M51: lentils | N51: whole wheat flour | O51: baked dough balls | R51: sugar; ghee; lentils; whole wheat flour; baked dough balls | U51: 5 | V51: Yes | W51: Yes | X51: Yes | Y51: Yes | AA51: https://commons.wikimedia.org/w/index.php?search=Dal+Baati+Churma+food&title=Special:MediaSearch&type=image | AE51: Draft - editorial check
A52: D0051 | B52: Laal Maas | D52: India | E52: Rajasthan | F52: Asia | G52: Southern Asia | H52: Main | I52: Non-veg | J52: 1 | K52: garlic | L52: yogurt | M52: ghee | N52: mutton | O52: mathania chilli | R52: garlic; yogurt; ghee; mutton; mathania chilli | U52: 5 | V52: Yes | W52: Yes | X52: Yes | Y52: Yes | AA52: https://commons.wikimedia.org/w/index.php?search=Laal+Maas+food&title=Special:MediaSearch&type=image | AE52: Draft - editorial check
A53: D0052 | B53: Gatte ki Sabzi | D53: India | E53: Rajasthan | F53: Asia | G53: Southern Asia | H53: Main | I53: Veg | J53: 1 | K53: ajwain | L53: yogurt | M53: turmeric | N53: steamed | O53: gram flour dumplings | R53: ajwain; yogurt; turmeric; gram flour dumplings | S53: Technique: steamed | U53: 5 | V53: Yes | W53: Yes | X53: Yes | Y53: Yes | AA53: https://commons.wikimedia.org/w/index.php?search=Gatte+ki+Sabzi+food&title=Special:MediaSearch&type=image | AE53: Draft - editorial check
A54: D0053 | B54: Ker Sangri | D54: India | E54: Rajasthan | F54: Asia | G54: Southern Asia | H54: Side | I54: Vegan | J54: 2 | K54: dried mango powder | L54: red chilli | M54: oil | N54: desert beans | O54: capers | R54: dried mango powder; red chilli; oil; desert beans; capers | U54: 5 | V54: Yes | W54: No | X54: Yes | Y54: Yes | AA54: https://commons.wikimedia.org/w/index.php?search=Ker+Sangri+food&title=Special:MediaSearch&type=image | AE54: Draft - editorial check
A55: D0054 | B55: Pyaaz Kachori | D55: India | E55: Rajasthan | F55: Asia | G55: Southern Asia | H55: Snack | I55: Vegan | J55: 1 | K55: fennel | L55: coriander seed | M55: maida | N55: deep fried | O55: onion filling | R55: fennel; coriander seed; maida; onion filling | S55: Technique: deep fried | U55: 5 | V55: Yes | W55: Yes | X55: Yes | Y55: Yes | AA55: https://commons.wikimedia.org/w/index.php?search=Pyaaz+Kachori+food&title=Special:MediaSearch&type=image | AE55: Draft - editorial check
A56: D0055 | B56: Mirchi Vada | D56: India | E56: Rajasthan | F56: Asia | G56: Southern Asia | H56: Snack | I56: Vegan | J56: 2 | K56: potato | L56: gram flour | M56: deep fried | N56: stuffed | O56: large green chilli | R56: potato; gram flour; large green chilli | S56: Technique: deep fried; Technique: stuffed | U56: 5 | V56: Yes | W56: No | X56: Yes | Y56: Yes | AA56: https://commons.wikimedia.org/w/index.php?search=Mirchi+Vada+food&title=Special:MediaSearch&type=image | AE56: Draft - editorial check
A57: D0056 | B57: Ghevar | D57: India | E57: Rajasthan | F57: Asia | G57: Southern Asia | H57: Sweet | I57: Veg | J57: 2 | K57: sugar syrup | L57: rabri | M57: ghee | N57: honeycomb | O57: maida | P57: Teej | R57: sugar syrup; rabri; ghee; honeycomb; maida | S57: Occasion: Teej | U57: 6 | V57: Yes | W57: No | X57: Yes | Y57: Yes | AA57: https://commons.wikimedia.org/w/index.php?search=Ghevar+food&title=Special:MediaSearch&type=image | AE57: Draft - editorial check
A58: D0057 | B58: Mohan Thaal | D58: India | E58: Gujarat | F58: Asia | G58: Southern Asia | H58: Sweet | I58: Veg | J58: 3 | K58: cardamom | L58: milk | M58: sugar | N58: ghee | O58: gram flour fudge | R58: cardamom; milk; sugar; ghee; gram flour fudge | U58: 5 | V58: Yes | W58: No | X58: Yes | Y58: Yes | AA58: https://commons.wikimedia.org/w/index.php?search=Mohan+Thaal+food&title=Special:MediaSearch&type=image | AE58: Draft - editorial check
A59: D0058 | B59: Bajre ki Roti | D59: India | E59: Rajasthan | F59: Asia | G59: Southern Asia | H59: Bread | I59: Vegan | J59: 2 | K59: water | L59: ghee | M59: salt | N59: pearl millet | R59: water; ghee; salt; pearl millet | U59: 4 | V59: No | W59: No | X59: Yes | Y59: Yes | AA59: https://commons.wikimedia.org/w/index.php?search=Bajre+ki+Roti+food&title=Special:MediaSearch&type=image | AE59: Draft - editorial check
A60: D0059 | B60: Dhokla | D60: India | E60: Gujarat | F60: Asia | G60: Southern Asia | H60: Snack | I60: Veg | J60: 1 | K60: mustard seeds | L60: curry leaves | M60: green chilli | N60: steamed | O60: fermented gram flour | R60: mustard seeds; curry leaves; green chilli; fermented gram flour | S60: Technique: steamed | U60: 5 | V60: Yes | W60: Yes | X60: Yes | Y60: Yes | AA60: https://commons.wikimedia.org/w/index.php?search=Dhokla+food&title=Special:MediaSearch&type=image | AE60: Draft - editorial check
A61: D0060 | B61: Khandvi | D61: India | E61: Gujarat | F61: Asia | G61: Southern Asia | H61: Snack | I61: Veg | J61: 1 | K61: mustard seeds | L61: coconut | M61: yogurt | N61: rolled | O61: gram flour | R61: mustard seeds; coconut; yogurt; gram flour | S61: Technique: rolled | U61: 5 | V61: Yes | W61: Yes | X61: Yes | Y61: Yes | AA61: https://commons.wikimedia.org/w/index.php?search=Khandvi+food&title=Special:MediaSearch&type=image | AE61: Draft - editorial check
A62: D0061 | B62: Thepla | D62: India | E62: Gujarat | F62: Asia | G62: Southern Asia | H62: Bread | I62: Veg | J62: 1 | K62: turmeric | L62: yogurt | M62: sesame | N62: whole wheat flour | O62: fenugreek leaves | R62: turmeric; yogurt; sesame; whole wheat flour; fenugreek leaves | U62: 5 | V62: Yes | W62: Yes | X62: Yes | Y62: Yes | AA62: https://commons.wikimedia.org/w/index.php?search=Thepla+food&title=Special:MediaSearch&type=image | AE62: Draft - editorial check
A63: D0062 | B63: Undhiyu | D63: India | E63: Gujarat | F63: Asia | G63: Southern Asia | H63: Main | I63: Vegan | J63: 1 | K63: purple yam | L63: green beans | M63: muthia | N63: surti papdi | O63: clay pot | P63: winter vegetables | R63: purple yam; green beans; muthia; surti papdi | S63: Vessel / serve: clay pot; Look / taste: winter vegetables | U63: 6 | V63: Yes | W63: Yes | X63: Yes | Y63: Yes | AA63: https://commons.wikimedia.org/w/index.php?search=Undhiyu+food&title=Special:MediaSearch&type=image | AE63: Draft - editorial check
A64: D0063 | B64: Fafda Jalebi | D64: India | E64: Gujarat | F64: Asia | G64: Southern Asia | H64: Breakfast | I64: Veg | J64: 2 | K64: ajwain | L64: papaya chutney | M64: fried green chilli | N64: gram flour strips | O64: jalebi | R64: ajwain; papaya chutney; fried green chilli; gram flour strips; jalebi | T64: jalebi | U64: 5 | V64: Yes | W64: No | X64: Yes | Y64: Yes | AA64: https://commons.wikimedia.org/w/index.php?search=Fafda+Jalebi+food&title=Special:MediaSearch&type=image | AE64: Draft - editorial check
A65: D0064 | B65: Handvo | D65: India | E65: Gujarat | F65: Asia | G65: Southern Asia | H65: Snack | I65: Veg | J65: 2 | K65: sesame | L65: bottle gourd | M65: yogurt | N65: rice | O65: lentil batter cake | R65: sesame; bottle gourd; yogurt; rice; lentil batter cake | U65: 5 | V65: Yes | W65: No | X65: Yes | Y65: Yes | AA65: https://commons.wikimedia.org/w/index.php?search=Handvo+food&title=Special:MediaSearch&type=image | AE65: Draft - editorial check
A66: D0065 | B66: Gujarati Kadhi | D66: India | E66: Gujarat | F66: Asia | G66: Southern Asia | H66: Main | I66: Veg | J66: 2 | K66: cloves | L66: ginger | M66: sugar | N66: gram flour | O66: yogurt | P66: sweet | R66: cloves; ginger; sugar; gram flour; yogurt | S66: Look / taste: sweet | U66: 6 | V66: Yes | W66: No | X66: Yes | Y66: Yes | AA66: https://commons.wikimedia.org/w/index.php?search=Gujarati+Kadhi+food&title=Special:MediaSearch&type=image | AE66: Draft - editorial check
A67: D0066 | B67: Khakhra | D67: India | E67: Gujarat | F67: Asia | G67: Southern Asia | H67: Snack | I67: Veg | J67: 2 | K67: cumin | L67: fenugreek | M67: whole wheat flour | N67: crisp | O67: roasted | R67: cumin; fenugreek; whole wheat flour | S67: Look / taste: crisp; Technique: roasted | U67: 5 | V67: Yes | W67: No | X67: Yes | Y67: Yes | AA67: https://commons.wikimedia.org/w/index.php?search=Khakhra+food&title=Special:MediaSearch&type=image | AE67: Draft - editorial check
A68: D0067 | B68: Sev Tameta | D68: India | E68: Gujarat | F68: Asia | G68: Southern Asia | H68: Main | I68: Vegan | J68: 3 | K68: cumin | L68: jaggery | M68: onion | N68: tomato | O68: sev | R68: cumin; jaggery; onion; tomato; sev | U68: 5 | V68: Yes | W68: No | X68: Yes | Y68: Yes | AA68: https://commons.wikimedia.org/w/index.php?search=Sev+Tameta+food&title=Special:MediaSearch&type=image | AE68: Draft - editorial check
A69: D0068 | B69: Dabeli | D69: India | E69: Gujarat | F69: Asia | G69: Southern Asia | H69: Street | I69: Veg | J69: 1 | K69: tamarind chutney | L69: peanuts | M69: pomegranate | N69: potato | O69: pav | P69: dabeli masala | R69: tamarind chutney; peanuts; pomegranate; potato; pav; dabeli masala | T69: dabeli masala | U69: 6 | V69: Yes | W69: Yes | X69: Yes | Y69: Yes | AA69: https://commons.wikimedia.org/w/index.php?search=Dabeli+food&title=Special:MediaSearch&type=image | AE69: Draft - editorial check
A70: D0069 | B70: Basundi | D70: India | E70: Gujarat | F70: Asia | G70: Southern Asia | H70: Sweet | I70: Veg | J70: 2 | K70: charoli | L70: saffron | M70: cardamom | N70: sugar | O70: reduced milk | R70: charoli; saffron; cardamom; sugar; reduced milk | U70: 5 | V70: Yes | W70: No | X70: Yes | Y70: Yes | AA70: https://commons.wikimedia.org/w/index.php?search=Basundi+food&title=Special:MediaSearch&type=image | AE70: Draft - editorial check
A71: D0070 | B71: Shrikhand | D71: India | E71: Gujarat | F71: Asia | G71: Southern Asia | H71: Sweet | I71: Veg | J71: 1 | K71: cardamom | L71: saffron | M71: pistachio | N71: sugar | O71: strained yogurt | R71: cardamom; saffron; pistachio; sugar; strained yogurt | U71: 5 | V71: Yes | W71: Yes | X71: Yes | Y71: Yes | AA71: https://commons.wikimedia.org/w/index.php?search=Shrikhand+food&title=Special:MediaSearch&type=image | AE71: Draft - editorial check
A72: D0071 | B72: Khaman | D72: India | E72: Gujarat | F72: Asia | G72: Southern Asia | H72: Snack | I72: Veg | J72: 2 | K72: mustard seeds | L72: green chilli | M72: sugar | N72: baking soda | O72: gram flour | R72: mustard seeds; green chilli; sugar; baking soda; gram flour | U72: 5 | V72: Yes | W72: No | X72: Yes | Y72: Yes | AA72: https://commons.wikimedia.org/w/index.php?search=Khaman+food&title=Special:MediaSearch&type=image | AE72: Draft - editorial check
A73: D0072 | B73: Patra | D73: India | E73: Gujarat | F73: Asia | G73: Southern Asia | H73: Snack | I73: Vegan | J73: 2 | K73: jaggery | L73: tamarind | M73: gram flour | N73: steamed | O73: colocasia leaves | R73: jaggery; tamarind; gram flour; colocasia leaves | S73: Technique: steamed | U73: 5 | V73: Yes | W73: No | X73: Yes | Y73: Yes | AA73: https://commons.wikimedia.org/w/index.php?search=Patra+food&title=Special:MediaSearch&type=image | AE73: Draft - editorial check
A74: D0073 | B74: Locho | D74: India | E74: Gujarat | F74: Asia | G74: Southern Asia | H74: Street | I74: Vegan | J74: 3 | K74: onion | L74: butter | M74: sev | N74: chana dal | O74: Surat | R74: onion; butter; sev; chana dal | S74: Place: Surat | U74: 5 | V74: Yes | W74: No | X74: Yes | Y74: Yes | AA74: https://commons.wikimedia.org/w/index.php?search=Locho+food&title=Special:MediaSearch&type=image | AE74: Draft - editorial check
A75: D0074 | B75: Gujarati Dal | D75: India | E75: Gujarat | F75: Asia | G75: Southern Asia | H75: Main | I75: Vegan | J75: 2 | K75: tomato | L75: jaggery | M75: kokum | N75: peanuts | O75: toor dal | R75: tomato; jaggery; kokum; peanuts; toor dal | U75: 5 | V75: Yes | W75: No | X75: Yes | Y75: Yes | AA75: https://commons.wikimedia.org/w/index.php?search=Gujarati+Dal+food&title=Special:MediaSearch&type=image | AE75: Draft - editorial check
A76: D0075 | B76: Vada Pav | D76: India | E76: Maharashtra | F76: Asia | G76: Southern Asia | H76: Street | I76: Vegan | J76: 1 | K76: garlic chutney | L76: green chilli | M76: gram flour | N76: potato fritter | O76: pav | R76: garlic chutney; green chilli; gram flour; potato fritter; pav | U76: 5 | V76: Yes | W76: Yes | X76: Yes | Y76: Yes | AA76: https://commons.wikimedia.org/w/index.php?search=Vada+Pav+food&title=Special:MediaSearch&type=image | AE76: Draft - editorial check
A77: D0076 | B77: Pav Bhaji | D77: India | E77: Maharashtra | F77: Asia | G77: Southern Asia | H77: Street | I77: Veg | J77: 1 | K77: onion | L77: lemon | M77: butter | N77: mixed vegetables | O77: pav | P77: pav bhaji masala | R77: onion; lemon; butter; mixed vegetables; pav; pav bhaji masala | T77: pav bhaji masala | U77: 6 | V77: Yes | W77: Yes | X77: Yes | Y77: Yes | AA77: https://commons.wikimedia.org/w/index.php?search=Pav+Bhaji+food&title=Special:MediaSearch&type=image | AE77: Draft - editorial check
A78: D0077 | B78: Misal Pav | D78: India | E78: Maharashtra | F78: Asia | G78: Southern Asia | H78: Breakfast | I78: Vegan | J78: 1 | K78: onion | L78: lemon | M78: farsan | N78: spicy rassa | O78: sprouted moth beans | P78: pav | R78: onion; lemon; farsan; spicy rassa; sprouted moth beans; pav | U78: 6 | V78: Yes | W78: Yes | X78: Yes | Y78: Yes | AA78: https://commons.wikimedia.org/w/index.php?search=Misal+Pav+food&title=Special:MediaSearch&type=image | AE78: Draft - editorial check
A79: D0078 | B79: Poha | D79: India | E79: Maharashtra | F79: Asia | G79: Southern Asia | H79: Breakfast | I79: Vegan | J79: 1 | K79: turmeric | L79: mustard seeds | M79: onion | N79: peanuts | O79: flattened rice | R79: turmeric; mustard seeds; onion; peanuts; flattened rice | U79: 5 | V79: Yes | W79: Yes | X79: Yes | Y79: Yes | AA79: https://commons.wikimedia.org/w/index.php?search=Poha+food&title=Special:MediaSearch&type=image | AE79: Draft - editorial check
A80: D0079 | B80: Sabudana Khichdi | D80: India | E80: Maharashtra | F80: Asia | G80: Southern Asia | H80: Breakfast | I80: Veg | J80: 1 | K80: cumin | L80: green chilli | M80: potato | N80: peanuts | O80: sago pearls | R80: cumin; green chilli; potato; peanuts; sago pearls | U80: 5 | V80: Yes | W80: Yes | X80: Yes | Y80: Yes | AA80: https://commons.wikimedia.org/w/index.php?search=Sabudana+Khichdi+food&title=Special:MediaSearch&type=image | AE80: Draft - editorial check
A81: D0080 | B81: Puran Poli | D81: India | E81: Maharashtra | F81: Asia | G81: Southern Asia | H81: Sweet | I81: Veg | J81: 1 | K81: nutmeg | L81: cardamom | M81: ghee | N81: chana dal | O81: jaggery | P81: flatbread | R81: nutmeg; cardamom; ghee; chana dal; jaggery; flatbread | U81: 6 | V81: Yes | W81: Yes | X81: Yes | Y81: Yes | AA81: https://commons.wikimedia.org/w/index.php?search=Puran+Poli+food&title=Special:MediaSearch&type=image | AE81: Draft - editorial check
A82: D0081 | B82: Modak | D82: India | E82: Maharashtra | F82: Asia | G82: Southern Asia | H82: Sweet | I82: Veg | J82: 1 | K82: cardamom | L82: ghee | M82: rice flour | N82: jaggery | O82: coconut | P82: Ganesh Chaturthi | R82: cardamom; ghee; rice flour; jaggery; coconut | S82: Occasion: Ganesh Chaturthi | U82: 6 | V82: Yes | W82: Yes | X82: Yes | Y82: Yes | AA82: https://commons.wikimedia.org/w/index.php?search=Modak+food&title=Special:MediaSearch&type=image | AE82: Draft - editorial check
A83: D0082 | B83: Thalipeeth | D83: India | E83: Maharashtra | F83: Asia | G83: Southern Asia | H83: Breakfast | I83: Vegan | J83: 2 | K83: onion | L83: coriander | M83: cumin | N83: multigrain flour | O83: bhajani | R83: onion; coriander; cumin; multigrain flour; bhajani | U83: 5 | V83: Yes | W83: No | X83: Yes | Y83: Yes | AA83: https://commons.wikimedia.org/w/index.php?search=Thalipeeth+food&title=Special:MediaSearch&type=image | AE83: Draft - editorial check
A84: D0083 | B84: Zunka Bhakri | D84: India | E84: Maharashtra | F84: Asia | G84: Southern Asia | H84: Main | I84: Vegan | J84: 3 | K84: onion | L84: garlic | M84: mustard seeds | N84: jowar flatbread | O84: gram flour | R84: onion; garlic; mustard seeds; jowar flatbread; gram flour | U84: 5 | V84: Yes | W84: No | X84: Yes | Y84: Yes | AA84: https://commons.wikimedia.org/w/index.php?search=Zunka+Bhakri+food&title=Special:MediaSearch&type=image | AE84: Draft - editorial check
A85: D0084 | B85: Kolhapuri Chicken | D85: India | E85: Maharashtra | F85: Asia | G85: Southern Asia | H85: Main | I85: Non-veg | J85: 2 | K85: sesame | L85: dry coconut | M85: onion | N85: chicken | O85: kolhapuri masala | R85: sesame; dry coconut; onion; chicken; kolhapuri masala | T85: kolhapuri masala | U85: 5 | V85: Yes | W85: No | X85: Yes | Y85: Yes | AA85: https://commons.wikimedia.org/w/index.php?search=Kolhapuri+Chicken+food&title=Special:MediaSearch&type=image | AE85: Draft - editorial check
A86: D0085 | B86: Tambda Rassa | D86: India | E86: Maharashtra | F86: Asia | G86: Southern Asia | H86: Main | I86: Non-veg | J86: 3 | K86: garlic | L86: dry coconut | M86: kolhapuri chilli | N86: mutton | O86: red curry | R86: garlic; dry coconut; kolhapuri chilli; mutton; red curry | U86: 5 | V86: Yes | W86: No | X86: Yes | Y86: Yes | AA86: https://commons.wikimedia.org/w/index.php?search=Tambda+Rassa+food&title=Special:MediaSearch&type=image | AE86: Draft - editorial check
A87: D0086 | B87: Pandhra Rassa | D87: India | E87: Maharashtra | F87: Asia | G87: Southern Asia | H87: Main | I87: Non-veg | J87: 3 | K87: cashew | L87: poppy seeds | M87: coconut milk | N87: mutton | O87: white curry | R87: cashew; poppy seeds; coconut milk; mutton; white curry | U87: 5 | V87: Yes | W87: No | X87: Yes | Y87: Yes | AA87: https://commons.wikimedia.org/w/index.php?search=Pandhra+Rassa+food&title=Special:MediaSearch&type=image | AE87: Draft - editorial check
A88: D0087 | B88: Bombil Fry | C88: Bombay Duck Fry | D88: India | E88: Maharashtra | F88: Asia | G88: Southern Asia | H88: Main | I88: Non-veg | J88: 2 | K88: turmeric | L88: red chilli | M88: semolina | N88: rice flour | O88: bombay duck | R88: turmeric; red chilli; semolina; rice flour; bombay duck | T88: bombay duck | U88: 5 | V88: Yes | W88: No | X88: Yes | Y88: Yes | AA88: https://commons.wikimedia.org/w/index.php?search=Bombil+Fry+food&title=Special:MediaSearch&type=image | AE88: Draft - editorial check
A89: D0088 | B89: Kothimbir Vadi | D89: India | E89: Maharashtra | F89: Asia | G89: Southern Asia | H89: Snack | I89: Vegan | J89: 2 | K89: sesame | L89: green chilli | M89: gram flour | N89: steamed | O89: coriander | R89: sesame; green chilli; gram flour; coriander | S89: Technique: steamed | U89: 5 | V89: Yes | W89: No | X89: Yes | Y89: Yes | AA89: https://commons.wikimedia.org/w/index.php?search=Kothimbir+Vadi+food&title=Special:MediaSearch&type=image | AE89: Draft - editorial check
A90: D0089 | B90: Bharli Vangi | D90: India | E90: Maharashtra | F90: Asia | G90: Southern Asia | H90: Main | I90: Vegan | J90: 2 | K90: jaggery | L90: goda masala | M90: peanuts | N90: coconut | O90: stuffed small brinjals | R90: jaggery; goda masala; peanuts; coconut; stuffed small brinjals | U90: 5 | V90: Yes | W90: No | X90: Yes | Y90: Yes | AA90: https://commons.wikimedia.org/w/index.php?search=Bharli+Vangi+food&title=Special:MediaSearch&type=image | AE90: Draft - editorial check
A91: D0090 | B91: Shrikhand Puri | D91: India | E91: Maharashtra | F91: Asia | G91: Southern Asia | H91: Sweet | I91: Veg | J91: 3 | K91: cardamom | L91: saffron | M91: wheat flour | N91: strained yogurt | O91: puri | R91: cardamom; saffron; wheat flour; strained yogurt; puri | T91: puri | U91: 5 | V91: Yes | W91: No | X91: Yes | Y91: Yes | AA91: https://commons.wikimedia.org/w/index.php?search=Shrikhand+Puri+food&title=Special:MediaSearch&type=image | AE91: Draft - editorial check
A92: D0091 | B92: Kanda Bhaji | D92: India | E92: Maharashtra | F92: Asia | G92: Southern Asia | H92: Snack | I92: Vegan | J92: 2 | K92: ajwain | L92: green chilli | M92: gram flour | N92: deep fried | O92: sliced onion | R92: ajwain; green chilli; gram flour; sliced onion | S92: Technique: deep fried | U92: 5 | V92: Yes | W92: No | X92: Yes | Y92: Yes | AA92: https://commons.wikimedia.org/w/index.php?search=Kanda+Bhaji+food&title=Special:MediaSearch&type=image | AE92: Draft - editorial check
A93: D0092 | B93: Bombay Sandwich | D93: India | E93: Maharashtra | F93: Asia | G93: Southern Asia | H93: Street | I93: Veg | J93: 2 | K93: potato | L93: tomato | M93: cucumber | N93: beetroot | O93: green chutney | P93: white bread | R93: potato; tomato; cucumber; beetroot; green chutney; white bread | U93: 6 | V93: Yes | W93: No | X93: Yes | Y93: Yes | AA93: https://commons.wikimedia.org/w/index.php?search=Bombay+Sandwich+food&title=Special:MediaSearch&type=image | AE93: Draft - editorial check
A94: D0093 | B94: Keema Pav | D94: India | E94: Maharashtra | F94: Asia | G94: Southern Asia | H94: Breakfast | I94: Non-veg | J94: 2 | K94: green peas | L94: onion | M94: garam masala | N94: minced mutton | O94: pav | R94: green peas; onion; garam masala; minced mutton; pav | U94: 5 | V94: Yes | W94: No | X94: Yes | Y94: Yes | AA94: https://commons.wikimedia.org/w/index.php?search=Keema+Pav+food&title=Special:MediaSearch&type=image | AE94: Draft - editorial check
A95: D0094 | B95: Akuri | D95: India | E95: Maharashtra | F95: Asia | G95: Southern Asia | H95: Breakfast | I95: Egg | J95: 3 | K95: tomato | L95: green chilli | M95: onion | N95: coriander | O95: Parsi | P95: scrambled eggs | R95: tomato; green chilli; onion; coriander; scrambled eggs | S95: Community / style: Parsi | U95: 6 | V95: Yes | W95: No | X95: Yes | Y95: Yes | AA95: https://commons.wikimedia.org/w/index.php?search=Akuri+food&title=Special:MediaSearch&type=image | AE95: Draft - editorial check
A96: D0095 | B96: Sali Boti | D96: India | E96: Maharashtra | F96: Asia | G96: Southern Asia | H96: Main | I96: Non-veg | J96: 3 | K96: jaggery | L96: vinegar | M96: tomato | N96: mutton | O96: Parsi | P96: potato straws | R96: jaggery; vinegar; tomato; mutton; potato straws | S96: Community / style: Parsi | U96: 6 | V96: Yes | W96: No | X96: Yes | Y96: Yes | AA96: https://commons.wikimedia.org/w/index.php?search=Sali+Boti+food&title=Special:MediaSearch&type=image | AE96: Draft - editorial check
A97: D0096 | B97: Patra ni Machhi | D97: India | E97: Maharashtra | F97: Asia | G97: Southern Asia | H97: Main | I97: Non-veg | J97: 3 | K97: coconut | L97: coriander | M97: green chutney | N97: Parsi | O97: fish | P97: banana leaf | R97: coconut; coriander; green chutney; fish | S97: Community / style: Parsi; Vessel / serve: banana leaf | U97: 6 | V97: Yes | W97: No | X97: Yes | Y97: Yes | AA97: https://commons.wikimedia.org/w/index.php?search=Patra+ni+Machhi+food&title=Special:MediaSearch&type=image | AE97: Draft - editorial check
A98: D0097 | B98: Dhansak | D98: India | E98: Maharashtra | F98: Asia | G98: Southern Asia | H98: Main | I98: Non-veg | J98: 2 | K98: pumpkin | L98: aubergine | M98: mutton | N98: Parsi | O98: mixed lentils | P98: dhansak masala | R98: pumpkin; aubergine; mutton; mixed lentils; dhansak masala | S98: Community / style: Parsi | T98: dhansak masala | U98: 6 | V98: Yes | W98: No | X98: Yes | Y98: Yes | AA98: https://commons.wikimedia.org/w/index.php?search=Dhansak+food&title=Special:MediaSearch&type=image | AE98: Draft - editorial check
A99: D0098 | B99: Ragda Pattice | D99: India | E99: Maharashtra | F99: Asia | G99: Southern Asia | H99: Street | I99: Veg | J99: 2 | K99: onion | L99: tamarind chutney | M99: sev | N99: potato patty | O99: white peas | R99: onion; tamarind chutney; sev; potato patty; white peas | U99: 5 | V99: Yes | W99: No | X99: Yes | Y99: Yes | AA99: https://commons.wikimedia.org/w/index.php?search=Ragda+Pattice+food&title=Special:MediaSearch&type=image | AE99: Draft - editorial check
A100: D0099 | B100: Bhel Puri | D100: India | E100: Maharashtra | F100: Asia | G100: Southern Asia | H100: Street | I100: Vegan | J100: 1 | K100: onion | L100: tomato | M100: tamarind chutney | N100: sev | O100: Chowpatty | P100: puffed rice | R100: onion; tomato; tamarind chutney; sev; puffed rice | S100: Place: Chowpatty | U100: 6 | V100: Yes | W100: Yes | X100: Yes | Y100: Yes | AA100: https://commons.wikimedia.org/w/index.php?search=Bhel+Puri+food&title=Special:MediaSearch&type=image | AE100: Draft - editorial check
...

Sheet Drinks
A1: ID | B1: Drink | C1: Also known as | D1: Country | E1: State / region | F1: Continent | G1: Subregion | H1: Type | I1: Alcoholic | J1: Fame (1-3) | K1: Clue 1 | L1: Clue 2 | M1: Clue 3 | N1: Clue 4 | O1: Clue 5 | P1: Clue 6 | Q1: Clue 7 | R1: Ingredients | S1: Non-ingredient hints | T1: Giveaway clues (shown last) | U1: Glass / serve | V1: Clue count | W1: Puzzle ready | X1: Global mode | Y1: India mode | Z1: Country mode | AA1: Origin note | AB1: Image search (Wikimedia) | AC1: Image URL | AD1: Image licence | AE1: Image credit | AF1: Status
A2: B0001 | B2: Mojito | D2: Cuba | F2: Americas | G2: Caribbean | H2: Cocktail | I2: Yes | J2: 1 | K2: ice | L2: soda water | M2: sugar | N2: lime | O2: white rum | P2: mint | R2: ice; soda water; sugar; lime; white rum; mint | U2: Highball | V2: 6 | W2: Yes | X2: Yes | Y2: No | Z2: Yes | AB2: https://commons.wikimedia.org/w/index.php?search=Mojito+drink&title=Special:MediaSearch&type=image | AF2: Draft - editorial check
A3: B0002 | B3: Margarita | D3: Mexico | F3: Americas | G3: North America | H3: Cocktail | I3: Yes | J3: 1 | K3: ice | L3: salt rim | M3: lime | N3: triple sec | O3: tequila | R3: ice; lime; triple sec; tequila | S3: Vessel / serve: salt rim | U3: Coupe or margarita glass | V3: 5 | W3: Yes | X3: Yes | Y3: No | Z3: Yes | AB3: https://commons.wikimedia.org/w/index.php?search=Margarita+drink&title=Special:MediaSearch&type=image | AF3: Draft - editorial check
A4: B0003 | B4: Piña Colada | D4: Puerto Rico | F4: Americas | G4: Caribbean | H4: Cocktail | I4: Yes | J4: 1 | K4: ice | L4: cream of coconut | M4: white rum | N4: blended | O4: pineapple juice | R4: ice; cream of coconut; white rum; pineapple juice | S4: Technique: blended | U4: Hurricane | V4: 5 | W4: Yes | X4: Yes | Y4: No | Z4: Yes | AB4: https://commons.wikimedia.org/w/index.php?search=Pi%C3%B1a+Colada+drink&title=Special:MediaSearch&type=image | AF4: Draft - editorial check
A5: B0004 | B5: Old Fashioned | D5: United States | F5: Americas | G5: North America | H5: Cocktail | I5: Yes | J5: 1 | K5: water | L5: sugar cube | M5: orange peel | N5: angostura bitters | O5: bourbon | R5: water; sugar cube; orange peel; angostura bitters; bourbon | U5: Rocks glass | V5: 5 | W5: Yes | X5: Yes | Y5: No | Z5: Yes | AB5: https://commons.wikimedia.org/w/index.php?search=Old+Fashioned+drink&title=Special:MediaSearch&type=image | AF5: Draft - editorial check
A6: B0005 | B6: Martini | D6: United States | F6: Americas | G6: North America | H6: Cocktail | I6: Yes | J6: 1 | K6: ice | L6: stirred | M6: olives | N6: dry vermouth | O6: gin | R6: ice; olives; dry vermouth; gin | S6: Technique: stirred | U6: Martini glass | V6: 5 | W6: Yes | X6: Yes | Y6: No | Z6: Yes | AB6: https://commons.wikimedia.org/w/index.php?search=Martini+drink&title=Special:MediaSearch&type=image | AF6: Draft - editorial check
A7: B0006 | B7: Negroni | D7: Italy | F7: Europe | G7: Southern Europe | H7: Cocktail | I7: Yes | J7: 1 | K7: ice | L7: orange peel | M7: sweet vermouth | N7: gin | O7: campari | R7: ice; orange peel; sweet vermouth; gin; campari | U7: Rocks glass | V7: 5 | W7: Yes | X7: Yes | Y7: No | Z7: Yes | AB7: https://commons.wikimedia.org/w/index.php?search=Negroni+drink&title=Special:MediaSearch&type=image | AF7: Draft - editorial check
A8: B0007 | B8: Cosmopolitan | D8: United States | F8: Americas | G8: North America | H8: Cocktail | I8: Yes | J8: 1 | K8: ice | L8: lime | M8: triple sec | N8: citrus vodka | O8: cranberry juice | R8: ice; lime; triple sec; citrus vodka; cranberry juice | U8: Martini glass | V8: 5 | W8: Yes | X8: Yes | Y8: No | Z8: Yes | AB8: https://commons.wikimedia.org/w/index.php?search=Cosmopolitan+drink&title=Special:MediaSearch&type=image | AF8: Draft - editorial check
A9: B0008 | B9: Daiquiri | D9: Cuba | F9: Americas | G9: Caribbean | H9: Cocktail | I9: Yes | J9: 1 | K9: ice | L9: sugar | M9: shaken | N9: lime | O9: white rum | R9: ice; sugar; lime; white rum | S9: Technique: shaken | U9: Coupe | V9: 5 | W9: Yes | X9: Yes | Y9: No | Z9: Yes | AB9: https://commons.wikimedia.org/w/index.php?search=Daiquiri+drink&title=Special:MediaSearch&type=image | AF9: Draft - editorial check
A10: B0009 | B10: Manhattan | D10: United States | F10: Americas | G10: North America | H10: Cocktail | I10: Yes | J10: 1 | K10: ice | L10: cherry | M10: angostura bitters | N10: sweet vermouth | O10: rye whiskey | R10: ice; cherry; angostura bitters; sweet vermouth; rye whiskey | U10: Coupe | V10: 5 | W10: Yes | X10: Yes | Y10: No | Z10: Yes | AB10: https://commons.wikimedia.org/w/index.php?search=Manhattan+drink&title=Special:MediaSearch&type=image | AF10: Draft - editorial check
A11: B0010 | B11: Bloody Mary | D11: France | F11: Europe | G11: Western Europe | H11: Cocktail | I11: Yes | J11: 1 | K11: celery | L11: black pepper | M11: Worcestershire sauce | N11: tabasco | O11: vodka | P11: tomato juice | R11: celery; black pepper; Worcestershire sauce; tabasco; vodka; tomato juice | U11: Highball | V11: 6 | W11: Yes | X11: Yes | Y11: No | Z11: No | AA11: Paris (Harry's New York Bar) and New York claims | AB11: https://commons.wikimedia.org/w/index.php?search=Bloody+Mary+drink&title=Special:MediaSearch&type=image | AF11: Draft - editorial check
A12: B0011 | B12: Moscow Mule | D12: United States | F12: Americas | G12: North America | H12: Cocktail | I12: Yes | J12: 1 | K12: ice | L12: lime | M12: ginger beer | N12: vodka | O12: copper mug | R12: ice; lime; ginger beer; vodka | S12: Vessel / serve: copper mug | U12: Copper mug | V12: 5 | W12: Yes | X12: Yes | Y12: No | Z12: Yes | AB12: https://commons.wikimedia.org/w/index.php?search=Moscow+Mule+drink&title=Special:MediaSearch&type=image | AF12: Draft - editorial check
A13: B0012 | B13: Whiskey Sour | D13: United States | F13: Americas | G13: North America | H13: Cocktail | I13: Yes | J13: 1 | K13: ice | L13: sugar | M13: egg white | N13: lemon | O13: whisky | R13: ice; sugar; egg white; lemon; whisky | U13: Rocks glass | V13: 5 | W13: Yes | X13: Yes | Y13: No | Z13: Yes | AB13: https://commons.wikimedia.org/w/index.php?search=Whiskey+Sour+drink&title=Special:MediaSearch&type=image | AF13: Draft - editorial check
A14: B0013 | B14: Mai Tai | D14: United States | F14: Americas | G14: North America | H14: Cocktail | I14: Yes | J14: 2 | K14: ice | L14: orgeat | M14: orange curaçao | N14: lime | O14: dark rum | R14: ice; orgeat; orange curaçao; lime; dark rum | U14: Rocks glass | V14: 5 | W14: Yes | X14: Yes | Y14: No | Z14: Yes | AB14: https://commons.wikimedia.org/w/index.php?search=Mai+Tai+drink&title=Special:MediaSearch&type=image | AF14: Draft - editorial check
A15: B0014 | B15: Long Island Iced Tea | D15: United States | F15: Americas | G15: North America | H15: Cocktail | I15: Yes | J15: 1 | K15: lemon | L15: vodka | M15: rum | N15: tequila | O15: gin | P15: cola | R15: lemon; vodka; rum; tequila; gin; cola | U15: Highball | V15: 6 | W15: Yes | X15: Yes | Y15: No | Z15: Yes | AB15: https://commons.wikimedia.org/w/index.php?search=Long+Island+Iced+Tea+drink&title=Special:MediaSearch&type=image | AF15: Draft - editorial check
A16: B0015 | B16: Aperol Spritz | D16: Italy | F16: Europe | G16: Southern Europe | H16: Cocktail | I16: Yes | J16: 1 | K16: ice | L16: orange slice | M16: soda water | N16: prosecco | O16: aperol | R16: ice; orange slice; soda water; prosecco; aperol | T16: aperol | U16: Wine glass | V16: 5 | W16: Yes | X16: Yes | Y16: No | Z16: Yes | AB16: https://commons.wikimedia.org/w/index.php?search=Aperol+Spritz+drink&title=Special:MediaSearch&type=image | AF16: Draft - editorial check
A17: B0016 | B17: Caipirinha | D17: Brazil | F17: Americas | G17: South America | H17: Cocktail | I17: Yes | J17: 1 | K17: ice | L17: sugar | M17: muddled lime | N17: cachaça | R17: ice; sugar; cachaça | S17: Technique: muddled lime | U17: Rocks glass | V17: 4 | W17: No | X17: Yes | Y17: No | Z17: Yes | AB17: https://commons.wikimedia.org/w/index.php?search=Caipirinha+drink&title=Special:MediaSearch&type=image | AF17: Draft - editorial check
A18: B0017 | B18: Pisco Sour | D18: Peru | F18: Americas | G18: South America | H18: Cocktail | I18: Yes | J18: 2 | K18: ice | L18: sugar | M18: angostura bitters | N18: egg white | O18: lime | P18: pisco | R18: ice; sugar; angostura bitters; egg white; lime; pisco | T18: pisco | U18: Coupe | V18: 6 | W18: Yes | X18: Yes | Y18: No | Z18: No | AA18: Peru and Chile both claim it | AB18: https://commons.wikimedia.org/w/index.php?search=Pisco+Sour+drink&title=Special:MediaSearch&type=image | AF18: Draft - editorial check
A19: B0018 | B19: Espresso Martini | D19: United Kingdom | F19: Europe | G19: Northern Europe | H19: Cocktail | I19: Yes | J19: 1 | K19: ice | L19: sugar | M19: coffee liqueur | N19: vodka | O19: fresh espresso | R19: ice; sugar; coffee liqueur; vodka; fresh espresso | T19: fresh espresso | U19: Martini glass | V19: 5 | W19: Yes | X19: Yes | Y19: No | Z19: Yes | AB19: https://commons.wikimedia.org/w/index.php?search=Espresso+Martini+drink&title=Special:MediaSearch&type=image | AF19: Draft - editorial check
A20: B0019 | B20: Gin and Tonic | D20: United Kingdom | F20: Europe | G20: Northern Europe | H20: Cocktail | I20: Yes | J20: 1 | K20: ice | L20: lime | M20: juniper | N20: gin | O20: tonic water | R20: ice; lime; juniper; gin; tonic water | T20: tonic water | U20: Highball or copa | V20: 5 | W20: Yes | X20: Yes | Y20: No | Z20: Yes | AB20: https://commons.wikimedia.org/w/index.php?search=Gin+and+Tonic+drink&title=Special:MediaSearch&type=image | AF20: Draft - editorial check
A21: B0020 | B21: Tom Collins | D21: United States | F21: Americas | G21: North America | H21: Cocktail | I21: Yes | J21: 2 | K21: ice | L21: sugar | M21: soda water | N21: lemon | O21: gin | R21: ice; sugar; soda water; lemon; gin | U21: Collins glass | V21: 5 | W21: Yes | X21: Yes | Y21: No | Z21: Yes | AB21: https://commons.wikimedia.org/w/index.php?search=Tom+Collins+drink&title=Special:MediaSearch&type=image | AF21: Draft - editorial check
A22: B0021 | B22: Sex on the Beach | D22: United States | F22: Americas | G22: North America | H22: Cocktail | I22: Yes | J22: 2 | K22: ice | L22: cranberry juice | M22: orange juice | N22: peach schnapps | O22: vodka | R22: ice; cranberry juice; orange juice; peach schnapps; vodka | U22: Highball | V22: 5 | W22: Yes | X22: Yes | Y22: No | Z22: Yes | AB22: https://commons.wikimedia.org/w/index.php?search=Sex+on+the+Beach+drink&title=Special:MediaSearch&type=image | AF22: Draft - editorial check
A23: B0022 | B23: Tequila Sunrise | D23: United States | F23: Americas | G23: North America | H23: Cocktail | I23: Yes | J23: 1 | K23: ice | L23: orange juice | M23: layered | N23: grenadine | O23: tequila | R23: ice; orange juice; grenadine; tequila | S23: Technique: layered | T23: tequila | U23: Highball | V23: 5 | W23: Yes | X23: Yes | Y23: No | Z23: Yes | AB23: https://commons.wikimedia.org/w/index.php?search=Tequila+Sunrise+drink&title=Special:MediaSearch&type=image | AF23: Draft - editorial check
A24: B0023 | B24: Bellini | D24: Italy | F24: Europe | G24: Southern Europe | H24: Cocktail | I24: Yes | J24: 2 | K24: chilled | L24: prosecco | M24: white peach purée | N24: Venice | R24: prosecco; white peach purée | S24: Technique: chilled; Place: Venice | U24: Flute | V24: 4 | W24: No | X24: Yes | Y24: No | Z24: Yes | AB24: https://commons.wikimedia.org/w/index.php?search=Bellini+drink&title=Special:MediaSearch&type=image | AF24: Draft - editorial check
A25: B0024 | B25: Mimosa | D25: France | F25: Europe | G25: Western Europe | H25: Cocktail | I25: Yes | J25: 1 | K25: chilled | L25: brunch | M25: sparkling wine | N25: orange juice | R25: sparkling wine; orange juice | S25: Technique: chilled; Occasion: brunch | U25: Flute | V25: 4 | W25: No | X25: Yes | Y25: No | Z25: Yes | AB25: https://commons.wikimedia.org/w/index.php?search=Mimosa+drink&title=Special:MediaSearch&type=image | AF25: Draft - editorial check
A26: B0025 | B26: French 75 | D26: France | F26: Europe | G26: Western Europe | H26: Cocktail | I26: Yes | J26: 2 | K26: ice | L26: sugar | M26: lemon | N26: gin | O26: champagne | R26: ice; sugar; lemon; gin; champagne | U26: Flute | V26: 5 | W26: Yes | X26: Yes | Y26: No | Z26: Yes | AB26: https://commons.wikimedia.org/w/index.php?search=French+75+drink&title=Special:MediaSearch&type=image | AF26: Draft - editorial check
A27: B0026 | B27: Sidecar | D27: France | F27: Europe | G27: Western Europe | H27: Cocktail | I27: Yes | J27: 2 | K27: ice | L27: sugar rim | M27: lemon | N27: triple sec | O27: cognac | R27: ice; lemon; triple sec; cognac | S27: Vessel / serve: sugar rim | U27: Coupe | V27: 5 | W27: Yes | X27: Yes | Y27: No | Z27: Yes | AB27: https://commons.wikimedia.org/w/index.php?search=Sidecar+drink&title=Special:MediaSearch&type=image | AF27: Draft - editorial check
A28: B0027 | B28: Gimlet | D28: United Kingdom | F28: Europe | G28: Northern Europe | H28: Cocktail | I28: Yes | J28: 2 | K28: ice | L28: shaken | M28: lime cordial | N28: gin | R28: ice; lime cordial; gin | S28: Technique: shaken | U28: Coupe | V28: 4 | W28: No | X28: Yes | Y28: No | Z28: Yes | AB28: https://commons.wikimedia.org/w/index.php?search=Gimlet+drink&title=Special:MediaSearch&type=image | AF28: Draft - editorial check
A29: B0028 | B29: Dark 'n' Stormy | D29: Bermuda | F29: Americas | G29: North America | H29: Cocktail | I29: Yes | J29: 2 | K29: ice | L29: lime | M29: ginger beer | N29: dark rum | R29: ice; lime; ginger beer; dark rum | T29: dark rum | U29: Highball | V29: 4 | W29: No | X29: Yes | Y29: No | Z29: Yes | AB29: https://commons.wikimedia.org/w/index.php?search=Dark+%27n%27+Stormy+drink&title=Special:MediaSearch&type=image | AF29: Draft - editorial check
A30: B0029 | B30: Paloma | D30: Mexico | F30: Americas | G30: North America | H30: Cocktail | I30: Yes | J30: 2 | K30: ice | L30: salt | M30: lime | N30: grapefruit soda | O30: tequila | R30: ice; salt; lime; grapefruit soda; tequila | U30: Highball | V30: 5 | W30: Yes | X30: Yes | Y30: No | Z30: Yes | AB30: https://commons.wikimedia.org/w/index.php?search=Paloma+drink&title=Special:MediaSearch&type=image | AF30: Draft - editorial check
A31: B0030 | B31: White Russian | D31: Belgium | F31: Europe | G31: Western Europe | H31: Cocktail | I31: Yes | J31: 2 | K31: ice | L31: cream | M31: coffee liqueur | N31: vodka | R31: ice; cream; coffee liqueur; vodka | U31: Rocks glass | V31: 4 | W31: No | X31: Yes | Y31: No | Z31: Yes | AB31: https://commons.wikimedia.org/w/index.php?search=White+Russian+drink&title=Special:MediaSearch&type=image | AF31: Draft - editorial check
A32: B0031 | B32: Black Russian | D32: Belgium | F32: Europe | G32: Western Europe | H32: Cocktail | I32: Yes | J32: 3 | K32: ice | L32: stirred | M32: coffee liqueur | N32: vodka | R32: ice; coffee liqueur; vodka | S32: Technique: stirred | U32: Rocks glass | V32: 4 | W32: No | X32: Yes | Y32: No | Z32: Yes | AB32: https://commons.wikimedia.org/w/index.php?search=Black+Russian+drink&title=Special:MediaSearch&type=image | AF32: Draft - editorial check
A33: B0032 | B33: Irish Coffee | D33: Ireland | F33: Europe | G33: Northern Europe | H33: Cocktail | I33: Yes | J33: 2 | K33: brown sugar | L33: hot coffee | M33: cream float | N33: irish whiskey | R33: brown sugar; hot coffee; cream float; irish whiskey | T33: irish whiskey | U33: Irish coffee glass | V33: 4 | W33: No | X33: Yes | Y33: No | Z33: Yes | AB33: https://commons.wikimedia.org/w/index.php?search=Irish+Coffee+drink&title=Special:MediaSearch&type=image | AF33: Draft - editorial check
A34: B0033 | B34: Mint Julep | D34: United States | F34: Americas | G34: North America | H34: Cocktail | I34: Yes | J34: 2 | K34: crushed ice | L34: sugar | M34: bourbon | N34: silver cup | O34: mint | R34: crushed ice; sugar; bourbon; mint | S34: Vessel / serve: silver cup | T34: mint | U34: Julep cup | V34: 5 | W34: Yes | X34: Yes | Y34: No | Z34: Yes | AB34: https://commons.wikimedia.org/w/index.php?search=Mint+Julep+drink&title=Special:MediaSearch&type=image | AF34: Draft - editorial check
A35: B0034 | B35: Sazerac | D35: United States | F35: Americas | G35: North America | H35: Cocktail | I35: Yes | J35: 3 | K35: sugar cube | L35: lemon peel | M35: peychaud's bitters | N35: absinthe rinse | O35: rye whiskey | R35: sugar cube; lemon peel; peychaud's bitters; absinthe rinse; rye whiskey | U35: Rocks glass | V35: 5 | W35: Yes | X35: Yes | Y35: No | Z35: Yes | AB35: https://commons.wikimedia.org/w/index.php?search=Sazerac+drink&title=Special:MediaSearch&type=image | AF35: Draft - editorial check
A36: B0035 | B36: Boulevardier | D36: France | F36: Europe | G36: Western Europe | H36: Cocktail | I36: Yes | J36: 3 | K36: ice | L36: orange peel | M36: sweet vermouth | N36: campari | O36: bourbon | R36: ice; orange peel; sweet vermouth; campari; bourbon | U36: Rocks glass | V36: 5 | W36: Yes | X36: Yes | Y36: No | Z36: Yes | AB36: https://commons.wikimedia.org/w/index.php?search=Boulevardier+drink&title=Special:MediaSearch&type=image | AF36: Draft - editorial check
A37: B0036 | B37: Americano | D37: Italy | F37: Europe | G37: Southern Europe | H37: Cocktail | I37: Yes | J37: 3 | K37: ice | L37: orange slice | M37: soda water | N37: sweet vermouth | O37: campari | R37: ice; orange slice; soda water; sweet vermouth; campari | U37: Highball | V37: 5 | W37: Yes | X37: Yes | Y37: No | Z37: Yes | AB37: https://commons.wikimedia.org/w/index.php?search=Americano+drink&title=Special:MediaSearch&type=image | AF37: Draft - editorial check
A38: B0037 | B38: Hurricane | D38: United States | F38: Americas | G38: North America | H38: Cocktail | I38: Yes | J38: 3 | K38: ice | L38: lime | M38: grenadine | N38: passion fruit | O38: dark rum | P38: New Orleans | R38: ice; lime; grenadine; passion fruit; dark rum | S38: Place: New Orleans | U38: Hurricane glass | V38: 6 | W38: Yes | X38: Yes | Y38: No | Z38: Yes | AB38: https://commons.wikimedia.org/w/index.php?search=Hurricane+drink&title=Special:MediaSearch&type=image | AF38: Draft - editorial check
A39: B0038 | B39: Zombie | D39: United States | F39: Americas | G39: North America | H39: Cocktail | I39: Yes | J39: 3 | K39: cinnamon syrup | L39: grenadine | M39: falernum | N39: lime | O39: absinthe | P39: multiple rums | R39: cinnamon syrup; grenadine; falernum; lime; absinthe | S39: Look / taste: multiple rums | U39: Tiki mug | V39: 6 | W39: Yes | X39: Yes | Y39: No | Z39: Yes | AB39: https://commons.wikimedia.org/w/index.php?search=Zombie+drink&title=Special:MediaSearch&type=image | AF39: Draft - editorial check
A40: B0039 | B40: Blue Lagoon | D40: France | F40: Europe | G40: Western Europe | H40: Cocktail | I40: Yes | J40: 2 | K40: ice | L40: lemonade | M40: vodka | N40: blue curaçao | R40: ice; lemonade; vodka; blue curaçao | T40: blue curaçao | U40: Highball | V40: 4 | W40: No | X40: Yes | Y40: No | Z40: Yes | AB40: https://commons.wikimedia.org/w/index.php?search=Blue+Lagoon+drink&title=Special:MediaSearch&type=image | AF40: Draft - editorial check
A41: B0040 | B41: Kir Royale | D41: France | F41: Europe | G41: Western Europe | H41: Cocktail | I41: Yes | J41: 3 | K41: chilled | L41: crème de cassis | M41: champagne | R41: crème de cassis; champagne | S41: Technique: chilled | U41: Flute | V41: 3 | W41: No | X41: Yes | Y41: No | Z41: Yes | AB41: https://commons.wikimedia.org/w/index.php?search=Kir+Royale+drink&title=Special:MediaSearch&type=image | AF41: Draft - editorial check
A42: B0041 | B42: Singapore Sling | D42: Singapore | F42: Asia | G42: South-Eastern Asia | H42: Cocktail | I42: Yes | J42: 2 | K42: pineapple juice | L42: grenadine | M42: benedictine | N42: cherry heering | O42: gin | P42: Raffles Hotel | R42: pineapple juice; grenadine; benedictine; cherry heering; gin | S42: Place: Raffles Hotel | U42: Hurricane glass | V42: 6 | W42: Yes | X42: Yes | Y42: No | Z42: Yes | AB42: https://commons.wikimedia.org/w/index.php?search=Singapore+Sling+drink&title=Special:MediaSearch&type=image | AF42: Draft - editorial check
A43: B0042 | B43: Caipiroska | D43: Brazil | F43: Americas | G43: South America | H43: Cocktail | I43: Yes | J43: 3 | K43: ice | L43: sugar | M43: muddled lime | N43: vodka | R43: ice; sugar; vodka | S43: Technique: muddled lime | U43: Rocks glass | V43: 4 | W43: No | X43: Yes | Y43: No | Z43: Yes | AB43: https://commons.wikimedia.org/w/index.php?search=Caipiroska+drink&title=Special:MediaSearch&type=image | AF43: Draft - editorial check
A44: B0043 | B44: Clover Club | D44: United States | F44: Americas | G44: North America | H44: Cocktail | I44: Yes | J44: 3 | K44: ice | L44: lemon | M44: egg white | N44: raspberry syrup | O44: gin | R44: ice; lemon; egg white; raspberry syrup; gin | U44: Coupe | V44: 5 | W44: Yes | X44: Yes | Y44: No | Z44: Yes | AB44: https://commons.wikimedia.org/w/index.php?search=Clover+Club+drink&title=Special:MediaSearch&type=image | AF44: Draft - editorial check
A45: B0044 | B45: Aviation | D45: United States | F45: Americas | G45: North America | H45: Cocktail | I45: Yes | J45: 3 | K45: ice | L45: lemon | M45: crème de violette | N45: maraschino | O45: gin | R45: ice; lemon; crème de violette; maraschino; gin | U45: Coupe | V45: 5 | W45: Yes | X45: Yes | Y45: No | Z45: Yes | AB45: https://commons.wikimedia.org/w/index.php?search=Aviation+drink&title=Special:MediaSearch&type=image | AF45: Draft - editorial check
A46: B0045 | B46: Last Word | D46: United States | F46: Americas | G46: North America | H46: Cocktail | I46: Yes | J46: 3 | K46: ice | L46: lime | M46: maraschino | N46: green chartreuse | O46: gin | R46: ice; lime; maraschino; green chartreuse; gin | U46: Coupe | V46: 5 | W46: Yes | X46: Yes | Y46: No | Z46: Yes | AB46: https://commons.wikimedia.org/w/index.php?search=Last+Word+drink&title=Special:MediaSearch&type=image | AF46: Draft - editorial check
A47: B0046 | B47: Penicillin | D47: United States | F47: Americas | G47: North America | H47: Cocktail | I47: Yes | J47: 3 | K47: ginger | L47: honey | M47: lemon | N47: islay scotch float | O47: blended scotch | R47: ginger; honey; lemon; islay scotch float; blended scotch | U47: Rocks glass | V47: 5 | W47: Yes | X47: Yes | Y47: No | Z47: Yes | AB47: https://commons.wikimedia.org/w/index.php?search=Penicillin+drink&title=Special:MediaSearch&type=image | AF47: Draft - editorial check
A48: B0047 | B48: Paper Plane | D48: United States | F48: Americas | G48: North America | H48: Cocktail | I48: Yes | J48: 3 | K48: ice | L48: lemon | M48: amaro nonino | N48: aperol | O48: bourbon | R48: ice; lemon; amaro nonino; aperol; bourbon | U48: Coupe | V48: 5 | W48: Yes | X48: Yes | Y48: No | Z48: Yes | AB48: https://commons.wikimedia.org/w/index.php?search=Paper+Plane+drink&title=Special:MediaSearch&type=image | AF48: Draft - editorial check
A49: B0048 | B49: Hanky Panky | D49: United Kingdom | F49: Europe | G49: Northern Europe | H49: Cocktail | I49: Yes | J49: 3 | K49: ice | L49: orange peel | M49: sweet vermouth | N49: fernet-branca | O49: gin | R49: ice; orange peel; sweet vermouth; fernet-branca; gin | U49: Coupe | V49: 5 | W49: Yes | X49: Yes | Y49: No | Z49: Yes | AB49: https://commons.wikimedia.org/w/index.php?search=Hanky+Panky+drink&title=Special:MediaSearch&type=image | AF49: Draft - editorial check
A50: B0049 | B50: Corpse Reviver No. 2 | D50: United Kingdom | F50: Europe | G50: Northern Europe | H50: Cocktail | I50: Yes | J50: 3 | K50: ice | L50: lemon | M50: lillet blanc | N50: cointreau | O50: absinthe rinse | P50: gin | R50: ice; lemon; lillet blanc; cointreau; absinthe rinse; gin | U50: Coupe | V50: 6 | W50: Yes | X50: Yes | Y50: No | Z50: Yes | AB50: https://commons.wikimedia.org/w/index.php?search=Corpse+Reviver+No.+2+drink&title=Special:MediaSearch&type=image | AF50: Draft - editorial check
A51: B0050 | B51: Vesper | D51: United Kingdom | F51: Europe | G51: Northern Europe | H51: Cocktail | I51: Yes | J51: 2 | K51: ice | L51: lemon twist | M51: lillet | N51: vodka | O51: gin | P51: James Bond | R51: ice; lemon twist; lillet; vodka; gin | S51: Occasion: James Bond | U51: Martini glass | V51: 6 | W51: Yes | X51: Yes | Y51: No | Z51: Yes | AB51: https://commons.wikimedia.org/w/index.php?search=Vesper+drink&title=Special:MediaSearch&type=image | AF51: Draft - editorial check
A52: B0051 | B52: Rob Roy | D52: United States | F52: Americas | G52: North America | H52: Cocktail | I52: Yes | J52: 3 | K52: ice | L52: cherry | M52: angostura bitters | N52: sweet vermouth | O52: scotch | R52: ice; cherry; angostura bitters; sweet vermouth; scotch | U52: Coupe | V52: 5 | W52: Yes | X52: Yes | Y52: No | Z52: Yes | AB52: https://commons.wikimedia.org/w/index.php?search=Rob+Roy+drink&title=Special:MediaSearch&type=image | AF52: Draft - editorial check
A53: B0052 | B53: Rusty Nail | D53: United Kingdom | F53: Europe | G53: Northern Europe | H53: Cocktail | I53: Yes | J53: 3 | K53: ice | L53: stirred | M53: drambuie | N53: scotch | R53: ice; drambuie; scotch | S53: Technique: stirred | U53: Rocks glass | V53: 4 | W53: No | X53: Yes | Y53: No | Z53: Yes | AB53: https://commons.wikimedia.org/w/index.php?search=Rusty+Nail+drink&title=Special:MediaSearch&type=image | AF53: Draft - editorial check
A54: B0053 | B54: Godfather | D54: Italy | F54: Europe | G54: Southern Europe | H54: Cocktail | I54: Yes | J54: 3 | K54: ice | L54: stirred | M54: amaretto | N54: scotch | R54: ice; amaretto; scotch | S54: Technique: stirred | U54: Rocks glass | V54: 4 | W54: No | X54: Yes | Y54: No | Z54: Yes | AB54: https://commons.wikimedia.org/w/index.php?search=Godfather+drink&title=Special:MediaSearch&type=image | AF54: Draft - editorial check
A55: B0054 | B55: Grasshopper | D55: United States | F55: Americas | G55: North America | H55: Cocktail | I55: Yes | J55: 3 | K55: ice | L55: cream | M55: white crème de cacao | N55: green crème de menthe | R55: ice; cream; white crème de cacao; green crème de menthe | U55: Coupe | V55: 4 | W55: No | X55: Yes | Y55: No | Z55: Yes | AB55: https://commons.wikimedia.org/w/index.php?search=Grasshopper+drink&title=Special:MediaSearch&type=image | AF55: Draft - editorial check
A56: B0055 | B56: Brandy Alexander | D56: United States | F56: Americas | G56: North America | H56: Cocktail | I56: Yes | J56: 3 | K56: nutmeg | L56: cream | M56: crème de cacao | N56: brandy | R56: nutmeg; cream; crème de cacao; brandy | T56: brandy | U56: Coupe | V56: 4 | W56: No | X56: Yes | Y56: No | Z56: Yes | AB56: https://commons.wikimedia.org/w/index.php?search=Brandy+Alexander+drink&title=Special:MediaSearch&type=image | AF56: Draft - editorial check
A57: B0056 | B57: Mudslide | D57: Cayman Islands | F57: Americas | G57: Caribbean | H57: Cocktail | I57: Yes | J57: 3 | K57: ice | L57: irish cream | M57: coffee liqueur | N57: vodka | O57: chocolate | R57: ice; irish cream; coffee liqueur; vodka; chocolate | U57: Hurricane glass | V57: 5 | W57: Yes | X57: Yes | Y57: No | Z57: Yes | AB57: https://commons.wikimedia.org/w/index.php?search=Mudslide+drink&title=Special:MediaSearch&type=image | AF57: Draft - editorial check
A58: B0057 | B58: Bramble | D58: United Kingdom | F58: Europe | G58: Northern Europe | H58: Cocktail | I58: Yes | J58: 3 | K58: crushed ice | L58: sugar | M58: lemon | N58: crème de mûre | O58: gin | R58: crushed ice; sugar; lemon; crème de mûre; gin | U58: Rocks glass | V58: 5 | W58: Yes | X58: Yes | Y58: No | Z58: Yes | AB58: https://commons.wikimedia.org/w/index.php?search=Bramble+drink&title=Special:MediaSearch&type=image | AF58: Draft - editorial check
A59: B0058 | B59: Southside | D59: United States | F59: Americas | G59: North America | H59: Cocktail | I59: Yes | J59: 3 | K59: ice | L59: sugar | M59: lime | N59: mint | O59: gin | R59: ice; sugar; lime; mint; gin | U59: Coupe | V59: 5 | W59: Yes | X59: Yes | Y59: No | Z59: Yes | AB59: https://commons.wikimedia.org/w/index.php?search=Southside+drink&title=Special:MediaSearch&type=image | AF59: Draft - editorial check
A60: B0059 | B60: Ramos Gin Fizz | D60: United States | F60: Americas | G60: North America | H60: Cocktail | I60: Yes | J60: 3 | K60: orange flower water | L60: cream | M60: egg white | N60: soda | O60: gin | P60: long shake | R60: orange flower water; cream; egg white; soda; gin | S60: Technique: long shake | U60: Collins glass | V60: 6 | W60: Yes | X60: Yes | Y60: No | Z60: Yes | AB60: https://commons.wikimedia.org/w/index.php?search=Ramos+Gin+Fizz+drink&title=Special:MediaSearch&type=image | AF60: Draft - editorial check
A61: B0060 | B61: Hemingway Daiquiri | D61: Cuba | F61: Americas | G61: Caribbean | H61: Cocktail | I61: Yes | J61: 3 | K61: ice | L61: lime | M61: grapefruit juice | N61: maraschino | O61: white rum | R61: ice; lime; grapefruit juice; maraschino; white rum | U61: Coupe | V61: 5 | W61: Yes | X61: Yes | Y61: No | Z61: Yes | AB61: https://commons.wikimedia.org/w/index.php?search=Hemingway+Daiquiri+drink&title=Special:MediaSearch&type=image | AF61: Draft - editorial check
A62: B0061 | B62: El Diablo | D62: United States | F62: Americas | G62: North America | H62: Cocktail | I62: Yes | J62: 3 | K62: ice | L62: lime | M62: ginger beer | N62: crème de cassis | O62: tequila | R62: ice; lime; ginger beer; crème de cassis; tequila | U62: Highball | V62: 5 | W62: Yes | X62: Yes | Y62: No | Z62: Yes | AB62: https://commons.wikimedia.org/w/index.php?search=El+Diablo+drink&title=Special:MediaSearch&type=image | AF62: Draft - editorial check
A63: B0062 | B63: Michelada | D63: Mexico | F63: Americas | G63: North America | H63: Cocktail | I63: Yes | J63: 2 | K63: salt rim | L63: hot sauce | M63: Worcestershire sauce | N63: lime | O63: tomato juice | P63: beer | R63: hot sauce; Worcestershire sauce; lime; tomato juice; beer | S63: Vessel / serve: salt rim | U63: Pint glass | V63: 6 | W63: Yes | X63: Yes | Y63: No | Z63: Yes | AB63: https://commons.wikimedia.org/w/index.php?search=Michelada+drink&title=Special:MediaSearch&type=image | AF63: Draft - editorial check
A64: B0063 | B64: Sangria | D64: Spain | F64: Europe | G64: Southern Europe | H64: Cocktail | I64: Yes | J64: 1 | K64: cinnamon | L64: sugar | M64: orange | N64: apple | O64: brandy | P64: red wine | R64: cinnamon; sugar; orange; apple; brandy; red wine | U64: Pitcher | V64: 6 | W64: Yes | X64: Yes | Y64: No | Z64: Yes | AB64: https://commons.wikimedia.org/w/index.php?search=Sangria+drink&title=Special:MediaSearch&type=image | AF64: Draft - editorial check
A65: B0064 | B65: Tinto de Verano | D65: Spain | F65: Europe | G65: Southern Europe | H65: Cocktail | I65: Yes | J65: 3 | K65: ice | L65: lemon slice | M65: lemon soda | N65: red wine | R65: ice; lemon slice; lemon soda; red wine | U65: Tumbler | V65: 4 | W65: No | X65: Yes | Y65: No | Z65: Yes | AB65: https://commons.wikimedia.org/w/index.php?search=Tinto+de+Verano+drink&title=Special:MediaSearch&type=image | AF65: Draft - editorial check
A66: B0065 | B66: Spritz Veneziano | D66: Italy | F66: Europe | G66: Southern Europe | H66: Cocktail | I66: Yes | J66: 3 | K66: ice | L66: olives | M66: soda | N66: prosecco | O66: select aperitivo | R66: ice; olives; soda; prosecco; select aperitivo | U66: Wine glass | V66: 5 | W66: Yes | X66: Yes | Y66: No | Z66: Yes | AB66: https://commons.wikimedia.org/w/index.php?search=Spritz+Veneziano+drink&title=Special:MediaSearch&type=image | AF66: Draft - editorial check
A67: B0066 | B67: Hugo Spritz | D67: Italy | F67: Europe | G67: Southern Europe | H67: Cocktail | I67: Yes | J67: 3 | K67: ice | L67: mint | M67: soda | N67: prosecco | O67: elderflower syrup | R67: ice; mint; soda; prosecco; elderflower syrup | U67: Wine glass | V67: 5 | W67: Yes | X67: Yes | Y67: No | Z67: Yes | AB67: https://commons.wikimedia.org/w/index.php?search=Hugo+Spritz+drink&title=Special:MediaSearch&type=image | AF67: Draft - editorial check
A68: B0067 | B68: Pimm's Cup | D68: United Kingdom | F68: Europe | G68: Northern Europe | H68: Cocktail | I68: Yes | J68: 2 | K68: cucumber | L68: strawberries | M68: mint | N68: lemonade | O68: Wimbledon | P68: pimm's no.1 | R68: cucumber; strawberries; mint; lemonade; pimm's no.1 | S68: Occasion: Wimbledon | T68: pimm's no.1 | U68: Highball | V68: 6 | W68: Yes | X68: Yes | Y68: No | Z68: Yes | AB68: https://commons.wikimedia.org/w/index.php?search=Pimm%27s+Cup+drink&title=Special:MediaSearch&type=image | AF68: Draft - editorial check
A69: B0068 | B69: Hot Toddy | D69: United Kingdom | F69: Europe | G69: Northern Europe | H69: Cocktail | I69: Yes | J69: 2 | K69: cinnamon | L69: cloves | M69: lemon | N69: honey | O69: hot water | P69: whisky | R69: cinnamon; cloves; lemon; honey; hot water; whisky | U69: Mug | V69: 6 | W69: Yes | X69: Yes | Y69: No | Z69: Yes | AB69: https://commons.wikimedia.org/w/index.php?search=Hot+Toddy+drink&title=Special:MediaSearch&type=image | AF69: Draft - editorial check
A70: B0069 | B70: Mulled Wine | C70: Glühwein | D70: Germany | F70: Europe | G70: Western Europe | H70: Cocktail | I70: Yes | J70: 1 | K70: orange | L70: star anise | M70: cloves | N70: cinnamon | O70: sugar | P70: hot red wine | R70: orange; star anise; cloves; cinnamon; sugar; hot red wine | T70: hot red wine | U70: Mug | V70: 6 | W70: Yes | X70: Yes | Y70: No | Z70: Yes | AB70: https://commons.wikimedia.org/w/index.php?search=Mulled+Wine+drink&title=Special:MediaSearch&type=image | AF70: Draft - editorial check
A71: B0070 | B71: Eggnog | D71: United States | F71: Americas | G71: North America | H71: Cocktail | I71: Yes | J71: 2 | K71: nutmeg | L71: sugar | M71: cream | N71: egg | O71: bourbon | P71: Christmas | R71: nutmeg; sugar; cream; egg; bourbon | S71: Occasion: Christmas | U71: Punch cup | V71: 6 | W71: Yes | X71: Yes | Y71: No | Z71: Yes | AB71: https://commons.wikimedia.org/w/index.php?search=Eggnog+drink&title=Special:MediaSearch&type=image | AF71: Draft - editorial check
A72: B0071 | B72: Caesar | D72: Canada | F72: Americas | G72: North America | H72: Cocktail | I72: Yes | J72: 3 | K72: celery salt rim | L72: hot sauce | M72: Worcestershire sauce | N72: vodka | O72: clamato | R72: hot sauce; Worcestershire sauce; vodka; clamato | S72: Vessel / serve: celery salt rim | U72: Highball | V72: 5 | W72: Yes | X72: Yes | Y72: No | Z72: Yes | AB72: https://commons.wikimedia.org/w/index.php?search=Caesar+drink&title=Special:MediaSearch&type=image | AF72: Draft - editorial check
A73: B0072 | B73: Pornstar Martini | D73: United Kingdom | F73: Europe | G73: Northern Europe | H73: Cocktail | I73: Yes | J73: 2 | K73: vanilla | L73: lime | M73: passoa | N73: vodka | O73: passion fruit | P73: prosecco shot | R73: vanilla; lime; passoa; vodka; passion fruit; prosecco shot | U73: Coupe | V73: 6 | W73: Yes | X73: Yes | Y73: No | Z73: Yes | AB73: https://commons.wikimedia.org/w/index.php?search=Pornstar+Martini+drink&title=Special:MediaSearch&type=image | AF73: Draft - editorial check
A74: B0073 | B74: Lychee Martini | D74: United States | F74: Americas | G74: North America | H74: Cocktail | I74: Yes | J74: 3 | K74: ice | L74: lime | M74: vodka | N74: lychee liqueur | O74: lychee | R74: ice; lime; vodka; lychee liqueur; lychee | T74: lychee liqueur; lychee | U74: Martini glass | V74: 5 | W74: Yes | X74: Yes | Y74: No | Z74: Yes | AB74: https://commons.wikimedia.org/w/index.php?search=Lychee+Martini+drink&title=Special:MediaSearch&type=image | AF74: Draft - editorial check
A75: B0074 | B75: Appletini | D75: United States | F75: Americas | G75: North America | H75: Cocktail | I75: Yes | J75: 3 | K75: ice | L75: lemon | M75: sour apple schnapps | N75: vodka | R75: ice; lemon; sour apple schnapps; vodka | U75: Martini glass | V75: 4 | W75: No | X75: Yes | Y75: No | Z75: Yes | AB75: https://commons.wikimedia.org/w/index.php?search=Appletini+drink&title=Special:MediaSearch&type=image | AF75: Draft - editorial check
A76: B0075 | B76: Bee's Knees | D76: United States | F76: Americas | G76: North America | H76: Cocktail | I76: Yes | J76: 3 | K76: ice | L76: lemon | M76: honey syrup | N76: gin | R76: ice; lemon; honey syrup; gin | U76: Coupe | V76: 4 | W76: No | X76: Yes | Y76: No | Z76: Yes | AB76: https://commons.wikimedia.org/w/index.php?search=Bee%27s+Knees+drink&title=Special:MediaSearch&type=image | AF76: Draft - editorial check
A77: B0076 | B77: Kamikaze | D77: United States | F77: Americas | G77: North America | H77: Cocktail | I77: Yes | J77: 3 | K77: ice | L77: lime | M77: triple sec | N77: vodka | R77: ice; lime; triple sec; vodka | U77: Shot glass | V77: 4 | W77: No | X77: Yes | Y77: No | Z77: Yes | AB77: https://commons.wikimedia.org/w/index.php?search=Kamikaze+drink&title=Special:MediaSearch&type=image | AF77: Draft - editorial check
A78: B0077 | B78: B-52 | D78: Canada | F78: Americas | G78: North America | H78: Cocktail | I78: Yes | J78: 2 | K78: layered | L78: grand marnier | M78: irish cream | N78: coffee liqueur | R78: grand marnier; irish cream; coffee liqueur | S78: Technique: layered | U78: Shot glass | V78: 4 | W78: No | X78: Yes | Y78: No | Z78: Yes | AB78: https://commons.wikimedia.org/w/index.php?search=B-52+drink&title=Special:MediaSearch&type=image | AF78: Draft - editorial check
A79: B0078 | B79: Jägerbomb | D79: Germany | F79: Europe | G79: Western Europe | H79: Cocktail | I79: Yes | J79: 2 | K79: dropped | L79: energy drink | M79: jägermeister | R79: energy drink; jägermeister | S79: Technique: dropped | U79: Shot in glass | V79: 3 | W79: No | X79: Yes | Y79: No | Z79: Yes | AB79: https://commons.wikimedia.org/w/index.php?search=J%C3%A4gerbomb+drink&title=Special:MediaSearch&type=image | AF79: Draft - editorial check
A80: B0079 | B80: Feni Cocktail | D80: India | E80: Pan-India | F80: Asia | G80: Southern Asia | H80: Cocktail | I80: Yes | J80: 3 | K80: ice | L80: salt | M80: lime | N80: limca | O80: Goa | P80: cashew feni | R80: ice; salt; lime; limca; cashew feni | S80: Place: Goa | T80: cashew feni | U80: Highball | V80: 6 | W80: Yes | X80: No | Y80: Yes | Z80: Yes | AB80: https://commons.wikimedia.org/w/index.php?search=Feni+Cocktail+drink&title=Special:MediaSearch&type=image | AF80: Draft - editorial check
A81: B0080 | B81: Sake | D81: Japan | F81: Asia | G81: Eastern Asia | H81: Fermented | I81: Yes | J81: 1 | K81: water | L81: koji | M81: polished | N81: fermented | O81: rice | R81: water; koji; polished; rice | S81: Technique: fermented | U81: Ochoko cup | V81: 5 | W81: Yes | X81: Yes | Y81: No | Z81: Yes | AB81: https://commons.wikimedia.org/w/index.php?search=Sake+drink&title=Special:MediaSearch&type=image | AF81: Draft - editorial check
A82: B0081 | B82: Soju | D82: South Korea | F82: Asia | G82: Eastern Asia | H82: Spirit | I82: Yes | J82: 1 | K82: water | L82: ethanol | M82: sweet potato | N82: green bottle | O82: rice | R82: water; ethanol; sweet potato; rice | S82: Vessel / serve: green bottle | U82: Shot glass | V82: 5 | W82: Yes | X82: Yes | Y82: No | Z82: Yes | AB82: https://commons.wikimedia.org/w/index.php?search=Soju+drink&title=Special:MediaSearch&type=image | AF82: Draft - editorial check
A83: B0082 | B83: Baijiu | D83: China | F83: Asia | G83: Eastern Asia | H83: Spirit | I83: Yes | J83: 2 | K83: qu | L83: sorghum | M83: fermented | N83: very strong | O83: Moutai | R83: qu; sorghum | S83: Technique: fermented; Look / taste: very strong; Place: Moutai | U83: Small cup | V83: 5 | W83: No | X83: Yes | Y83: No | Z83: Yes | AB83: https://commons.wikimedia.org/w/index.php?search=Baijiu+drink&title=Special:MediaSearch&type=image | AF83: Draft - editorial check
A84: B0083 | B84: Makgeolli | D84: South Korea | F84: Asia | G84: Eastern Asia | H84: Fermented | I84: Yes | J84: 2 | K84: water | L84: nuruk | M84: cloudy | N84: milky | O84: rice | R84: water; nuruk; rice | S84: Look / taste: cloudy; Look / taste: milky | U84: Bowl | V84: 5 | W84: Yes | X84: Yes | Y84: No | Z84: Yes | AB84: https://commons.wikimedia.org/w/index.php?search=Makgeolli+drink&title=Special:MediaSearch&type=image | AF84: Draft - editorial check
A85: B0084 | B85: Tequila | D85: Mexico | F85: Americas | G85: North America | H85: Spirit | I85: Yes | J85: 1 | K85: salt | L85: lime | M85: distilled | N85: agave | O85: Jalisco | R85: salt; lime; agave | S85: Technique: distilled; Place: Jalisco | U85: Shot glass | V85: 5 | W85: Yes | X85: Yes | Y85: No | Z85: Yes | AB85: https://commons.wikimedia.org/w/index.php?search=Tequila+drink&title=Special:MediaSearch&type=image | AF85: Draft - editorial check
A86: B0085 | B86: Mezcal | D86: Mexico | F86: Americas | G86: North America | H86: Spirit | I86: Yes | J86: 2 | K86: orange | L86: sal de gusano | M86: smoky | N86: roasted | O86: agave | P86: Oaxaca | R86: orange; sal de gusano; agave | S86: Look / taste: smoky; Technique: roasted; Place: Oaxaca | U86: Copita | V86: 6 | W86: Yes | X86: Yes | Y86: No | Z86: Yes | AB86: https://commons.wikimedia.org/w/index.php?search=Mezcal+drink&title=Special:MediaSearch&type=image | AF86: Draft - editorial check
A87: B0086 | B87: Pisco | D87: Peru | F87: Americas | G87: South America | H87: Spirit | I87: Yes | J87: 2 | K87: grapes | L87: distilled | M87: clear | N87: brandy | O87: Peru and Chile | R87: grapes; brandy | S87: Technique: distilled; Look / taste: clear; Place: Peru and Chile | U87: Small glass | V87: 5 | W87: No | X87: Yes | Y87: No | Z87: No | AA87: Peru and Chile both claim it | AB87: https://commons.wikimedia.org/w/index.php?search=Pisco+drink&title=Special:MediaSearch&type=image | AF87: Draft - editorial check
A88: B0087 | B88: Cachaça | D88: Brazil | F88: Americas | G88: South America | H88: Spirit | I88: Yes | J88: 3 | K88: distilled | L88: fresh | M88: fermented | N88: sugarcane juice | R88: sugarcane juice | S88: Technique: distilled; Look / taste: fresh; Technique: fermented | U88: Small glass | V88: 4 | W88: No | X88: Yes | Y88: No | Z88: Yes | AB88: https://commons.wikimedia.org/w/index.php?search=Cacha%C3%A7a+drink&title=Special:MediaSearch&type=image | AF88: Draft - editorial check
A89: B0088 | B89: Ouzo | D89: Greece | F89: Europe | G89: Southern Europe | H89: Spirit | I89: Yes | J89: 2 | K89: water | L89: cloudy | M89: louche | N89: mezze | O89: anise | R89: water; anise | S89: Look / taste: cloudy; Look / taste: louche; Look / taste: mezze | U89: Small glass | V89: 5 | W89: No | X89: Yes | Y89: No | Z89: Yes | AB89: https://commons.wikimedia.org/w/index.php?search=Ouzo+drink&title=Special:MediaSearch&type=image | AF89: Draft - editorial check
A90: B0089 | B90: Raki | D90: Turkey | F90: Asia | G90: Western Asia | H90: Spirit | I90: Yes | J90: 2 | K90: water | L90: cloudy | M90: grape | N90: anise | O90: lion's milk | R90: water; grape; anise; lion's milk | S90: Look / taste: cloudy | U90: Tall thin glass | V90: 5 | W90: Yes | X90: Yes | Y90: No | Z90: Yes | AB90: https://commons.wikimedia.org/w/index.php?search=Raki+drink&title=Special:MediaSearch&type=image | AF90: Draft - editorial check
A91: B0090 | B91: Arak | D91: Lebanon | F91: Asia | G91: Western Asia | H91: Spirit | I91: Yes | J91: 3 | K91: water | L91: cloudy | M91: grape | N91: anise | R91: water; grape; anise | S91: Look / taste: cloudy | U91: Small glass | V91: 4 | W91: No | X91: Yes | Y91: No | Z91: Yes | AB91: https://commons.wikimedia.org/w/index.php?search=Arak+drink&title=Special:MediaSearch&type=image | AF91: Draft - editorial check
A92: B0091 | B92: Grappa | D92: Italy | F92: Europe | G92: Southern Europe | H92: Spirit | I92: Yes | J92: 2 | K92: distilled | L92: clear | M92: digestif | N92: grape pomace | R92: grape pomace | S92: Technique: distilled; Look / taste: clear; Look / taste: digestif | U92: Tulip glass | V92: 4 | W92: No | X92: Yes | Y92: No | Z92: Yes | AB92: https://commons.wikimedia.org/w/index.php?search=Grappa+drink&title=Special:MediaSearch&type=image | AF92: Draft - editorial check
A93: B0092 | B93: Limoncello | D93: Italy | F93: Europe | G93: Southern Europe | H93: Liqueur | I93: Yes | J93: 1 | K93: sugar | L93: alcohol | M93: chilled | N93: lemon zest | O93: Amalfi | R93: sugar; alcohol; lemon zest | S93: Technique: chilled; Place: Amalfi | U93: Chilled shot | V93: 5 | W93: Yes | X93: Yes | Y93: No | Z93: Yes | AB93: https://commons.wikimedia.org/w/index.php?search=Limoncello+drink&title=Special:MediaSearch&type=image | AF93: Draft - editorial check
A94: B0093 | B94: Absinthe | D94: Switzerland | F94: Europe | G94: Western Europe | H94: Spirit | I94: Yes | J94: 2 | K94: sugar cube | L94: slotted spoon | M94: green | N94: wormwood | O94: anise | R94: sugar cube; wormwood; anise | S94: Vessel / serve: slotted spoon; Look / taste: green | U94: Absinthe glass | V94: 5 | W94: Yes | X94: Yes | Y94: No | Z94: No | AA94: Switzerland and France | AB94: https://commons.wikimedia.org/w/index.php?search=Absinthe+drink&title=Special:MediaSearch&type=image | AF94: Draft - editorial check
A95: B0094 | B95: Calvados | D95: France | F95: Europe | G95: Western Europe | H95: Spirit | I95: Yes | J95: 3 | K95: oak | L95: aged | M95: distilled cider | N95: apple | O95: Normandy | R95: distilled cider; apple | S95: Vessel / serve: oak; Technique: aged; Place: Normandy | U95: Snifter | V95: 5 | W95: No | X95: Yes | Y95: No | Z95: Yes | AB95: https://commons.wikimedia.org/w/index.php?search=Calvados+drink&title=Special:MediaSearch&type=image | AF95: Draft - editorial check
A96: B0095 | B96: Cognac | D96: France | F96: Europe | G96: Western Europe | H96: Spirit | I96: Yes | J96: 1 | K96: oak | L96: aged | M96: double distilled | N96: white wine | O96: Charente | R96: white wine | S96: Vessel / serve: oak; Technique: aged; Technique: double distilled; Place: Charente | U96: Snifter | V96: 5 | W96: No | X96: Yes | Y96: No | Z96: Yes | AB96: https://commons.wikimedia.org/w/index.php?search=Cognac+drink&title=Special:MediaSearch&type=image | AF96: Draft - editorial check
A97: B0096 | B97: Armagnac | D97: France | F97: Europe | G97: Western Europe | H97: Spirit | I97: Yes | J97: 3 | K97: oak | L97: aged | M97: single distilled | N97: grape brandy | O97: Gascony | R97: grape brandy | S97: Vessel / serve: oak; Technique: aged; Technique: single distilled; Place: Gascony | U97: Snifter | V97: 5 | W97: No | X97: Yes | Y97: No | Z97: Yes | AB97: https://commons.wikimedia.org/w/index.php?search=Armagnac+drink&title=Special:MediaSearch&type=image | AF97: Draft - editorial check
A98: B0097 | B98: Champagne | D98: France | F98: Europe | G98: Western Europe | H98: Wine | I98: Yes | J98: 1 | K98: yeast | L98: second fermentation | M98: bubbles | N98: grapes | O98: Reims | R98: yeast; grapes | S98: Technique: second fermentation; Look / taste: bubbles; Place: Reims | U98: Flute | V98: 5 | W98: No | X98: Yes | Y98: No | Z98: Yes | AB98: https://commons.wikimedia.org/w/index.php?search=Champagne+drink&title=Special:MediaSearch&type=image | AF98: Draft - editorial check
A99: B0098 | B99: Prosecco | D99: Italy | F99: Europe | G99: Southern Europe | H99: Wine | I99: Yes | J99: 1 | K99: tank method | L99: bubbles | M99: glera grape | N99: Veneto | R99: glera grape | S99: Technique: tank method; Look / taste: bubbles; Place: Veneto | U99: Flute | V99: 4 | W99: No | X99: Yes | Y99: No | Z99: Yes | AB99: https://commons.wikimedia.org/w/index.php?search=Prosecco+drink&title=Special:MediaSearch&type=image | AF99: Draft - editorial check
A100: B0099 | B100: Port | D100: Portugal | F100: Europe | G100: Southern Europe | H100: Wine | I100: Yes | J100: 2 | K100: grape brandy | L100: fortified | M100: sweet | N100: red wine | O100: Douro | R100: grape brandy; red wine | S100: Technique: fortified; Look / taste: sweet; Place: Douro | U100: Small glass | V100: 5 | W100: No | X100: Yes | Y100: No | Z100: Yes | AB100: https://commons.wikimedia.org/w/index.php?search=Port+drink&title=Special:MediaSearch&type=image | AF100: Draft - editorial check
...

Sheet Ingredients
A1: ID | B1: Ingredient | C1: Category | D1: Used in dishes | E1: Used in drinks | F1: Total uses | G1: Example items | H1: Top countries | I1: Image search (Wikimedia) | J1: Image URL | K1: Image licence | L1: Status
A2: I0001 | B2: absinthe | C2: Alcohol | D2: 0 | E2: 1 | F2: =D2+E2 -> 1 | G2: Zombie | H2: United States | I2: https://commons.wikimedia.org/w/index.php?search=absinthe+ingredient&title=Special:MediaSearch&type=image | L2: Draft - editorial check
A3: I0002 | B3: absinthe rinse | C3: Alcohol | D3: 0 | E3: 2 | F3: =D3+E3 -> 2 | G3: Sazerac, Corpse Reviver No. 2 | H3: United States, United Kingdom | I3: https://commons.wikimedia.org/w/index.php?search=absinthe+rinse+ingredient&title=Special:MediaSearch&type=image | L3: Draft - editorial check
A4: I0003 | B4: achar | C4: Sauces, fats & condiments | D4: 1 | E4: 0 | F4: =D4+E4 -> 1 | G4: Dal Bhat | H4: Nepal | I4: https://commons.wikimedia.org/w/index.php?search=achar+ingredient&title=Special:MediaSearch&type=image | L4: Draft - editorial check
A5: I0004 | B5: achiote | C5: Herbs, spices & aromatics | D5: 2 | E5: 0 | F5: =D5+E5 -> 2 | G5: Tacos al Pastor, Cochinita Pibil | H5: Mexico | I5: https://commons.wikimedia.org/w/index.php?search=achiote+ingredient&title=Special:MediaSearch&type=image | L5: Draft - editorial check
A6: I0005 | B6: ackee | C6: Fruit & nuts | D6: 1 | E6: 0 | F6: =D6+E6 -> 1 | G6: Ackee and Saltfish | H6: Jamaica | I6: https://commons.wikimedia.org/w/index.php?search=ackee+ingredient&title=Special:MediaSearch&type=image | L6: Draft - editorial check
A7: I0006 | B7: agave | C7: Leavening & other | D7: 0 | E7: 2 | F7: =D7+E7 -> 2 | G7: Tequila, Mezcal | H7: Mexico | I7: https://commons.wikimedia.org/w/index.php?search=agave+ingredient&title=Special:MediaSearch&type=image | L7: Draft - editorial check
A8: I0007 | B8: aioli | C8: Dairy & egg | D8: 1 | E8: 0 | F8: =D8+E8 -> 1 | G8: Patatas Bravas | H8: Spain | I8: https://commons.wikimedia.org/w/index.php?search=aioli+ingredient&title=Special:MediaSearch&type=image | L8: Draft - editorial check
A9: I0008 | B9: ajitama egg | C9: Dairy & egg | D9: 1 | E9: 0 | F9: =D9+E9 -> 1 | G9: Tonkotsu Ramen | H9: Japan | I9: https://commons.wikimedia.org/w/index.php?search=ajitama+egg+ingredient&title=Special:MediaSearch&type=image | L9: Draft - editorial check
A10: I0009 | B10: ajwain | C10: Herbs, spices & aromatics | D10: 9 | E10: 0 | F10: =D10+E10 -> 9 | G10: Amritsari Kulcha, Amritsari Fish, Gatte ki Sabzi, Fafda Jalebi, Kanda Bhaji | H10: India | I10: https://commons.wikimedia.org/w/index.php?search=ajwain+ingredient&title=Special:MediaSearch&type=image | L10: Draft - editorial check
A11: I0010 | B11: ají amarillo | C11: Herbs, spices & aromatics | D11: 2 | E11: 0 | F11: =D11+E11 -> 2 | G11: Ají de Gallina, Causa Limeña | H11: Peru | I11: https://commons.wikimedia.org/w/index.php?search=aj%C3%AD+amarillo+ingredient&title=Special:MediaSearch&type=image | L11: Draft - editorial check
A12: I0011 | B12: ají panca | C12: Herbs, spices & aromatics | D12: 1 | E12: 0 | F12: =D12+E12 -> 1 | G12: Anticuchos | H12: Peru | I12: https://commons.wikimedia.org/w/index.php?search=aj%C3%AD+panca+ingredient&title=Special:MediaSearch&type=image | L12: Draft - editorial check
A13: I0012 | B13: alcohol | C13: Alcohol | D13: 0 | E13: 1 | F13: =D13+E13 -> 1 | G13: Limoncello | H13: Italy | I13: https://commons.wikimedia.org/w/index.php?search=alcohol+ingredient&title=Special:MediaSearch&type=image | L13: Draft - editorial check
... A1485: I1484 | B1485: zucchini | C1485: Vegetables & greens | D1485: 4 | E1485: 0 | F1485: =D1485+E1485 -> 4 | G1485: Jjajangmyeon, Doenjang Jjigae, Minestrone, Ratatouille | H1485: South Korea, Italy, France | I1485: https://commons.wikimedia.org/w/index.php?search=zucchini+ingredient&title=Special:MediaSearch&type=image | L1485: Draft - editorial check

Sheet Cuisines
A1: ID | B1: Country / cuisine | C1: Continent | D1: Subregion | E1: ISO2 | F1: Dishes | G1: Drinks | H1: Total items | I1: Signature dishes (fame 1) | J1: Most common ingredients
A2: C001 | B2: Afghanistan | C2: Asia | D2: Southern Asia | E2: AF | F2: =COUNTIF(Dishes!D:D,B2) -> 3 | G2: =COUNTIF(Drinks!D:D,B2) -> 0 | H2: =F2+G2 -> 3 | J2: cumin, almond, raisins, julienned carrot, lamb, rice, onion, split peas
A3: C002 | B3: Argentina | C3: Americas | D3: South America | E3: AR | F3: =COUNTIF(Dishes!D:D,B3) -> 6 | G3: =COUNTIF(Drinks!D:D,B3) -> 1 | H3: =F3+G3 -> 7 | I3: Asado, Empanadas | J3: chimichurri, chorizo, garlic, salt, beef ribs, olives, onion, boiled egg
A4: C003 | B4: Australia | C4: Oceania | D4: Australia and New Zealand | E4: AU | F4: =COUNTIF(Dishes!D:D,B4) -> 6 | G4: =COUNTIF(Drinks!D:D,B4) -> 1 | H4: =F4+G4 -> 7 | I4: Meat Pie | J4: butter, onion, gravy, tomato sauce, pastry, minced beef, sugar, chocolate coating
A5: C004 | B5: Austria | C5: Europe | D5: Central Europe | E5: AT | F5: =COUNTIF(Dishes!D:D,B5) -> 5 | G5: =COUNTIF(Drinks!D:D,B5) -> 0 | H5: =F5+G5 -> 5 | I5: Wiener Schnitzel | J5: lemon, breadcrumbs, raisins, butter, flour, egg, potato salad, veal cutlet
A6: C005 | B6: Bangladesh | C6: Asia | D6: Southern Asia | E6: BD | F6: =COUNTIF(Dishes!D:D,B6) -> 3 | G6: =COUNTIF(Drinks!D:D,B6) -> 0 | H6: =F6+G6 -> 3 | J6: yogurt, potato, kewra, saffron, mutton, green chilli, mustard paste, hilsa
A7: C006 | B7: Belgium | C7: Europe | D7: Western Europe | E7: BE | F7: =COUNTIF(Dishes!D:D,B7) -> 3 | G7: =COUNTIF(Drinks!D:D,B7) -> 4 | H7: =F7+G7 -> 7 | I7: Belgian Waffles | J7: yeast, cream, ice, coffee liqueur, vodka, celery, white wine, shallots
A8: C007 | B8: Bermuda | C8: Americas | D8: North America | E8: BM | F8: =COUNTIF(Dishes!D:D,B8) -> 0 | G8: =COUNTIF(Drinks!D:D,B8) -> 1 | H8: =F8+G8 -> 1 | J8: ice, lime, ginger beer, dark rum
A9: C008 | B9: Bhutan | C9: Asia | D9: Southern Asia | E9: BT | F9: =COUNTIF(Dishes!D:D,B9) -> 1 | G9: =COUNTIF(Drinks!D:D,B9) -> 0 | H9: =F9+G9 -> 1 | J9: onion, tomato, red rice, cheese, green chilli
A10: C009 | B10: Bolivia | C10: Americas | D10: South America | E10: BO | F10: =COUNTIF(Dishes!D:D,B10) -> 1 | G10: =COUNTIF(Drinks!D:D,B10) -> 0 | H10: =F10+G10 -> 1 | J10: potato, peas, juicy stew, baked pastry, beef
A11: C010 | B11: Bosnia and Herzegovina | C11: Europe | D11: Southeast Europe | E11: BA | F11: =COUNTIF(Dishes!D:D,B11) -> 2 | G11: =COUNTIF(Drinks!D:D,B11) -> 0 | H11: =F11+G11 -> 2 | J11: onion, kajmak, somun bread, garlic, grilled minced meat fingers, butter, filo pastry, minced beef
A12: C011 | B12: Brazil | C12: Americas | D12: South America | E12: BR | F12: =COUNTIF(Dishes!D:D,B12) -> 8 | G12: =COUNTIF(Drinks!D:D,B12) -> 4 | H12: =F12+G12 -> 12 | I12: Feijoada, Pão de Queijo, Brigadeiro | J12: sugar, farofa, dendê oil, ice, orange slice, collard greens, pork, sausage
A13: C012 | B13: Bulgaria | C13: Europe | D13: Southeast Europe | E13: BG | F13: =COUNTIF(Dishes!D:D,B13) -> 2 | G13: =COUNTIF(Drinks!D:D,B13) -> 0 | H13: =F13+G13 -> 2 | J13: butter, yogurt, egg, filo, white cheese, onion, capsicum, cucumber
A14: C013 | B14: Cambodia | C14: Asia | D14: South-Eastern Asia | E14: KH | F14: =COUNTIF(Dishes!D:D,B14) -> 2 | G14: =COUNTIF(Drinks!D:D,B14) -> 0 | H14: =F14+G14 -> 2 | J14: kroeung paste, noni leaf, coconut custard, fish, tomato, onion, lime pepper sauce, fried egg
A15: C014 | B15: Canada | C15: Americas | D15: North America | E15: CA | F15: =COUNTIF(Dishes!D:D,B15) -> 5 | G15: =COUNTIF(Drinks!D:D,B15) -> 2 | H15: =F15+G15 -> 7 | I15: Poutine | J15: pastry, salt, fries, squeaky cheese curds, brown gravy, egg, raisins, brown sugar filling
A16: C015 | B16: Cayman Islands | C16: Americas | D16: Caribbean | E16: KY | F16: =COUNTIF(Dishes!D:D,B16) -> 0 | G16: =COUNTIF(Drinks!D:D,B16) -> 1 | H16: =F16+G16 -> 1 | J16: ice, irish cream, coffee liqueur, vodka, chocolate
A17: C016 | B17: Chile | C17: Americas | D17: South America | E17: CL | F17: =COUNTIF(Dishes!D:D,B17) -> 1 | G17: =COUNTIF(Drinks!D:D,B17) -> 1 | H17: =F17+G17 -> 2 | J17: olives, raisins, boiled egg, minced beef, sweet corn topping, cinnamon, sugar, husked wheat
A18: C017 | B18: China | C18: Asia | D18: Eastern Asia | E18: CN | F18: =COUNTIF(Dishes!D:D,B18) -> 36 | G18: =COUNTIF(Drinks!D:D,B18) -> 7 | H18: =F18+G18 -> 43 | I18: Peking Duck, Kung Pao Chicken, Mapo Tofu, Xiaolongbao, Dim Sum Har Gow, Siu Mai | J18: soy sauce, spring onion, sichuan pepper, ginger, pork, shrimp, sugar, garlic
A19: C018 | B19: Colombia | C19: Americas | D19: South America | E19: CO | F19: =COUNTIF(Dishes!D:D,B19) -> 2 | G19: =COUNTIF(Drinks!D:D,B19) -> 0 | H19: =F19+G19 -> 2 | J19: avocado, arepa, fried egg, chorizo, chicharrón, red beans, capers, cream
A20: C019 | B20: Costa Rica | C20: Americas | D20: Central America | E20: CR | F20: =COUNTIF(Dishes!D:D,B20) -> 1 | G20: =COUNTIF(Drinks!D:D,B20) -> 0 | H20: =F20+G20 -> 1 | J20: onion, capsicum, coriander, salsa lizano, black beans, rice
A21: C020 | B21: Cuba | C21: Americas | D21: Caribbean | E21: CU | F21: =COUNTIF(Dishes!D:D,B21) -> 2 | G21: =COUNTIF(Drinks!D:D,B21) -> 4 | H21: =F21+G21 -> 6 | J21: ice, lime, sugar, white rum, soda water, mint, cumin, olives
A22: C021 | B22: Czechia | C22: Europe | D22: Central Europe | E22: CZ | F22: =COUNTIF(Dishes!D:D,B22) -> 2 | G22: =COUNTIF(Drinks!D:D,B22) -> 2 | H22: =F22+G22 -> 4 | J22: carrot, celeriac, cranberries, cream sauce, knedlíky, beef sirloin, butter, sugar
A23: C022 | B23: Denmark | C23: Europe | D23: Northern Europe | E23: DK | F23: =COUNTIF(Dishes!D:D,B23) -> 2 | G23: =COUNTIF(Drinks!D:D,B23) -> 0 | H23: =F23+G23 -> 2 | J23: butter, pickled herring, egg, rye bread, yeast, custard, fruit, laminated dough
A24: C023 | B24: Egypt | C24: Africa | D24: Northern Africa | E24: EG | F24: =COUNTIF(Dishes!D:D,B24) -> 5 | G24: =COUNTIF(Drinks!D:D,B24) -> 3 | H24: =F24+G24 -> 8 | I24: Falafel, Koshari | J24: garlic, cumin, rice, coconut, milk, sugar, ice, parsley
A25: C024 | B25: El Salvador | C25: Americas | D25: Central America | E25: SV | F25: =COUNTIF(Dishes!D:D,B25) -> 1 | G25: =COUNTIF(Drinks!D:D,B25) -> 0 | H25: =F25+G25 -> 1 | J25: beans, loroco, curtido, cheese, stuffed corn cakes
A26: C025 | B26: Ethiopia | C26: Africa | D26: Eastern Africa | E26: ET | F26: =COUNTIF(Dishes!D:D,B26) -> 3 | G26: =COUNTIF(Drinks!D:D,B26) -> 1 | H26: =F26+G26 -> 4 | I26: Injera with Doro Wat | J26: onion, niter kibbeh, berbere, boiled egg, chicken, sourdough flatbread, garlic, chickpea flour
A27: C026 | B27: Fiji | C27: Oceania | D27: Melanesia | E27: FJ | F27: =COUNTIF(Dishes!D:D,B27) -> 1 | G27: =COUNTIF(Drinks!D:D,B27) -> 0 | H27: =F27+G27 -> 1 | J27: tomato, onion, chilli, lime, coconut cream, raw fish
A28: C027 | B28: Finland | C28: Europe | D28: Northern Europe | E28: FI | F28: =COUNTIF(Dishes!D:D,B28) -> 1 | G28: =COUNTIF(Drinks!D:D,B28) -> 0 | H28: =F28+G28 -> 1 | J28: egg butter, milk, rice porridge, rye crust
A29: C028 | B29: France | C29: Europe | D29: Western Europe | E29: FR | F29: =COUNTIF(Dishes!D:D,B29) -> 31 | G29: =COUNTIF(Drinks!D:D,B29) -> 11 | H29: =F29+G29 -> 42 | I29: Croissant, Coq au Vin, Boeuf Bourguignon, Ratatouille, French Onion Soup, Crème Brûlée | J29: butter, sugar, cream, garlic, yeast, thyme, ice, milk
A30: C029 | B30: Georgia | C30: Asia | D30: Western Asia | E30: GE | F30: =COUNTIF(Dishes!D:D,B30) -> 2 | G30: =COUNTIF(Drinks!D:D,B30) -> 1 | H30: =F30+G30 -> 3 | I30: Khachapuri | J30: yeast dough, butter, sulguni, egg yolk, coriander, onion, black pepper, dumpling
A31: C030 | B31: Germany | C31: Europe | D31: Western Europe | E31: DE | F31: =COUNTIF(Dishes!D:D,B31) -> 12 | G31: =COUNTIF(Drinks!D:D,B31) -> 4 | H31: =F31+G31 -> 16 | I31: Bratwurst, Currywurst, Pretzel, Black Forest Cake | J31: mustard, cloves, flour, butter, caraway, yeast, egg, sugar
A32: C031 | B32: Ghana | C32: Africa | D32: Western Africa | E32: GH | F32: =COUNTIF(Dishes!D:D,B32) -> 3 | G32: =COUNTIF(Drinks!D:D,B32) -> 1 | H32: =F32+G32 -> 4 | J32: ginger, water, soup, plantain, cassava, cayenne, salt, spiced plantain
A33: C032 | B33: Greece | C33: Europe | D33: Southern Europe | E33: GR | F33: =COUNTIF(Dishes!D:D,B33) -> 11 | G33: =COUNTIF(Drinks!D:D,B33) -> 3 | H33: =F33+G33 -> 14 | I33: Moussaka, Greek Salad, Souvlaki, Gyros, Tzatziki | J33: tomato, lemon, cinnamon, oregano, dill, béchamel, onion, cucumber
A34: C033 | B34: Hungary | C34: Europe | D34: Central Europe | E34: HU | F34: =COUNTIF(Dishes!D:D,B34) -> 5 | G34: =COUNTIF(Drinks!D:D,B34) -> 2 | H34: =F34+G34 -> 7 | I34: Goulash | J34: onion, paprika, sour cream, yeast dough, butter, caraway, capsicum, potato
A35: C034 | B35: India | C35: Asia | D35: Southern Asia | E35: IN | F35: =COUNTIF(Dishes!D:D,B35) -> 363 | G35: =COUNTIF(Drinks!D:D,B35) -> 41 | H35: =F35+G35 -> 404 | I35: Butter Chicken, Chole Bhature, Sarson da Saag, Dal Makhani, Rajma Chawal, Paneer Tikka | J35: onion, cardamom, sugar, ghee, yogurt, green chilli, tomato, garlic
A36: C035 | B36: Indonesia | C36: Asia | D36: South-Eastern Asia | E36: ID | F36: =COUNTIF(Dishes!D:D,B36) -> 10 | G36: =COUNTIF(Drinks!D:D,B36) -> 1 | H36: =F36+G36 -> 11 | I36: Satay, Rendang, Nasi Goreng, Gado-Gado | J36: lemongrass, kecap manis, tofu, turmeric, peanut sauce, shallots, sambal, egg
A37: C036 | B37: International | C37: International | F37: =COUNTIF(Dishes!D:D,B37) -> 0 | G37: =COUNTIF(Drinks!D:D,B37) -> 3 | H37: =F37+G37 -> 3 | J37: water, molasses, sugarcane, potato, grain, yeast, honey
A38: C037 | B38: Iran | C38: Asia | D38: Southern Asia | E38: IR | F38: =COUNTIF(Dishes!D:D,B38) -> 6 | G38: =COUNTIF(Drinks!D:D,B38) -> 1 | H38: =F38+G38 -> 7 | J38: yogurt, kidney beans, herbs, onion, saffron, turmeric, loomi, lamb
A39: C038 | B39: Iraq | C39: Asia | D39: Western Asia | E39: IQ | F39: =COUNTIF(Dishes!D:D,B39) -> 2 | G39: =COUNTIF(Drinks!D:D,B39) -> 0 | H39: =F39+G39 -> 2 | J39: tomato, onion, tamarind, butterflied carp, rice, minced lamb, stuffed vegetables, vine leaves
A40: C039 | B40: Ireland | C40: Europe | D40: Northern Europe | E40: IE | F40: =COUNTIF(Dishes!D:D,B40) -> 3 | G40: =COUNTIF(Drinks!D:D,B40) -> 3 | H40: =F40+G40 -> 6 | J40: thyme, onion, carrot, potato, lamb, butter, milk, spring onion
A41: C040 | B41: Israel | C41: Asia | D41: Western Asia | E41: IL | F41: =COUNTIF(Dishes!D:D,B41) -> 2 | G41: =COUNTIF(Drinks!D:D,B41) -> 1 | H41: =F41+G41 -> 3 | I41: Shakshuka | J41: cumin, garlic, paprika, capsicum, tomato, poached eggs, tahini, amba
A42: C041 | B42: Italy | C42: Europe | D42: Southern Europe | E42: IT | F42: =COUNTIF(Dishes!D:D,B42) -> 35 | G42: =COUNTIF(Drinks!D:D,B42) -> 16 | H42: =F42+G42 -> 51 | I42: Margherita Pizza, Spaghetti Carbonara, Lasagne, Spaghetti Bolognese, Pesto alla Genovese, Fettuccine Alfredo | J42: olive oil, tomato, parmesan, butter, basil, garlic, espresso, ice
A43: C042 | B43: Jamaica | C43: Americas | D43: Caribbean | E43: JM | F43: =COUNTIF(Dishes!D:D,B43) -> 3 | G43: =COUNTIF(Drinks!D:D,B43) -> 2 | H43: =F43+G43 -> 5 | I43: Jerk Chicken | J43: scotch bonnet, thyme, sugar, ginger, garlic, allspice, chicken, onion
A44: C043 | B44: Japan | C44: Asia | D44: Eastern Asia | E44: JP | F44: =COUNTIF(Dishes!D:D,B44) -> 34 | G44: =COUNTIF(Drinks!D:D,B44) -> 6 | H44: =F44+G44 -> 40 | I44: Sushi, Sashimi, Ramen, Tempura, Tonkatsu, Udon | J44: soy sauce, dashi, sugar, rice, spring onion, nori, cabbage, ginger
A45: C044 | B45: Jordan | C45: Asia | D45: Western Asia | E45: JO | F45: =COUNTIF(Dishes!D:D,B45) -> 1 | G45: =COUNTIF(Drinks!D:D,B45) -> 0 | H45: =F45+G45 -> 1 | J45: almond, pine nuts, rice, jameed, lamb
A46: C045 | B46: Kazakhstan | C46: Asia | D46: Central Asia | E46: KZ | F46: =COUNTIF(Dishes!D:D,B46) -> 1 | G46: =COUNTIF(Drinks!D:D,B46) -> 1 | H46: =F46+G46 -> 2 | J46: onion, broth, flat noodles, horse meat, mare's milk
A47: C046 | B47: Kenya | C47: Africa | D47: Eastern Africa | E47: KE | F47: =COUNTIF(Dishes!D:D,B47) -> 3 | G47: =COUNTIF(Drinks!D:D,B47) -> 0 | H47: =F47+G47 -> 3 | J47: salt, water, stiff porridge, white maize flour, kachumbari, ugali, goat meat, onion
A48: C047 | B48: Laos | C48: Asia | D48: South-Eastern Asia | E48: LA | F48: =COUNTIF(Dishes!D:D,B48) -> 1 | G48: =COUNTIF(Drinks!D:D,B48) -> 0 | H48: =F48+G48 -> 1 | J48: mint, fish sauce, lime, toasted rice, minced meat
A49: C048 | B49: Lebanon | C49: Asia | D49: Western Asia | E49: LB | F49: =COUNTIF(Dishes!D:D,B49) -> 7 | G49: =COUNTIF(Drinks!D:D,B49) -> 2 | H49: =F49+G49 -> 9 | I49: Hummus, Shawarma, Tabbouleh | J49: olive oil, lemon, tahini, garlic, tomato, sumac, pine nuts, chickpeas
A50: C049 | B50: Madagascar | C50: Africa | D50: Eastern Africa | E50: MG | F50: =COUNTIF(Dishes!D:D,B50) -> 1 | G50: =COUNTIF(Drinks!D:D,B50) -> 0 | H50: =F50+G50 -> 1 | J50: ginger, tomato, mixed greens, paracress, beef
A51: C050 | B51: Malaysia | C51: Asia | D51: South-Eastern Asia | E51: MY | F51: =COUNTIF(Dishes!D:D,B51) -> 6 | G51: =COUNTIF(Drinks!D:D,B51) -> 3 | H51: =F51+G51 -> 9 | I51: Nasi Lemak, Char Kway Teow, Laksa, Roti Canai | J51: bean sprouts, egg, cucumber, peanuts, boiled egg, anchovies, sambal, coconut rice
A52: C051 | B52: Mexico | C52: Americas | D52: North America | E52: MX | F52: =COUNTIF(Dishes!D:D,B52) -> 17 | G52: =COUNTIF(Drinks!D:D,B52) -> 12 | H52: =F52+G52 -> 29 | I52: Caesar Salad, Tacos al Pastor, Guacamole, Enchiladas, Tamales, Quesadilla | J52: lime, onion, ice, cinnamon, vanilla, sugar, salt, pork
A53: C052 | B53: Mongolia | C53: Asia | D53: Eastern Asia | E53: MN | F53: =COUNTIF(Dishes!D:D,B53) -> 2 | G53: =COUNTIF(Drinks!D:D,B53) -> 0 | H53: =F53+G53 -> 2 | J53: onion, garlic, mutton, flat pastry
A54: C053 | B54: Morocco | C54: Africa | D54: Northern Africa | E54: MA | F54: =COUNTIF(Dishes!D:D,B54) -> 5 | G54: =COUNTIF(Drinks!D:D,B54) -> 1 | H54: =F54+G54 -> 6 | I54: Tagine, Couscous | J54: cinnamon, lamb, chickpeas, ginger, olives, preserved lemon, carrot, turnip
A55: C054 | B55: Mozambique | C55: Africa | D55: Eastern Africa | E55: MZ | F55: =COUNTIF(Dishes!D:D,B55) -> 1 | G55: =COUNTIF(Drinks!D:D,B55) -> 0 | H55: =F55+G55 -> 1 | J55: lemon, garlic, butter, bird's eye chilli, prawns
A56: C055 | B56: Myanmar | C56: Asia | D56: South-Eastern Asia | E56: MM | F56: =COUNTIF(Dishes!D:D,B56) -> 2 | G56: =COUNTIF(Drinks!D:D,B56) -> 0 | H56: =F56+G56 -> 2 | J56: banana stem, lemongrass, chickpea fritters, fish broth, rice noodles, tomato, garlic, peanuts
A57: C056 | B57: Nepal | C57: Asia | D57: Southern Asia | E57: NP | F57: =COUNTIF(Dishes!D:D,B57) -> 3 | G57: =COUNTIF(Drinks!D:D,B57) -> 1 | H57: =F57+G57 -> 4 | I57: Dal Bhat | J57: ghee, achar, vegetable curry, lentil soup, rice, onion, timur pepper, tomato achar
A58: C057 | B58: Netherlands | C58: Europe | D58: Western Europe | E58: NL | F58: =COUNTIF(Dishes!D:D,B58) -> 4 | G58: =COUNTIF(Drinks!D:D,B58) -> 0 | H58: =F58+G58 -> 4 | J58: butter, cinnamon, thin waffles, caramel syrup, mustard, breadcrumbs, ragout, beef
A59: C058 | B59: New Zealand | C59: Oceania | D59: Australia and New Zealand | E59: NZ | F59: =COUNTIF(Dishes!D:D,B59) -> 3 | G59: =COUNTIF(Drinks!D:D,B59) -> 0 | H59: =F59+G59 -> 3 | I59: Pavlova | J59: sugar, cream, vanilla, kiwifruit, meringue, kūmara, cabbage, pork
A60: C059 | B60: Nigeria | C60: Africa | D60: Western Africa | E60: NG | F60: =COUNTIF(Dishes!D:D,B60) -> 6 | G60: =COUNTIF(Drinks!D:D,B60) -> 3 | H60: =F60+G60 -> 9 | I60: Jollof Rice | J60: onion, ginger, beef, palm oil, thyme, scotch bonnet, tomato, red pepper
A61: C060 | B61: Norway | C61: Europe | D61: Northern Europe | E61: NO | F61: =COUNTIF(Dishes!D:D,B61) -> 1 | G61: =COUNTIF(Drinks!D:D,B61) -> 1 | H61: =F61+G61 -> 2 | J61: salt, water, black peppercorns, cabbage, mutton, dill, potato, caraway
A62: C061 | B62: Pakistan | C62: Asia | D62: Southern Asia | E62: PK | F62: =COUNTIF(Dishes!D:D,B62) -> 5 | G62: =COUNTIF(Drinks!D:D,B62) -> 0 | H62: =F62+G62 -> 5 | J62: ginger, tomato, fennel, atta, bone marrow, slow-cooked beef, green chilli, black pepper
A63: C062 | B63: Palestine | C63: Asia | D63: Western Asia | E63: PS | F63: =COUNTIF(Dishes!D:D,B63) -> 3 | G63: =COUNTIF(Drinks!D:D,B63) -> 0 | H63: =F63+G63 -> 3 | J63: potato, cauliflower, aubergine, rice, chicken, onion, pine nuts, taboon bread
A64: C063 | B64: Peru | C64: Americas | D64: South America | E64: PE | F64: =COUNTIF(Dishes!D:D,B64) -> 6 | G64: =COUNTIF(Drinks!D:D,B64) -> 5 | H64: =F64+G64 -> 11 | I64: Ceviche | J64: lime, soy sauce, fries, ají amarillo, garlic, cumin, sugar, red onion
A65: C064 | B65: Philippines | C65: Asia | D65: South-Eastern Asia | E65: PH | F65: =COUNTIF(Dishes!D:D,B65) -> 10 | G65: =COUNTIF(Drinks!D:D,B65) -> 2 | H65: =F65+G65 -> 12 | I65: Adobo, Sinigang, Lechon, Halo-Halo | J65: garlic, calamansi, soy sauce, chicken, pork, lemongrass, carrot, ice
A66: C065 | B66: Poland | C66: Europe | D66: Central Europe | E66: PL | F66: =COUNTIF(Dishes!D:D,B66) -> 4 | G66: =COUNTIF(Drinks!D:D,B66) -> 0 | H66: =F66+G66 -> 4 | I66: Pierogi | J66: onion, butter, sour cream, potato, cheese, dumpling, mushroom, prunes
A67: C066 | B67: Portugal | C67: Europe | D67: Southern Europe | E67: PT | F67: =COUNTIF(Dishes!D:D,B67) -> 7 | G67: =COUNTIF(Drinks!D:D,B67) -> 2 | H67: =F67+G67 -> 9 | I67: Pastel de Nata | J67: garlic, paprika, cinnamon, sugar, egg yolk, cream, puff pastry, custard tart
A68: C067 | B68: Puerto Rico | C68: Americas | D68: Caribbean | E68: PR | F68: =COUNTIF(Dishes!D:D,B68) -> 1 | G68: =COUNTIF(Drinks!D:D,B68) -> 2 | H68: =F68+G68 -> 3 | J68: ice, pineapple juice, garlic, olive oil, pork crackling, fried green plantains, cream of coconut, white rum
A69: C068 | B69: Romania | C69: Europe | D69: Southeast Europe | E69: RO | F69: =COUNTIF(Dishes!D:D,B69) -> 2 | G69: =COUNTIF(Drinks!D:D,B69) -> 0 | H69: =F69+G69 -> 2 | J69: garlic, thyme, baking soda, mustard, grilled minced meat rolls, dill, rice, smoked bacon
A70: C069 | B70: Russia | C70: Europe | D70: Eastern Europe | E70: RU | F70: =COUNTIF(Dishes!D:D,B70) -> 6 | G70: =COUNTIF(Drinks!D:D,B70) -> 2 | H70: =F70+G70 -> 8 | I70: Beef Stroganoff, Pelmeni | J70: sour cream, onion, milk, carrot, sugar, mustard, mushroom, beef strips
A71: C070 | B71: Saudi Arabia | C71: Asia | D71: Western Asia | E71: SA | F71: =COUNTIF(Dishes!D:D,B71) -> 1 | G71: =COUNTIF(Drinks!D:D,B71) -> 0 | H71: =F71+G71 -> 1 | J71: loomi, cinnamon, tomato, baharat, chicken, rice
A72: C071 | B72: Senegal | C72: Africa | D72: Western Africa | E72: SN | F72: =COUNTIF(Dishes!D:D,B72) -> 3 | G72: =COUNTIF(Drinks!D:D,B72) -> 1 | H72: =F72+G72 -> 4 | J72: tomato, cabbage, cassava, carrot, broken rice, fish, mustard, olives
A73: C072 | B73: Serbia | C73: Europe | D73: Southeast Europe | E73: RS | F73: =COUNTIF(Dishes!D:D,B73) -> 1 | G73: =COUNTIF(Drinks!D:D,B73) -> 0 | H73: =F73+G73 -> 1 | J73: paprika, smoked meat, rice, minced pork, sour cabbage leaves
A74: C073 | B74: Singapore | C74: Asia | D74: South-Eastern Asia | E74: SG | F74: =COUNTIF(Dishes!D:D,B74) -> 5 | G74: =COUNTIF(Drinks!D:D,B74) -> 1 | H74: =F74+G74 -> 6 | I74: Hainanese Chicken Rice, Chilli Crab | J74: garlic, lime, ginger, chilli sauce, chicken-fat rice, poached chicken, egg, ketchup
A75: C074 | B75: South Africa | C75: Africa | D75: Southern Africa | E75: ZA | F75: =COUNTIF(Dishes!D:D,B75) -> 6 | G75: =COUNTIF(Drinks!D:D,B75) -> 1 | H75: =F75+G75 -> 7 | J75: curry powder, coriander seed, bay leaf, raisins, egg custard top, minced beef, potato, curry leaves
A76: C075 | B76: South Korea | C76: Asia | D76: Eastern Asia | E76: KR | F76: =COUNTIF(Dishes!D:D,B76) -> 23 | G76: =COUNTIF(Drinks!D:D,B76) -> 4 | H76: =F76+G76 -> 27 | I76: Bibimbap, Kimchi, Bulgogi, Korean Fried Chicken, Tteokbokki, Japchae | J76: garlic, sesame oil, rice, spinach, gochujang, spring onion, gochugaru, pear
A77: C076 | B77: Spain | C77: Europe | D77: Southern Europe | E77: ES | F77: =COUNTIF(Dishes!D:D,B77) -> 16 | G77: =COUNTIF(Drinks!D:D,B77) -> 4 | H77: =F77+G77 -> 20 | I77: Paella, Tortilla Española, Gazpacho, Patatas Bravas, Churros | J77: olive oil, garlic, paprika, salt, saffron, sugar, cinnamon, bomba rice
A78: C077 | B78: Sri Lanka | C78: Asia | D78: Southern Asia | E78: LK | F78: =COUNTIF(Dishes!D:D,B78) -> 5 | G78: =COUNTIF(Drinks!D:D,B78) -> 0 | H78: =F78+G78 -> 5 | J78: egg, cabbage, carrot, curry, coconut milk, fermented rice batter, frikadel, seeni sambol
A79: C078 | B79: Sweden | C79: Europe | D79: Northern Europe | E79: SE | F79: =COUNTIF(Dishes!D:D,B79) -> 5 | G79: =COUNTIF(Drinks!D:D,B79) -> 0 | H79: =F79+G79 -> 5 | I79: Swedish Meatballs, Cinnamon Bun | J79: sugar, butter, allspice, cream sauce, mashed potato, lingonberry jam, meatballs, salt
A80: C079 | B80: Switzerland | C80: Europe | D80: Western Europe | E80: CH | F80: =COUNTIF(Dishes!D:D,B80) -> 4 | G80: =COUNTIF(Drinks!D:D,B80) -> 1 | H80: =F80+G80 -> 5 | I80: Fondue | J80: white wine, garlic, kirsch, bread cubes, melted gruyère, gherkins, pickled onions, boiled potatoes
A81: C080 | B81: Syria | C81: Asia | D81: Western Asia | E81: SY | F81: =COUNTIF(Dishes!D:D,B81) -> 0 | G81: =COUNTIF(Drinks!D:D,B81) -> 1 | H81: =F81+G81 -> 1 | J81: water, sugar, apricot paste
A82: C081 | B82: Taiwan | C82: Asia | D82: Eastern Asia | E82: TW | F82: =COUNTIF(Dishes!D:D,B82) -> 0 | G82: =COUNTIF(Drinks!D:D,B82) -> 1 | H82: =F82+G82 -> 1 | J82: ice, sugar, milk, black tea, tapioca pearls
A83: C082 | B83: Tanzania | C83: Africa | D83: Eastern Africa | E83: TZ | F83: =COUNTIF(Dishes!D:D,B83) -> 1 | G83: =COUNTIF(Drinks!D:D,B83) -> 0 | H83: =F83+G83 -> 1 | J83: cumin, cardamom, cloves, beef, rice
A84: C083 | B84: Thailand | C84: Asia | D84: South-Eastern Asia | E84: TH | F84: =COUNTIF(Dishes!D:D,B84) -> 18 | G84: =COUNTIF(Drinks!D:D,B84) -> 2 | H84: =F84+G84 -> 20 | I84: Pad Thai, Tom Yum Goong, Green Curry, Massaman Curry, Som Tam, Tom Kha Gai | J84: coconut milk, fish sauce, peanuts, garlic, sugar, egg, lime leaf, chilli
A85: C084 | B85: Trinidad and Tobago | C85: Americas | D85: Caribbean | E85: TT | F85: =COUNTIF(Dishes!D:D,B85) -> 1 | G85: =COUNTIF(Drinks!D:D,B85) -> 1 | H85: =F85+G85 -> 2 | J85: cumin, tamarind, cucumber chutney, curried chickpeas, fried bara, sugar, anise, tree bark
A86: C085 | B86: Tunisia | C86: Africa | D86: Northern Africa | E86: TN | F86: =COUNTIF(Dishes!D:D,B86) -> 1 | G86: =COUNTIF(Drinks!D:D,B86) -> 0 | H86: =F86+G86 -> 1 | J86: capers, parsley, tuna, whole egg, thin pastry
A87: C086 | B87: Turkey | C87: Asia | D87: Western Asia | E87: TR | F87: =COUNTIF(Dishes!D:D,B87) -> 14 | G87: =COUNTIF(Drinks!D:D,B87) -> 4 | H87: =F87+G87 -> 18 | I87: Baklava, Döner Kebab | J87: tomato, onion, butter, pistachio, minced lamb, egg, sugar, cinnamon
A88: C087 | B88: Uganda | C88: Africa | D88: Eastern Africa | E88: UG | F88: =COUNTIF(Dishes!D:D,B88) -> 1 | G88: =COUNTIF(Drinks!D:D,B88) -> 0 | H88: =F88+G88 -> 1 | J88: onion, tomato, cabbage, omelette, chapati
A89: C088 | B89: Ukraine | C89: Europe | D89: Eastern Europe | E89: UA | F89: =COUNTIF(Dishes!D:D,B89) -> 4 | G89: =COUNTIF(Drinks!D:D,B89) -> 0 | H89: =F89+G89 -> 4 | I89: Borscht | J89: carrot, sour cream, garlic, cabbage, dill, beetroot, parsley, breadcrumbs
A90: C089 | B90: United Arab Emirates | C90: Asia | D90: Western Asia | E90: AE | F90: =COUNTIF(Dishes!D:D,B90) -> 3 | G90: =COUNTIF(Drinks!D:D,B90) -> 1 | H90: =F90+G90 -> 4 | J90: chicken, cardamom, saffron, turmeric, loomi, baharat, rice, sesame
A91: C090 | B91: United Kingdom | C91: Europe | D91: Northern Europe | E91: GB | F91: =COUNTIF(Dishes!D:D,B91) -> 18 | G91: =COUNTIF(Drinks!D:D,B91) -> 17 | H91: =F91+G91 -> 35 | I91: Fish and Chips, Full English Breakfast, Shepherd's Pie, Sunday Roast, Scones | J91: ice, gin, sugar, lemon, onion, butter, sausage, carrot
A92: C091 | B92: United States | C92: Americas | D92: North America | E92: US | F92: =COUNTIF(Dishes!D:D,B92) -> 28 | G92: =COUNTIF(Drinks!D:D,B92) -> 41 | H92: =F92+G92 -> 69 | I92: Hamburger, Hot Dog, Buffalo Wings, Mac and Cheese, BBQ Ribs, Apple Pie | J92: ice, lemon, sugar, butter, lime, gin, onion, vodka
A93: C092 | B93: Uruguay | C93: Americas | D93: South America | E93: UY | F93: =COUNTIF(Dishes!D:D,B93) -> 1 | G93: =COUNTIF(Drinks!D:D,B93) -> 0 | H93: =F93+G93 -> 1 | J93: mozzarella, ham, bacon, egg, steak sandwich
A94: C093 | B94: Uzbekistan | C94: Asia | D94: Central Asia | E94: UZ | F94: =COUNTIF(Dishes!D:D,B94) -> 3 | G94: =COUNTIF(Drinks!D:D,B94) -> 0 | H94: =F94+G94 -> 3 | I94: Plov | J94: lamb, cumin, garlic bulb, chickpeas, yellow carrot, garlic, capsicum, tomato
A95: C094 | B95: Venezuela | C95: Americas | D95: South America | E95: VE | F95: =COUNTIF(Dishes!D:D,B95) -> 2 | G95: =COUNTIF(Drinks!D:D,B95) -> 0 | H95: =F95+G95 -> 2 | I95: Arepas | J95: salt, water, butter, cheese, corn flour patties, rice, black beans, fried plantain
A96: C095 | B96: Vietnam | C96: Asia | D96: South-Eastern Asia | E96: VN | F96: =COUNTIF(Dishes!D:D,B96) -> 11 | G96: =COUNTIF(Drinks!D:D,B96) -> 2 | H96: =F96+G96 -> 13 | I96: Pho, Banh Mi, Bun Cha, Goi Cuon | J96: pork, fish sauce, rice vermicelli, bean sprouts, herbs, lettuce, shrimp, rice paper
A97: C096 | B97: Yemen | C97: Asia | D97: Western Asia | E97: YE | F97: =COUNTIF(Dishes!D:D,B97) -> 2 | G97: =COUNTIF(Drinks!D:D,B97) -> 0 | H97: =F97+G97 -> 2 | J97: cardamom, hawaij, lamb, rice, tomato, hilbeh, fenugreek froth, lamb broth

Sheet India States
A1: State / region | B1: Dishes | C1: Drinks | D1: Total items | E1: Signature dishes (fame 1) | F1: Most common ingredients
A2: Andhra Pradesh | B2: =COUNTIFS(Dishes!E:E,A2,Dishes!D:D,"India") -> 11 | C2: =COUNTIFS(Drinks!E:E,A2,Drinks!D:D,"India") -> 0 | D2: =B2+C2 -> 11 | F2: tamarind, onion, garlic, red chilli, curry leaves, cumin, mustard seeds, sorrel leaves
A3: Arunachal Pradesh | B3: =COUNTIFS(Dishes!E:E,A3,Dishes!D:D,"India") -> 1 | C3: =COUNTIFS(Drinks!E:E,A3,Drinks!D:D,"India") -> 0 | D3: =B3+C3 -> 1 | F3: water, salt, millet flour
A4: Assam | B4: =COUNTIFS(Dishes!E:E,A4,Dishes!D:D,"India") -> 4 | C4: =COUNTIFS(Drinks!E:E,A4,Drinks!D:D,"India") -> 0 | D4: =B4+C4 -> 4 | F4: mustard oil, fenugreek, elephant apple, tomato, rohu, raw papaya, pulses, banana peel ash
A5: Bihar | B5: =COUNTIFS(Dishes!E:E,A5,Dishes!D:D,"India") -> 5 | C5: =COUNTIFS(Drinks!E:E,A5,Drinks!D:D,"India") -> 1 | D5: =B5+C5 -> 6 | E5: Litti Chokha | F5: mustard oil, garlic, aubergine, potato, roasted dough balls, sattu, fennel, coconut
A6: Chhattisgarh | B6: =COUNTIFS(Dishes!E:E,A6,Dishes!D:D,"India") -> 2 | C6: =COUNTIFS(Drinks!E:E,A6,Drinks!D:D,"India") -> 0 | D6: =B6+C6 -> 2 | F6: rice flour, onion, green chilli, coriander, pancake, sesame, rice, dumpling
A7: Delhi | B7: =COUNTIFS(Dishes!E:E,A7,Dishes!D:D,"India") -> 19 | C7: =COUNTIFS(Drinks!E:E,A7,Drinks!D:D,"India") -> 1 | D7: =B7+C7 -> 20 | E7: Butter Chicken, Paneer Butter Masala, Shahi Paneer, Malai Kofta, Seekh Kebab, Nihari | F7: cream, onion, tomato, cashew, tamarind chutney, yogurt, chicken, paneer
A8: Goa | B8: =COUNTIFS(Dishes!E:E,A8,Dishes!D:D,"India") -> 9 | C8: =COUNTIFS(Drinks!E:E,A8,Drinks!D:D,"India") -> 0 | D8: =B8+C8 -> 9 | E8: Goan Fish Curry, Pork Vindaloo | F8: vinegar, garlic, tamarind, red chilli, coconut milk, nutmeg, chicken, green chilli
A9: Gujarat | B9: =COUNTIFS(Dishes!E:E,A9,Dishes!D:D,"India") -> 18 | C9: =COUNTIFS(Drinks!E:E,A9,Drinks!D:D,"India") -> 0 | D9: =B9+C9 -> 18 | E9: Dhokla, Khandvi, Thepla, Undhiyu, Dabeli, Shrikhand | F9: sugar, yogurt, gram flour, cardamom, mustard seeds, sesame, whole wheat flour, jaggery
A10: Himachal Pradesh | B10: =COUNTIFS(Dishes!E:E,A10,Dishes!D:D,"India") -> 3 | C10: =COUNTIFS(Drinks!E:E,A10,Drinks!D:D,"India") -> 0 | D10: =B10+C10 -> 3 | F10: ghee, yogurt, yeast, poppy seeds, walnuts, steamed wheat bread, cardamom, gram flour
A11: Jammu & Kashmir | B11: =COUNTIFS(Dishes!E:E,A11,Dishes!D:D,"India") -> 7 | C11: =COUNTIFS(Drinks!E:E,A11,Drinks!D:D,"India") -> 2 | D11: =B11+C11 -> 9 | E11: Rogan Josh | F11: fennel, yogurt, cardamom, dry ginger, kashmiri chilli, mutton, pounded mutton balls, cinnamon
A12: Karnataka | B12: =COUNTIFS(Dishes!E:E,A12,Dishes!D:D,"India") -> 20 | C12: =COUNTIFS(Drinks!E:E,A12,Drinks!D:D,"India") -> 0 | D12: =B12+C12 -> 20 | E12: Masala Dosa, Mysore Pak, Bisi Bele Bath | F12: ghee, semolina, curry leaves, cardamom, sugar, coconut, tamarind, byadgi chilli
A13: Kerala | B13: =COUNTIFS(Dishes!E:E,A13,Dishes!D:D,"India") -> 22 | C13: =COUNTIFS(Drinks!E:E,A13,Drinks!D:D,"India") -> 0 | D13: =B13+C13 -> 22 | E13: Appam, Aviyal, Kerala Sadya, Puttu, Idiyappam, Kerala Fish Curry | F13: curry leaves, sugar, coconut oil, cardamom, coconut, rice, coconut milk, cashew
A14: Madhya Pradesh | B14: =COUNTIFS(Dishes!E:E,A14,Dishes!D:D,"India") -> 5 | C14: =COUNTIFS(Drinks!E:E,A14,Drinks!D:D,"India") -> 0 | D14: =B14+C14 -> 5 | F14: fennel, turmeric, pomegranate, sev, jeeravan, flattened rice, mustard seeds, green chilli
A15: Maharashtra | B15: =COUNTIFS(Dishes!E:E,A15,Dishes!D:D,"India") -> 30 | C15: =COUNTIFS(Drinks!E:E,A15,Drinks!D:D,"India") -> 1 | D15: =B15+C15 -> 31 | E15: Vada Pav, Pav Bhaji, Misal Pav, Poha, Sabudana Khichdi, Puran Poli | F15: onion, green chilli, jaggery, gram flour, pav, peanuts, cumin, potato
A16: Manipur | B16: =COUNTIFS(Dishes!E:E,A16,Dishes!D:D,"India") -> 2 | C16: =COUNTIFS(Drinks!E:E,A16,Drinks!D:D,"India") -> 0 | D16: =B16+C16 -> 2 | F16: potato, king chilli, fermented fish, mashed vegetables, cardamom, sugar, milk, black rice
A17: Meghalaya | B17: =COUNTIFS(Dishes!E:E,A17,Dishes!D:D,"India") -> 1 | C17: =COUNTIFS(Drinks!E:E,A17,Drinks!D:D,"India") -> 0 | D17: =B17+C17 -> 1 | F17: turmeric, onion, black pepper, pork, red rice
A18: Mizoram | B18: =COUNTIFS(Dishes!E:E,A18,Dishes!D:D,"India") -> 1 | C18: =COUNTIFS(Drinks!E:E,A18,Drinks!D:D,"India") -> 0 | D18: =B18+C18 -> 1 | F18: spinach, bamboo shoot, pork fat, vegetables
A19: Nagaland | B19: =COUNTIFS(Dishes!E:E,A19,Dishes!D:D,"India") -> 1 | C19: =COUNTIFS(Drinks!E:E,A19,Drinks!D:D,"India") -> 0 | D19: =B19+C19 -> 1 | F19: ginger, garlic, king chilli, fermented bamboo shoot, smoked pork
A20: Odisha | B20: =COUNTIFS(Dishes!E:E,A20,Dishes!D:D,"India") -> 6 | C20: =COUNTIFS(Drinks!E:E,A20,Drinks!D:D,"India") -> 0 | D20: =B20+C20 -> 6 | E20: Chhena Poda | F20: cardamom, green chilli, sugar, chhena, ghee, cumin, raw papaya, pumpkin
A21: Pan-India | B21: =COUNTIFS(Dishes!E:E,A21,Dishes!D:D,"India") -> 85 | C21: =COUNTIFS(Drinks!E:E,A21,Drinks!D:D,"India") -> 32 | D21: =B21+C21 -> 117 | E21: Khichdi, Jeera Rice, Veg Pulao, Aloo Gobi, Bhindi Masala, Baingan Bharta | F21: onion, cardamom, sugar, tomato, milk, ghee, ginger, salt
A22: Punjab | B22: =COUNTIFS(Dishes!E:E,A22,Dishes!D:D,"India") -> 17 | C22: =COUNTIFS(Drinks!E:E,A22,Drinks!D:D,"India") -> 2 | D22: =B22+C22 -> 19 | E22: Chole Bhature, Sarson da Saag, Dal Makhani, Rajma Chawal, Paneer Tikka, Tandoori Chicken | F22: onion, ginger, yogurt, tomato, garlic, green chilli, ghee, kidney beans
A23: Rajasthan | B23: =COUNTIFS(Dishes!E:E,A23,Dishes!D:D,"India") -> 9 | C23: =COUNTIFS(Drinks!E:E,A23,Drinks!D:D,"India") -> 0 | D23: =B23+C23 -> 9 | E23: Kachori, Dal Baati Churma, Laal Maas, Gatte ki Sabzi, Pyaaz Kachori | F23: ghee, maida, fennel, yogurt, asafoetida, moong dal, sugar, lentils
A24: Sikkim | B24: =COUNTIFS(Dishes!E:E,A24,Dishes!D:D,"India") -> 4 | C24: =COUNTIFS(Drinks!E:E,A24,Drinks!D:D,"India") -> 0 | D24: =B24+C24 -> 4 | E24: Momos, Thukpa | F24: garlic, chicken, soy sauce, spring onion, dumpling, tomato, vegetables, noodles
A25: Tamil Nadu | B25: =COUNTIFS(Dishes!E:E,A25,Dishes!D:D,"India") -> 27 | C25: =COUNTIFS(Drinks!E:E,A25,Drinks!D:D,"India") -> 1 | D25: =B25+C25 -> 28 | E25: Idli, Dosa, Medu Vada, Pongal, Sambar, Rasam | F25: curry leaves, rice, black pepper, jaggery, tamarind, chicken, mustard seeds, rice flour
A26: Telangana | B26: =COUNTIFS(Dishes!E:E,A26,Dishes!D:D,"India") -> 9 | C26: =COUNTIFS(Drinks!E:E,A26,Drinks!D:D,"India") -> 1 | D26: =B26+C26 -> 10 | E26: Hyderabadi Biryani, Haleem | F26: sugar, fried onion, yogurt, mutton, ghee, sesame, peanuts, milk
A27: Tripura | B27: =COUNTIFS(Dishes!E:E,A27,Dishes!D:D,"India") -> 1 | C27: =COUNTIFS(Drinks!E:E,A27,Drinks!D:D,"India") -> 0 | D27: =B27+C27 -> 1 | F27: chilli, garlic, bamboo shoot, dried fish, berma
A28: Uttar Pradesh | B28: =COUNTIFS(Dishes!E:E,A28,Dishes!D:D,"India") -> 13 | C28: =COUNTIFS(Drinks!E:E,A28,Drinks!D:D,"India") -> 0 | D28: =B28+C28 -> 13 | E28: Lucknowi Biryani, Galouti Kebab, Korma, Kulfi | F28: saffron, sugar, ghee, cardamom, pistachio, kewra, mutton, minced mutton
A29: Uttarakhand | B29: =COUNTIFS(Dishes!E:E,A29,Dishes!D:D,"India") -> 4 | C29: =COUNTIFS(Drinks!E:E,A29,Drinks!D:D,"India") -> 0 | D29: =B29+C29 -> 4 | F29: rice paste, jakhiya, red chilli, mustard oil, potato, sugar balls, roasted khoya, brown fudge
A30: West Bengal | B30: =COUNTIFS(Dishes!E:E,A30,Dishes!D:D,"India") -> 27 | C30: =COUNTIFS(Drinks!E:E,A30,Drinks!D:D,"India") -> 0 | D30: =B30+C30 -> 27 | E30: Kosha Mangsho, Shorshe Ilish, Macher Jhol, Kolkata Biryani, Kathi Roll, Jhalmuri | F30: mustard oil, potato, green chilli, onion, ginger, turmeric, egg, cardamom

Sheet Countries
A1: Country | B1: Official name | C1: ISO2 | D1: ISO3 | E1: Region | F1: Subregion | G1: Latitude | H1: Longitude | I1: Borders (ISO3) | J1: Flag
A2: Afghanistan | B2: Islamic Republic of Afghanistan | C2: AF | D2: AFG | E2: Asia | F2: Southern Asia | G2: 33 | H2: 65 | I2: IRN, PAK, TKM, UZB, TJK, CHN | J2: 🇦🇫
A3: Albania | B3: Republic of Albania | C3: AL | D3: ALB | E3: Europe | F3: Southeast Europe | G3: 41 | H3: 20 | I3: MNE, GRC, MKD, UNK | J3: 🇦🇱
A4: Algeria | B4: People's Democratic Republic of Algeria | C4: DZ | D4: DZA | E4: Africa | F4: Northern Africa | G4: 28 | H4: 3 | I4: TUN, LBY, NER, ESH, MRT, MLI, MAR | J4: 🇩🇿
A5: American Samoa | B5: American Samoa | C5: AS | D5: ASM | E5: Oceania | F5: Polynesia | G5: -14.333333 | H5: -170 | J5: 🇦🇸
A6: Andorra | B6: Principality of Andorra | C6: AD | D6: AND | E6: Europe | F6: Southern Europe | G6: 42.5 | H6: 1.5 | I6: FRA, ESP | J6: 🇦🇩
A7: Angola | B7: Republic of Angola | C7: AO | D7: AGO | E7: Africa | F7: Middle Africa | G7: -12.5 | H7: 18.5 | I7: COG, COD, ZMB, NAM | J7: 🇦🇴
A8: Anguilla | B8: Anguilla | C8: AI | D8: AIA | E8: Americas | F8: Caribbean | G8: 18.25 | H8: -63.166667 | J8: 🇦🇮
A9: Antarctica | B9: Antarctica | C9: AQ | D9: ATA | E9: Antarctic | G9: -90 | H9: 0 | J9: 🇦🇶
A10: Antigua and Barbuda | B10: Antigua and Barbuda | C10: AG | D10: ATG | E10: Americas | F10: Caribbean | G10: 17.05 | H10: -61.8 | J10: 🇦🇬
A11: Argentina | B11: Argentine Republic | C11: AR | D11: ARG | E11: Americas | F11: South America | G11: -34 | H11: -64 | I11: BOL, BRA, CHL, PRY, URY | J11: 🇦🇷
A12: Armenia | B12: Republic of Armenia | C12: AM | D12: ARM | E12: Asia | F12: Western Asia | G12: 40 | H12: 45 | I12: AZE, GEO, IRN, TUR | J12: 🇦🇲
A13: Aruba | B13: Aruba | C13: AW | D13: ABW | E13: Americas | F13: Caribbean | G13: 12.5 | H13: -69.966667 | J13: 🇦🇼
A14: Australia | B14: Commonwealth of Australia | C14: AU | D14: AUS | E14: Oceania | F14: Australia and New Zealand | G14: -27 | H14: 133 | J14: 🇦🇺
A15: Austria | B15: Republic of Austria | C15: AT | D15: AUT | E15: Europe | F15: Central Europe | G15: 47.333333 | H15: 13.333333 | I15: CZE, DEU, HUN, ITA, LIE, SVK, SVN, CHE | J15: 🇦🇹
A16: Azerbaijan | B16: Republic of Azerbaijan | C16: AZ | D16: AZE | E16: Asia | F16: Western Asia | G16: 40.5 | H16: 47.5 | I16: ARM, GEO, IRN, RUS, TUR | J16: 🇦🇿
A17: Bahamas | B17: Commonwealth of the Bahamas | C17: BS | D17: BHS | E17: Americas | F17: Caribbean | G17: 24.25 | H17: -76 | J17: 🇧🇸
A18: Bahrain | B18: Kingdom of Bahrain | C18: BH | D18: BHR | E18: Asia | F18: Western Asia | G18: 26 | H18: 50.55 | J18: 🇧🇭
A19: Bangladesh | B19: People's Republic of Bangladesh | C19: BD | D19: BGD | E19: Asia | F19: Southern Asia | G19: 24 | H19: 90 | I19: MMR, IND | J19: 🇧🇩
A20: Barbados | B20: Barbados | C20: BB | D20: BRB | E20: Americas | F20: Caribbean | G20: 13.166667 | H20: -59.533333 | J20: 🇧🇧
A21: Belarus | B21: Republic of Belarus | C21: BY | D21: BLR | E21: Europe | F21: Eastern Europe | G21: 53 | H21: 28 | I21: LVA, LTU, POL, RUS, UKR | J21: 🇧🇾
A22: Belgium | B22: Kingdom of Belgium | C22: BE | D22: BEL | E22: Europe | F22: Western Europe | G22: 50.833333 | H22: 4 | I22: FRA, DEU, LUX, NLD | J22: 🇧🇪
A23: Belize | B23: Belize | C23: BZ | D23: BLZ | E23: Americas | F23: Central America | G23: 17.25 | H23: -88.75 | I23: GTM, MEX | J23: 🇧🇿
A24: Benin | B24: Republic of Benin | C24: BJ | D24: BEN | E24: Africa | F24: Western Africa | G24: 9.5 | H24: 2.25 | I24: BFA, NER, NGA, TGO | J24: 🇧🇯
A25: Bermuda | B25: Bermuda | C25: BM | D25: BMU | E25: Americas | F25: North America | G25: 32.333333 | H25: -64.75 | J25: 🇧🇲
A26: Bhutan | B26: Kingdom of Bhutan | C26: BT | D26: BTN | E26: Asia | F26: Southern Asia | G26: 27.5 | H26: 90.5 | I26: CHN, IND | J26: 🇧🇹
A27: Bolivia | B27: Plurinational State of Bolivia | C27: BO | D27: BOL | E27: Americas | F27: South America | G27: -17 | H27: -65 | I27: ARG, BRA, CHL, PRY, PER | J27: 🇧🇴
A28: Bosnia and Herzegovina | B28: Bosnia and Herzegovina | C28: BA | D28: BIH | E28: Europe | F28: Southeast Europe | G28: 44 | H28: 18 | I28: HRV, MNE, SRB | J28: 🇧🇦
A29: Botswana | B29: Republic of Botswana | C29: BW | D29: BWA | E29: Africa | F29: Southern Africa | G29: -22 | H29: 24 | I29: NAM, ZAF, ZMB, ZWE | J29: 🇧🇼
A30: Bouvet Island | B30: Bouvet Island | C30: BV | D30: BVT | E30: Antarctic | G30: -54.433333 | H30: 3.4 | J30: 🇧🇻
A31: Brazil | B31: Federative Republic of Brazil | C31: BR | D31: BRA | E31: Americas | F31: South America | G31: -10 | H31: -55 | I31: ARG, BOL, COL, GUF, GUY, PRY, PER, SUR, URY, VEN | J31: 🇧🇷
A32: British Indian Ocean Territory | B32: British Indian Ocean Territory | C32: IO | D32: IOT | E32: Africa | F32: Eastern Africa | G32: -6 | H32: 71.5 | J32: 🇮🇴
A33: British Virgin Islands | B33: Virgin Islands | C33: VG | D33: VGB | E33: Americas | F33: Caribbean | G33: 18.431383 | H33: -64.62305 | J33: 🇻🇬
A34: Brunei | B34: Nation of Brunei, Abode of Peace | C34: BN | D34: BRN | E34: Asia | F34: South-Eastern Asia | G34: 4.5 | H34: 114.66667 | I34: MYS | J34: 🇧🇳
A35: Bulgaria | B35: Republic of Bulgaria | C35: BG | D35: BGR | E35: Europe | F35: Southeast Europe | G35: 43 | H35: 25 | I35: GRC, MKD, ROU, SRB, TUR | J35: 🇧🇬
A36: Burkina Faso | B36: Burkina Faso | C36: BF | D36: BFA | E36: Africa | F36: Western Africa | G36: 13 | H36: -2 | I36: BEN, CIV, GHA, MLI, NER, TGO | J36: 🇧🇫
A37: Burundi | B37: Republic of Burundi | C37: BI | D37: BDI | E37: Africa | F37: Eastern Africa | G37: -3.5 | H37: 30 | I37: COD, RWA, TZA | J37: 🇧🇮
A38: Cambodia | B38: Kingdom of Cambodia | C38: KH | D38: KHM | E38: Asia | F38: South-Eastern Asia | G38: 13 | H38: 105 | I38: LAO, THA, VNM | J38: 🇰🇭
A39: Cameroon | B39: Republic of Cameroon | C39: CM | D39: CMR | E39: Africa | F39: Middle Africa | G39: 6 | H39: 12 | I39: CAF, TCD, COG, GNQ, GAB, NGA | J39: 🇨🇲
A40: Canada | B40: Canada | C40: CA | D40: CAN | E40: Americas | F40: North America | G40: 60 | H40: -95 | I40: USA | J40: 🇨🇦
A41: Cape Verde | B41: Republic of Cabo Verde | C41: CV | D41: CPV | E41: Africa | F41: Western Africa | G41: 16 | H41: -24 | J41: 🇨🇻
A42: Caribbean Netherlands | B42: Bonaire, Sint Eustatius and Saba | C42: BQ | D42: BES | E42: Americas | F42: Caribbean | G42: 12.18 | H42: -68.25
A43: Cayman Islands | B43: Cayman Islands | C43: KY | D43: CYM | E43: Americas | F43: Caribbean | G43: 19.5 | H43: -80.5 | J43: 🇰🇾
A44: Central African Republic | B44: Central African Republic | C44: CF | D44: CAF | E44: Africa | F44: Middle Africa | G44: 7 | H44: 21 | I44: CMR, TCD, COD, COG, SSD, SDN | J44: 🇨🇫
A45: Chad | B45: Republic of Chad | C45: TD | D45: TCD | E45: Africa | F45: Middle Africa | G45: 15 | H45: 19 | I45: CMR, CAF, LBY, NER, NGA, SDN | J45: 🇹🇩
A46: Chile | B46: Republic of Chile | C46: CL | D46: CHL | E46: Americas | F46: South America | G46: -30 | H46: -71 | I46: ARG, BOL, PER | J46: 🇨🇱
A47: China | B47: People's Republic of China | C47: CN | D47: CHN | E47: Asia | F47: Eastern Asia | G47: 35 | H47: 105 | I47: AFG, BTN, MMR, HKG, IND, KAZ, NPL, PRK, KGZ, LAO, MAC, MNG, PAK, RUS, TJK, VNM | J47: 🇨🇳
A48: Christmas Island | B48: Territory of Christmas Island | C48: CX | D48: CXR | E48: Oceania | F48: Australia and New Zealand | G48: -10.5 | H48: 105.66667 | J48: 🇨🇽
A49: Cocos (Keeling) Islands | B49: Territory of the Cocos (Keeling) Islands | C49: CC | D49: CCK | E49: Oceania | F49: Australia and New Zealand | G49: -12.5 | H49: 96.833333 | J49: 🇨🇨
A50: Colombia | B50: Republic of Colombia | C50: CO | D50: COL | E50: Americas | F50: South America | G50: 4 | H50: -72 | I50: BRA, ECU, PAN, PER, VEN | J50: 🇨🇴
A51: Comoros | B51: Union of the Comoros | C51: KM | D51: COM | E51: Africa | F51: Eastern Africa | G51: -12.166667 | H51: 44.25 | J51: 🇰🇲
A52: Congo | B52: Republic of the Congo | C52: CG | D52: COG | E52: Africa | F52: Middle Africa | G52: -1 | H52: 15 | I52: AGO, CMR, CAF, COD, GAB | J52: 🇨🇬
A53: Cook Islands | B53: Cook Islands | C53: CK | D53: COK | E53: Oceania | F53: Polynesia | G53: -21.233333 | H53: -159.76667 | J53: 🇨🇰
A54: Costa Rica | B54: Republic of Costa Rica | C54: CR | D54: CRI | E54: Americas | F54: Central America | G54: 10 | H54: -84 | I54: NIC, PAN | J54: 🇨🇷
A55: Croatia | B55: Republic of Croatia | C55: HR | D55: HRV | E55: Europe | F55: Southeast Europe | G55: 45.166667 | H55: 15.5 | I55: BIH, HUN, MNE, SRB, SVN | J55: 🇭🇷
A56: Cuba | B56: Republic of Cuba | C56: CU | D56: CUB | E56: Americas | F56: Caribbean | G56: 21.5 | H56: -80 | J56: 🇨🇺
A57: Curaçao | B57: Country of Curaçao | C57: CW | D57: CUW | E57: Americas | F57: Caribbean | G57: 12.116667 | H57: -68.933333 | J57: 🇨🇼
A58: Cyprus | B58: Republic of Cyprus | C58: CY | D58: CYP | E58: Europe | F58: Southern Europe | G58: 35 | H58: 33 | J58: 🇨🇾
A59: Czechia | B59: Czech Republic | C59: CZ | D59: CZE | E59: Europe | F59: Central Europe | G59: 49.75 | H59: 15.5 | I59: AUT, DEU, POL, SVK | J59: 🇨🇿
A60: DR Congo | B60: Democratic Republic of the Congo | C60: CD | D60: COD | E60: Africa | F60: Middle Africa | G60: 0 | H60: 25 | I60: AGO, BDI, CAF, COG, RWA, SSD, TZA, UGA, ZMB | J60: 🇨🇩
A61: Denmark | B61: Kingdom of Denmark | C61: DK | D61: DNK | E61: Europe | F61: Northern Europe | G61: 56 | H61: 10 | I61: DEU | J61: 🇩🇰
A62: Djibouti | B62: Republic of Djibouti | C62: DJ | D62: DJI | E62: Africa | F62: Eastern Africa | G62: 11.5 | H62: 43 | I62: ERI, ETH, SOM | J62: 🇩🇯
A63: Dominica | B63: Commonwealth of Dominica | C63: DM | D63: DMA | E63: Americas | F63: Caribbean | G63: 15.416667 | H63: -61.333333 | J63: 🇩🇲
A64: Dominican Republic | B64: Dominican Republic | C64: DO | D64: DOM | E64: Americas | F64: Caribbean | G64: 19 | H64: -70.666667 | I64: HTI | J64: 🇩🇴
A65: Ecuador | B65: Republic of Ecuador | C65: EC | D65: ECU | E65: Americas | F65: South America | G65: -2 | H65: -77.5 | I65: COL, PER | J65: 🇪🇨
A66: Egypt | B66: Arab Republic of Egypt | C66: EG | D66: EGY | E66: Africa | F66: Northern Africa | G66: 27 | H66: 30 | I66: ISR, LBY, PSE, SDN | J66: 🇪🇬
A67: El Salvador | B67: Republic of El Salvador | C67: SV | D67: SLV | E67: Americas | F67: Central America | G67: 13.833333 | H67: -88.916667 | I67: GTM, HND | J67: 🇸🇻
A68: Equatorial Guinea | B68: Republic of Equatorial Guinea | C68: GQ | D68: GNQ | E68: Africa | F68: Middle Africa | G68: 2 | H68: 10 | I68: CMR, GAB | J68: 🇬🇶
A69: Eritrea | B69: State of Eritrea | C69: ER | D69: ERI | E69: Africa | F69: Eastern Africa | G69: 15 | H69: 39 | I69: DJI, ETH, SDN | J69: 🇪🇷
A70: Estonia | B70: Republic of Estonia | C70: EE | D70: EST | E70: Europe | F70: Northern Europe | G70: 59 | H70: 26 | I70: LVA, RUS | J70: 🇪🇪
A71: Eswatini | B71: Kingdom of Eswatini | C71: SZ | D71: SWZ | E71: Africa | F71: Southern Africa | G71: -26.5 | H71: 31.5 | I71: MOZ, ZAF | J71: 🇸🇿
A72: Ethiopia | B72: Federal Democratic Republic of Ethiopia | C72: ET | D72: ETH | E72: Africa | F72: Eastern Africa | G72: 8 | H72: 38 | I72: DJI, ERI, KEN, SOM, SSD, SDN | J72: 🇪🇹
A73: Falkland Islands | B73: Falkland Islands | C73: FK | D73: FLK | E73: Americas | F73: South America | G73: -51.75 | H73: -59 | J73: 🇫🇰
A74: Faroe Islands | B74: Faroe Islands | C74: FO | D74: FRO | E74: Europe | F74: Northern Europe | G74: 62 | H74: -7 | J74: 🇫🇴
A75: Fiji | B75: Republic of Fiji | C75: FJ | D75: FJI | E75: Oceania | F75: Melanesia | G75: -18 | H75: 175 | J75: 🇫🇯
A76: Finland | B76: Republic of Finland | C76: FI | D76: FIN | E76: Europe | F76: Northern Europe | G76: 64 | H76: 26 | I76: NOR, SWE, RUS | J76: 🇫🇮
A77: France | B77: French Republic | C77: FR | D77: FRA | E77: Europe | F77: Western Europe | G77: 46 | H77: 2 | I77: AND, BEL, DEU, ITA, LUX, MCO, ESP, CHE | J77: 🇫🇷
A78: French Guiana | B78: Guiana | C78: GF | D78: GUF | E78: Americas | F78: South America | G78: 4 | H78: -53 | I78: BRA, SUR | J78: 🇬🇫
A79: French Polynesia | B79: French Polynesia | C79: PF | D79: PYF | E79: Oceania | F79: Polynesia | G79: -15 | H79: -140 | J79: 🇵🇫
A80: French Southern and Antarctic Lands | B80: Territory of the French Southern and Antarctic Lands | C80: TF | D80: ATF | E80: Antarctic | G80: -49.25 | H80: 69.167 | J80: 🇹🇫
A81: Gabon | B81: Gabonese Republic | C81: GA | D81: GAB | E81: Africa | F81: Middle Africa | G81: -1 | H81: 11.75 | I81: CMR, COG, GNQ | J81: 🇬🇦
A82: Gambia | B82: Republic of the Gambia | C82: GM | D82: GMB | E82: Africa | F82: Western Africa | G82: 13.466667 | H82: -16.566667 | I82: SEN | J82: 🇬🇲
A83: Georgia | B83: Georgia | C83: GE | D83: GEO | E83: Asia | F83: Western Asia | G83: 42 | H83: 43.5 | I83: ARM, AZE, RUS, TUR | J83: 🇬🇪
A84: Germany | B84: Federal Republic of Germany | C84: DE | D84: DEU | E84: Europe | F84: Western Europe | G84: 51 | H84: 9 | I84: AUT, BEL, CZE, DNK, FRA, LUX, NLD, POL, CHE | J84: 🇩🇪
A85: Ghana | B85: Republic of Ghana | C85: GH | D85: GHA | E85: Africa | F85: Western Africa | G85: 8 | H85: -2 | I85: BFA, CIV, TGO | J85: 🇬🇭
A86: Gibraltar | B86: Gibraltar | C86: GI | D86: GIB | E86: Europe | F86: Southern Europe | G86: 36.133333 | H86: -5.35 | I86: ESP | J86: 🇬🇮
A87: Greece | B87: Hellenic Republic | C87: GR | D87: GRC | E87: Europe | F87: Southern Europe | G87: 39 | H87: 22 | I87: ALB, BGR, TUR, MKD | J87: 🇬🇷
A88: Greenland | B88: Greenland | C88: GL | D88: GRL | E88: Americas | F88: North America | G88: 72 | H88: -40 | J88: 🇬🇱
A89: Grenada | B89: Grenada | C89: GD | D89: GRD | E89: Americas | F89: Caribbean | G89: 12.116667 | H89: -61.666667 | J89: 🇬🇩
A90: Guadeloupe | B90: Guadeloupe | C90: GP | D90: GLP | E90: Americas | F90: Caribbean | G90: 16.25 | H90: -61.583333 | J90: 🇬🇵
A91: Guam | B91: Guam | C91: GU | D91: GUM | E91: Oceania | F91: Micronesia | G91: 13.466667 | H91: 144.78333 | J91: 🇬🇺
A92: Guatemala | B92: Republic of Guatemala | C92: GT | D92: GTM | E92: Americas | F92: Central America | G92: 15.5 | H92: -90.25 | I92: BLZ, SLV, HND, MEX | J92: 🇬🇹
A93: Guernsey | B93: Bailiwick of Guernsey | C93: GG | D93: GGY | E93: Europe | F93: Northern Europe | G93: 49.466667 | H93: -2.5833333 | J93: 🇬🇬
A94: Guinea | B94: Republic of Guinea | C94: GN | D94: GIN | E94: Africa | F94: Western Africa | G94: 11 | H94: -10 | I94: CIV, GNB, LBR, MLI, SEN, SLE | J94: 🇬🇳
A95: Guinea-Bissau | B95: Republic of Guinea-Bissau | C95: GW | D95: GNB | E95: Africa | F95: Western Africa | G95: 12 | H95: -15 | I95: GIN, SEN | J95: 🇬🇼
A96: Guyana | B96: Co-operative Republic of Guyana | C96: GY | D96: GUY | E96: Americas | F96: South America | G96: 5 | H96: -59 | I96: BRA, SUR, VEN | J96: 🇬🇾
A97: Haiti | B97: Republic of Haiti | C97: HT | D97: HTI | E97: Americas | F97: Caribbean | G97: 19 | H97: -72.416667 | I97: DOM | J97: 🇭🇹
A98: Heard Island and McDonald Islands | B98: Heard Island and McDonald Islands | C98: HM | D98: HMD | E98: Antarctic | G98: -53.1 | H98: 72.516667 | J98: 🇭🇲
A99: Honduras | B99: Republic of Honduras | C99: HN | D99: HND | E99: Americas | F99: Central America | G99: 15 | H99: -86.5 | I99: GTM, SLV, NIC | J99: 🇭🇳
A100: Hong Kong | B100: Hong Kong Special Administrative Region of the People's Republic of China | C100: HK | D100: HKG | E100: Asia | F100: Eastern Asia | G100: 22.267 | H100: 114.188 | I100: CHN | J100: 🇭🇰
...

Sheet Clue Hints
A1: Hint | B1: Hint type | C1: Used by items
A2: deep fried | B2: Technique | C2: 39
A3: fermented | B3: Technique | C3: 23
A4: steamed | B4: Technique | C4: 21
A5: skewers | B5: Technique | C5: 11
A6: distilled | B6: Technique | C6: 11
A7: tandoor | B7: Vessel / serve | C7: 7
A8: layered | B8: Technique | C8: 7
A9: sweet | B9: Look / taste | C9: 7
A10: banana leaf | B10: Vessel / serve | C10: 6
A11: Indo-Chinese | B11: Community / style | C11: 6
A12: oak | B12: Vessel / serve | C12: 6
A13: fizzy | B13: Look / taste | C13: 6
... A383: phin filter | B383: Vessel / serve | C383: 1

Sheet Daily Schedule (sample)
A1: Day | B1: Date (placeholder) | C1: Weekday | D1: Global dish (ID) | E1: Global dish | F1: India dish (ID) | G1: India dish | H1: India state | I1: Drink (ID) | J1: Drink | K1: Cuisine mode clue dish (ID) | L1: Cuisine mode answer (country) | M1: State mode clue dish (ID) | N1: State mode answer
A2: 1 | B2: 2026-11-02 | C2: Monday | D2: D0786 | E2: Tamales | F2: D0103 | G2: Pork Vindaloo | H2: Goa | I2: B0160 | J2: Bubble Tea | K2: D0899 | L2: Australia | M2: D0173 | N2: Telangana
A3: 2 | B3: 2026-11-03 | C3: Tuesday | D3: D0016 | E3: Paneer Butter Masala | F3: D0356 | G3: Bonda | H3: Karnataka | I3: B0012 | J3: Whiskey Sour | K3: D0662 | L3: Austria | M3: D0040 | N3: Uttar Pradesh
A4: 3 | B4: 2026-11-04 | C4: Wednesday | D4: D0463 | E4: Panang Curry | F4: D0290 | G4: Gajar ka Halwa | H4: Pan-India | I4: B0026 | J4: Sidecar | K4: D0626 | L4: Spain | M4: D0183 | N4: Andhra Pradesh
A5: 4 | B5: 2026-11-05 | C5: Thursday | D5: D0535 | E5: Karahi Gosht | F5: D0150 | G5: Pazham Pori | H5: Kerala | I5: B0067 | J5: Pimm's Cup | K5: D0839 | L5: Lebanon | M5: D0092 | N5: Maharashtra
A6: 5 | B6: 2026-11-06 | C6: Friday | D6: D0712 | E6: Shchi | F6: D0124 | G6: Puliyodarai | H6: Tamil Nadu | I6: B0044 | J6: Aviation | K6: D0498 | L6: Indonesia | M6: D0048 | N6: Bihar
A7: 6 | B7: 2026-11-07 | C7: Saturday | D7: D0471 | E7: Pad See Ew | F7: D0173 | G7: Haleem | H7: Telangana | I7: B0085 | J7: Mezcal | K7: D0431 | L7: Japan | M7: D0039 | N7: Uttar Pradesh
A8: 7 | B8: 2026-11-08 | C8: Sunday | D8: D0305 | E8: Chicken Dum Biryani | F8: D0292 | G8: Moong Dal Halwa | H8: Pan-India | I8: B0011 | J8: Moscow Mule | K8: D0369 | L8: China | M8: D0172 | N8: Telangana
A9: 8 | B9: 2026-11-09 | C9: Monday | D9: D0781 | E9: Tacos al Pastor | F9: D0284 | G9: Bread Pakora | H9: Pan-India | I9: B0218 | J9: Virgin Mojito | K9: D0812 | L9: Brazil | M9: D0076 | N9: Maharashtra
A10: 9 | B10: 2026-11-10 | C10: Tuesday | D10: D0139 | E10: Kerala Sadya | F10: D0160 | G10: Mangalorean Fish Curry | H10: Karnataka | I10: B0005 | J10: Martini | K10: D0642 | L10: United Kingdom | M10: D0051 | N10: Rajasthan
A11: 10 | B11: 2026-11-11 | C11: Wednesday | D11: D0851 | E11: Mandi | F11: D0018 | G11: Kadai Paneer | H11: Punjab | I11: B0187 | J11: Ginger Beer | K11: D0741 | L11: Turkey | M11: D0120 | N11: Tamil Nadu
A12: 11 | B12: 2026-11-12 | C12: Thursday | D12: D0445 | E12: Samgyetang | F12: D0256 | G12: Khichdi | H12: Pan-India | I12: B0128 | J12: Kombucha | K12: D0579 | L12: Italy | M12: D0108 | N12: Goa
A13: 12 | B13: 2026-11-13 | C13: Friday | D13: D0829 | E13: Ajiaco | F13: D0069 | G13: Basundi | H13: Gujarat | I13: B0047 | J13: Paper Plane | K13: D0633 | L13: Spain | M13: D0027 | N13: Delhi
... A91: 90 | B91: 2027-01-30 | C91: Saturday | D91: D0567 | E91: Focaccia | F91: D0274 | G91: Raita | H91: Pan-India | I91: B0051 | J91: Rob Roy | K91: D0467 | L91: Thailand | M91: D0098 | N91: Maharashtra
