Workbook

Sheet README
A1: Foodle - curated content repository (v2)
A2: Prepared | B2: 16 October 2026
A3: Built from | B3: Foodle_Starter_Repository.xlsx (v1, 15 October 2026, 1,158 dishes and drinks)
A4: Status | B4: Draft. Rows still need an editorial fact check before launch. Clues and hints marked as authored in v2 were written for this version.
A6: What changed and why
A7: 1. Smaller, better-known pool | B7: Every dish and drink was scored 0-10 (see Scoring). Items below 6.5 were removed: niche items, near-duplicates and products that can't be clued well. 747 of 1,158 items stay (65%). Removed items and the reason for each are on the Removed sheet.
A8: 2. Clues that say more | B8: Basic pantry ingredients (salt, oil, ghee, onion, garlic and so on) are no longer clues. Each item now has six clues running from least to most telling, mixing specific ingredients with technique, serving and occasion details, plus one final hint sentence.
A9: 3. Pantry note for players | B9: Basic pantry isn't shown as a clue: salt, pepper, water, ice, sugar, cooking oil, ghee, flour, onion, garlic, ginger, green or red chilli, turmeric, cumin, coriander, garam masala, yeast and baking soda. Clues are the ingredients and details that make a dish what it is.
A10: Target difficulty | B10: Pick items most players recognise (aim: 60-80% of players win a daily puzzle) and give clues that let most players get there by the last clue or the final hint (aim: 75-90%).
A12: Sheets
A13: Scoring | B13: The scoring method. Weights and the cut-off are yellow input cells: change them and the Status column on All Items updates.
A14: All Items | B14: All 1,158 source items with their score, Keep/Remove status and the reason. Recognition, near-duplicate and single-ingredient columns are editorial inputs (yellow).
A15: Dishes / Drinks | B15: The kept items with their new clues (Clue 1-6), final hint, ingredient clues and mode flags. Score is looked up live from All Items.
A16: Removed | B16: Items cut from the pool, with score and reason. They can come back by raising their recognition or lowering the cut-off.
A17: Pantry | B17: The pantry list (always hidden) and the common list (used only when an item has few other clues).
A18: Summary | B18: Before/after counts by region, course, drink type, Indian state and game mode, all as live formulas.
A19: Ingredients | B19: Ingredients still used as clues, with live usage counts across the new clue columns.
A20: Cuisines / India States / Countries | B20: Reference sheets; item counts are live formulas over Dishes and Drinks.
A21: Daily Schedule (sample) | B21: A fresh 90-day sample drawn from the curated pool with the same rules as v1.
A23: How a clue row works now
A24: Clue 1 ... Clue 6 | B24: Reveal order: least telling first. Clue 1 is never a pantry staple. Clues that name part of the answer (giveaways) are always last.
A25: Final hint | B25: One sentence describing the dish without naming it. Shown after the last clue, so players who are still stuck get a fair last chance.
A26: Rebuild changes after editing | B26: Changing weights updates the Status column here. To move items between Dishes/Drinks and Removed, run packages/content/curation/build_workbook.py, which applies the same rules.
A28: Colour key
A29: Yellow cells | B29: Editorial inputs and scoring weights you can change.
A30: Blue text | B30: Hard-coded editorial values (recognition scores, weights).
A31: Green text | B31: Values looked up from another sheet.
A32: Black text | B32: Formulas or source data.
A34: Sources and licences
A35: Dish and drink content | B35: Compiled from general knowledge for the v1 draft; v2 clues and hints authored for Foodle. Check against a reference (Wikipedia/Wikidata, IBA for cocktails) before launch.
A36: Countries sheet | B36: mledoze/countries (github.com/mledoze/countries), ODbL 1.0: attribution required, share-alike applies.
A37: Images | B37: Image URL columns hold Wikimedia Commons candidates found by script (accepted licence, long edge at least 2,400 px). Status 'Candidate' means not yet reviewed by a person.

Sheet Summary
A1: Before and after
A2: v1 counts are fixed values from the source workbook. v2 counts are live formulas.
A4: Totals
A5: Items | B5: v1 (source) | C5: v2 (kept) | D5: Share kept
A6: Dishes | B6: 911 | C6: =COUNTA(Dishes!A:A)-1 -> 609 | D6: =IF(B6=0,0,C6/B6) -> 0.66849616
A7: Drinks | B7: 247 | C7: =COUNTA(Drinks!A:A)-1 -> 138 | D7: =IF(B7=0,0,C7/B7) -> 0.55870445
A8: All items | B8: 1158 | C8: =C6+C7 -> 747 | D8: =IF(B8=0,0,C8/B8) -> 0.64507772
A10: Dishes by continent
A11: Continent | B11: v1 (source) | C11: v2 (kept) | D11: Share kept
A12: Asia | B12: 590 | C12: =COUNTIF(Dishes!F:F,"Asia") -> 410 | D12: =IF(B12=0,0,C12/B12) -> 0.69491525
A13: Europe | B13: 186 | C13: =COUNTIF(Dishes!F:F,"Europe") -> 119 | D13: =IF(B13=0,0,C13/B13) -> 0.63978495
A14: Americas | B14: 86 | C14: =COUNTIF(Dishes!F:F,"Americas") -> 60 | D14: =IF(B14=0,0,C14/B14) -> 0.69767442
A15: Africa | B15: 39 | C15: =COUNTIF(Dishes!F:F,"Africa") -> 16 | D15: =IF(B15=0,0,C15/B15) -> 0.41025641
A16: Oceania | B16: 10 | C16: =COUNTIF(Dishes!F:F,"Oceania") -> 4 | D16: =IF(B16=0,0,C16/B16) -> 0.4
A17: of which India | B17: 363 | C17: =COUNTIF(Dishes!D:D,"India") -> 250 | D17: =IF(B17=0,0,C17/B17) -> 0.68870523
A19: Dishes by course
A20: Course | B20: v1 (source) | C20: v2 (kept) | D20: Share kept
A21: Main | B21: 334 | C21: =COUNTIF(Dishes!H:H,"Main") -> 221 | D21: =IF(B21=0,0,C21/B21) -> 0.66167665
A22: Snack | B22: 118 | C22: =COUNTIF(Dishes!H:H,"Snack") -> 73 | D22: =IF(B22=0,0,C22/B22) -> 0.61864407
A23: Dessert | B23: 87 | C23: =COUNTIF(Dishes!H:H,"Dessert") -> 63 | D23: =IF(B23=0,0,C23/B23) -> 0.72413793
A24: Street | B24: 67 | C24: =COUNTIF(Dishes!H:H,"Street") -> 46 | D24: =IF(B24=0,0,C24/B24) -> 0.68656716
A25: Breakfast | B25: 59 | C25: =COUNTIF(Dishes!H:H,"Breakfast") -> 48 | D25: =IF(B25=0,0,C25/B25) -> 0.81355932
A26: Soup | B26: 53 | C26: =COUNTIF(Dishes!H:H,"Soup") -> 34 | D26: =IF(B26=0,0,C26/B26) -> 0.64150943
A27: Sweet | B27: 51 | C27: =COUNTIF(Dishes!H:H,"Sweet") -> 32 | D27: =IF(B27=0,0,C27/B27) -> 0.62745098
A28: Rice | B28: 51 | C28: =COUNTIF(Dishes!H:H,"Rice") -> 39 | D28: =IF(B28=0,0,C28/B28) -> 0.76470588
A29: Side | B29: 38 | C29: =COUNTIF(Dishes!H:H,"Side") -> 17 | D29: =IF(B29=0,0,C29/B29) -> 0.44736842
A30: Bread | B30: 25 | C30: =COUNTIF(Dishes!H:H,"Bread") -> 14 | D30: =IF(B30=0,0,C30/B30) -> 0.56
A31: Condiment | B31: 14 | C31: =COUNTIF(Dishes!H:H,"Condiment") -> 12 | D31: =IF(B31=0,0,C31/B31) -> 0.85714286
A32: Salad | B32: 14 | C32: =COUNTIF(Dishes!H:H,"Salad") -> 10 | D32: =IF(B32=0,0,C32/B32) -> 0.71428571
A34: Drinks by type
A35: Type | B35: v1 (source) | C35: v2 (kept) | D35: Share kept
A36: Cocktail | B36: 79 | C36: =COUNTIF(Drinks!H:H,"Cocktail") -> 44 | D36: =IF(B36=0,0,C36/B36) -> 0.55696203
A37: Cold | B37: 59 | C37: =COUNTIF(Drinks!H:H,"Cold") -> 33 | D37: =IF(B37=0,0,C37/B37) -> 0.55932203
A38: Hot | B38: 40 | C38: =COUNTIF(Drinks!H:H,"Hot") -> 28 | D38: =IF(B38=0,0,C38/B38) -> 0.7
A39: Spirit | B39: 27 | C39: =COUNTIF(Drinks!H:H,"Spirit") -> 18 | D39: =IF(B39=0,0,C39/B39) -> 0.66666667
A40: Fermented | B40: 19 | C40: =COUNTIF(Drinks!H:H,"Fermented") -> 7 | D40: =IF(B40=0,0,C40/B40) -> 0.36842105
A41: Beer | B41: 8 | C41: =COUNTIF(Drinks!H:H,"Beer") -> 1 | D41: =IF(B41=0,0,C41/B41) -> 0.125
A42: Wine | B42: 7 | C42: =COUNTIF(Drinks!H:H,"Wine") -> 4 | D42: =IF(B42=0,0,C42/B42) -> 0.57142857
A43: Mocktail | B43: 7 | C43: =COUNTIF(Drinks!H:H,"Mocktail") -> 2 | D43: =IF(B43=0,0,C43/B43) -> 0.28571429
A44: Liqueur | B44: 1 | C44: =COUNTIF(Drinks!H:H,"Liqueur") -> 1 | D44: =IF(B44=0,0,C44/B44) -> 1
A46: India items by state
A47: State / region | B47: v1 (source) | C47: v2 (kept) | D47: Share kept
A48: Pan-India | B48: 117 | C48: =COUNTIFS(Dishes!E:E,"Pan-India",Dishes!D:D,"India")+COUNTIFS(Drinks!E:E,"Pan-India",Drinks!D:D,"India") -> 87 | D48: =IF(B48=0,0,C48/B48) -> 0.74358974
A49: Maharashtra | B49: 31 | C49: =COUNTIFS(Dishes!E:E,"Maharashtra",Dishes!D:D,"India")+COUNTIFS(Drinks!E:E,"Maharashtra",Drinks!D:D,"India") -> 21 | D49: =IF(B49=0,0,C49/B49) -> 0.67741935
A50: Tamil Nadu | B50: 28 | C50: =COUNTIFS(Dishes!E:E,"Tamil Nadu",Dishes!D:D,"India")+COUNTIFS(Drinks!E:E,"Tamil Nadu",Drinks!D:D,"India") -> 21 | D50: =IF(B50=0,0,C50/B50) -> 0.75
A51: West Bengal | B51: 27 | C51: =COUNTIFS(Dishes!E:E,"West Bengal",Dishes!D:D,"India")+COUNTIFS(Drinks!E:E,"West Bengal",Drinks!D:D,"India") -> 18 | D51: =IF(B51=0,0,C51/B51) -> 0.66666667
A52: Kerala | B52: 22 | C52: =COUNTIFS(Dishes!E:E,"Kerala",Dishes!D:D,"India")+COUNTIFS(Drinks!E:E,"Kerala",Drinks!D:D,"India") -> 19 | D52: =IF(B52=0,0,C52/B52) -> 0.86363636
A53: Delhi | B53: 20 | C53: =COUNTIFS(Dishes!E:E,"Delhi",Dishes!D:D,"India")+COUNTIFS(Drinks!E:E,"Delhi",Drinks!D:D,"India") -> 13 | D53: =IF(B53=0,0,C53/B53) -> 0.65
A54: Karnataka | B54: 20 | C54: =COUNTIFS(Dishes!E:E,"Karnataka",Dishes!D:D,"India")+COUNTIFS(Drinks!E:E,"Karnataka",Drinks!D:D,"India") -> 13 | D54: =IF(B54=0,0,C54/B54) -> 0.65
A55: Punjab | B55: 19 | C55: =COUNTIFS(Dishes!E:E,"Punjab",Dishes!D:D,"India")+COUNTIFS(Drinks!E:E,"Punjab",Drinks!D:D,"India") -> 14 | D55: =IF(B55=0,0,C55/B55) -> 0.73684211
A56: Gujarat | B56: 18 | C56: =COUNTIFS(Dishes!E:E,"Gujarat",Dishes!D:D,"India")+COUNTIFS(Drinks!E:E,"Gujarat",Drinks!D:D,"India") -> 13 | D56: =IF(B56=0,0,C56/B56) -> 0.72222222
A57: Uttar Pradesh | B57: 13 | C57: =COUNTIFS(Dishes!E:E,"Uttar Pradesh",Dishes!D:D,"India")+COUNTIFS(Drinks!E:E,"Uttar Pradesh",Drinks!D:D,"India") -> 9 | D57: =IF(B57=0,0,C57/B57) -> 0.69230769
A58: Andhra Pradesh | B58: 11 | C58: =COUNTIFS(Dishes!E:E,"Andhra Pradesh",Dishes!D:D,"India")+COUNTIFS(Drinks!E:E,"Andhra Pradesh",Drinks!D:D,"India") -> 6 | D58: =IF(B58=0,0,C58/B58) -> 0.54545455
A59: Telangana | B59: 10 | C59: =COUNTIFS(Dishes!E:E,"Telangana",Dishes!D:D,"India")+COUNTIFS(Drinks!E:E,"Telangana",Drinks!D:D,"India") -> 7 | D59: =IF(B59=0,0,C59/B59) -> 0.7
A60: Rajasthan | B60: 9 | C60: =COUNTIFS(Dishes!E:E,"Rajasthan",Dishes!D:D,"India")+COUNTIFS(Drinks!E:E,"Rajasthan",Drinks!D:D,"India") -> 8 | D60: =IF(B60=0,0,C60/B60) -> 0.88888889
A61: Goa | B61: 9 | C61: =COUNTIFS(Dishes!E:E,"Goa",Dishes!D:D,"India")+COUNTIFS(Drinks!E:E,"Goa",Drinks!D:D,"India") -> 6 | D61: =IF(B61=0,0,C61/B61) -> 0.66666667
A62: Jammu & Kashmir | B62: 9 | C62: =COUNTIFS(Dishes!E:E,"Jammu & Kashmir",Dishes!D:D,"India")+COUNTIFS(Drinks!E:E,"Jammu & Kashmir",Drinks!D:D,"India") -> 6 | D62: =IF(B62=0,0,C62/B62) -> 0.66666667
A63: Bihar | B63: 6 | C63: =COUNTIFS(Dishes!E:E,"Bihar",Dishes!D:D,"India")+COUNTIFS(Drinks!E:E,"Bihar",Drinks!D:D,"India") -> 3 | D63: =IF(B63=0,0,C63/B63) -> 0.5
A64: Odisha | B64: 6 | C64: =COUNTIFS(Dishes!E:E,"Odisha",Dishes!D:D,"India")+COUNTIFS(Drinks!E:E,"Odisha",Drinks!D:D,"India") -> 3 | D64: =IF(B64=0,0,C64/B64) -> 0.5
A65: Madhya Pradesh | B65: 5 | C65: =COUNTIFS(Dishes!E:E,"Madhya Pradesh",Dishes!D:D,"India")+COUNTIFS(Drinks!E:E,"Madhya Pradesh",Drinks!D:D,"India") -> 2 | D65: =IF(B65=0,0,C65/B65) -> 0.4
A66: Assam | B66: 4 | C66: =COUNTIFS(Dishes!E:E,"Assam",Dishes!D:D,"India")+COUNTIFS(Drinks!E:E,"Assam",Drinks!D:D,"India") -> 2 | D66: =IF(B66=0,0,C66/B66) -> 0.5
A67: Sikkim | B67: 4 | C67: =COUNTIFS(Dishes!E:E,"Sikkim",Dishes!D:D,"India")+COUNTIFS(Drinks!E:E,"Sikkim",Drinks!D:D,"India") -> 3 | D67: =IF(B67=0,0,C67/B67) -> 0.75
A68: Uttarakhand | B68: 4 | C68: =COUNTIFS(Dishes!E:E,"Uttarakhand",Dishes!D:D,"India")+COUNTIFS(Drinks!E:E,"Uttarakhand",Drinks!D:D,"India") -> 1 | D68: =IF(B68=0,0,C68/B68) -> 0.25
A69: Himachal Pradesh | B69: 3 | C69: =COUNTIFS(Dishes!E:E,"Himachal Pradesh",Dishes!D:D,"India")+COUNTIFS(Drinks!E:E,"Himachal Pradesh",Drinks!D:D,"India") -> 2 | D69: =IF(B69=0,0,C69/B69) -> 0.66666667
A70: Manipur | B70: 2 | C70: =COUNTIFS(Dishes!E:E,"Manipur",Dishes!D:D,"India")+COUNTIFS(Drinks!E:E,"Manipur",Drinks!D:D,"India") -> 0 | D70: =IF(B70=0,0,C70/B70) -> 0
A71: Chhattisgarh | B71: 2 | C71: =COUNTIFS(Dishes!E:E,"Chhattisgarh",Dishes!D:D,"India")+COUNTIFS(Drinks!E:E,"Chhattisgarh",Drinks!D:D,"India") -> 1 | D71: =IF(B71=0,0,C71/B71) -> 0.5
A72: Nagaland | B72: 1 | C72: =COUNTIFS(Dishes!E:E,"Nagaland",Dishes!D:D,"India")+COUNTIFS(Drinks!E:E,"Nagaland",Drinks!D:D,"India") -> 1 | D72: =IF(B72=0,0,C72/B72) -> 1
A73: Meghalaya | B73: 1 | C73: =COUNTIFS(Dishes!E:E,"Meghalaya",Dishes!D:D,"India")+COUNTIFS(Drinks!E:E,"Meghalaya",Drinks!D:D,"India") -> 0 | D73: =IF(B73=0,0,C73/B73) -> 0
A74: Mizoram | B74: 1 | C74: =COUNTIFS(Dishes!E:E,"Mizoram",Dishes!D:D,"India")+COUNTIFS(Drinks!E:E,"Mizoram",Drinks!D:D,"India") -> 0 | D74: =IF(B74=0,0,C74/B74) -> 0
A75: Arunachal Pradesh | B75: 1 | C75: =COUNTIFS(Dishes!E:E,"Arunachal Pradesh",Dishes!D:D,"India")+COUNTIFS(Drinks!E:E,"Arunachal Pradesh",Drinks!D:D,"India") -> 0 | D75: =IF(B75=0,0,C75/B75) -> 0
A76: Tripura | B76: 1 | C76: =COUNTIFS(Dishes!E:E,"Tripura",Dishes!D:D,"India")+COUNTIFS(Drinks!E:E,"Tripura",Drinks!D:D,"India") -> 0 | D76: =IF(B76=0,0,C76/B76) -> 0
A78: Daily answer pools (puzzle-ready items)
A79: Mode | B79: v1 (source) | C79: v2 (kept) | D79: Share kept
A80: Dish - Global | B80: 613 | C80: =COUNTIF(Dishes!W:W,"Yes") -> 480 | D80: =IF(B80=0,0,C80/B80) -> 0.78303426
A81: Dish - India | B81: 319 | C81: =COUNTIF(Dishes!X:X,"Yes") -> 250 | D81: =IF(B81=0,0,C81/B81) -> 0.78369906
A82: Drink - Global | B82: 111 | C82: =COUNTIF(Drinks!X:X,"Yes") -> 117 | D82: =IF(B82=0,0,C82/B82) -> 1.0540541
A83: Drink - India | B83: 25 | C83: =COUNTIF(Drinks!Y:Y,"Yes") -> 29 | D83: =IF(B83=0,0,C83/B83) -> 1.16
A84: Cuisine - Global (clue dishes) | B84: 447 | C84: =COUNTIFS(Dishes!Y:Y,"Yes",Dishes!D:D,"<>India") -> 309 | D84: =IF(B84=0,0,C84/B84) -> 0.69127517
A85: Cuisine - India (clue dishes) | B85: 244 | C85: =COUNTIFS(Dishes!Y:Y,"Yes",Dishes!D:D,"India",Dishes!E:E,"<>Pan-India") -> 179 | D85: =IF(B85=0,0,C85/B85) -> 0.73360656
A86: In v2 every kept item has at least five clues, so every kept item is puzzle-ready.
A88: Recognition of kept items
A89: Recognition | B89: Kept items | C89: Share
A90: 5 | B90: =COUNTIFS('All Items'!H:H,5,'All Items'!R:R,"Keep") -> 107 | C90: =IF(SUM($B$90:$B$93)=0,0,B90/SUM($B$90:$B$93)) -> 0.14323963
A91: 4 | B91: =COUNTIFS('All Items'!H:H,4,'All Items'!R:R,"Keep") -> 214 | C91: =IF(SUM($B$90:$B$93)=0,0,B91/SUM($B$90:$B$93)) -> 0.28647925
A92: 3 | B92: =COUNTIFS('All Items'!H:H,3,'All Items'!R:R,"Keep") -> 426 | C92: =IF(SUM($B$90:$B$93)=0,0,B92/SUM($B$90:$B$93)) -> 0.57028112
A93: 2 | B93: =COUNTIFS('All Items'!H:H,2,'All Items'!R:R,"Keep") -> 0 | C93: =IF(SUM($B$90:$B$93)=0,0,B93/SUM($B$90:$B$93)) -> 0
A95: Clue counts of kept items
A96: Clues | B96: Dishes | C96: Drinks
A97: 6 | B97: =COUNTIF(Dishes!V:V,6) -> 491 | C97: =COUNTIF(Drinks!W:W,6) -> 92
A98: 5 | B98: =COUNTIF(Dishes!V:V,5) -> 118 | C98: =COUNTIF(Drinks!W:W,5) -> 46

Sheet Scoring
B1: Scoring method
B2: Score out of 10 = recognition + distinctiveness + fit + clue strength. Items at or above the cut-off are kept.
B4: Component | C4: Weight | D4: Max points | E4: How it is scored
B5: Recognition (1-5) | C5: 1.3 | D5: =5*C5 -> 6.5 | E5: Editorial score: how widely known the item is to the players of its edition (Global players for non-Indian items, Indian players for Indian items). 5 household name, 4 widely known, 3 known to food-curious players, 2 niche, 1 obscure. Points = score x weight.
B6: Distinctiveness | C6: 2 | D6: =C6 -> 2 | E6: Full points unless the item is a near-duplicate of a better-known item (biryani variants, a second version of the same dumpling, a virgin version of a cocktail). Duplicates were flagged by hand and by checking 60%+ clue overlap within the same country.
B7: Fit for clue play | C7: 0.5 | D7: =C7 -> 0.5 | E7: Full points for dishes and mixed drinks. Zero for single-ingredient products (straight spirits, wines, beers, plain teas), which are hard to clue.
B8: Clue strength | C8: 1 | D8: =C8 -> 1 | E8: From the source data, how many telling clues remain once the pantry is removed: 5+ = 1, 4 = 0.75, 3 = 0.5, 2 = 0.25, fewer = 0. Points = that fraction x weight.
B9: Maximum score | D9: =SUM(D5:D8) -> 10
B10: Keep cut-off (score at or above) | C10: 6.5 | E10: Chosen so that 60-70% of items stay, as briefed. 6.5 keeps every recognisable, distinct item and drops niche ones (recognition 2 can reach at most 6.3).
B12: Result (live)
B13: Items scored | C13: =COUNTA('All Items'!A:A)-1 -> 1158
B14: Kept | C14: =COUNTIF('All Items'!R:R,"Keep") -> 747
B15: Removed | C15: =COUNTIF('All Items'!R:R,"Remove") -> 411
B16: Share kept | C16: =IF(C13=0,0,C14/C13) -> 0.64507772
B17: Dishes kept | C17: =COUNTIFS('All Items'!C:C,"Dish",'All Items'!R:R,"Keep") -> 609
B18: Drinks kept | C18: =COUNTIFS('All Items'!C:C,"Drink",'All Items'!R:R,"Keep") -> 138
B19: Average score of kept items | C19: =IFERROR(AVERAGEIF('All Items'!R:R,"Keep",'All Items'!Q:Q),0) -> 7.9109103
B21: Recognition scale
B22: 5 | E22: Household name for this audience (Butter Chicken, Sushi, Mojito)
B23: 4 | E23: Widely known (Rogan Josh, Bibimbap, Negroni)
B24: 3 | E24: Known to food-curious players (Shorshe Ilish, Khao Soi, Pisco Sour)
B25: 2 | E25: Niche (Chicken Changezi, Ma La Xiang Guo, Aviation)
B26: 1 | E26: Obscure
B28: Defaults: recognition starts from the source fame tier (fame 1 = 4, fame 2 = 3, fame 3 = 2) and was then set item by item; 230 items were moved up or down by hand.

Sheet Dishes
A1: ID | B1: Dish | C1: Also known as | D1: Country | E1: State / region | F1: Continent | G1: Subregion | H1: Course | I1: Diet | J1: Fame (1-3) | K1: Recognition (1-5) | L1: Score | M1: Clue 1 | N1: Clue 2 | O1: Clue 3 | P1: Clue 4 | Q1: Clue 5 | R1: Clue 6 | S1: Final hint | T1: Ingredient clues | U1: Giveaway clues (shown last) | V1: Clue count | W1: Global mode | X1: India mode | Y1: Country mode | Z1: Origin note | AA1: Image search (Wikimedia) | AB1: Image URL | AC1: Image licence | AD1: Image credit | AE1: Image status | AF1: Status
A2: D0001 | B2: Butter Chicken | C2: Murgh Makhani | D2: India | E2: Delhi | F2: Asia | G2: Southern Asia | H2: Main | I2: Non-veg | J2: 1 | K2: 5 | L2: =INDEX('All Items'!$Q:$Q,MATCH($A2,'All Items'!$A:$A,0)) -> 10 | M2: kasuri methi | N2: smoky tandoor-grilled pieces | O2: silky orange gravy | P2: served with naan | Q2: chicken | R2: butter | S2: Delhi's creamy, mildly spiced tomato curry with tandoori chicken, born at Moti Mahal | T2: kasuri methi; chicken; butter | U2: chicken; butter | V2: =COUNTA(M2:R2) -> 6 | W2: Yes | X2: Yes | Y2: Yes | AA2: https://commons.wikimedia.org/w/index.php?search=Butter+Chicken+food&title=Special:MediaSearch&type=image | AB2: https://thumb.wikimedia.org/wikipedia/commons/thumb/4/41/Butter_Chicken_%26_Butter_Naan_-_Home_-_Chandigarh_-_India_-_0006.jpg/1280px-Butter_Chicken_%26_Butter_Naan_-_Home_-_Chandigarh_-_India_-_0006.jpg | AC2: CC BY-SA 4.0 | AD2: Yuvraj Singh 97 | AE2: Candidate - review | AF2: Draft v2 - editorial check
A3: D0002 | B3: Chole Bhature | D3: India | E3: Punjab | F3: Asia | G3: Southern Asia | H3: Main | I3: Veg | J3: 1 | K3: 5 | L3: =INDEX('All Items'!$Q:$Q,MATCH($A3,'All Items'!$A:$A,0)) -> 9.75 | M3: chana masala | N3: chickpeas | O3: bhatura dough | P3: deep-fried puffed bread | Q3: spicy chickpea curry | R3: pickled onions on the side | S3: Punjab's big weekend plate: fluffy fried bread with spicy chickpea curry | T3: chana masala; chickpeas; bhatura dough | V3: =COUNTA(M3:R3) -> 6 | W3: Yes | X3: Yes | Y3: Yes | AA3: https://commons.wikimedia.org/w/index.php?search=Chole+Bhature+food&title=Special:MediaSearch&type=image | AE3: Needed | AF3: Draft v2 - editorial check
A4: D0003 | B4: Sarson da Saag | D4: India | E4: Punjab | F4: Asia | G4: Southern Asia | H4: Main | I4: Veg | J4: 1 | K4: 4 | L4: =INDEX('All Items'!$Q:$Q,MATCH($A4,'All Items'!$A:$A,0)) -> 8.2 | M4: maize flour | N4: mustard greens | O4: winter greens | P4: slow-cooked and mashed | Q4: white butter on top | R4: eaten with corn flatbread | S4: Punjab's winter mustard-leaf mash, paired with makki di roti | T4: maize flour; mustard greens | V4: =COUNTA(M4:R4) -> 6 | W4: Yes | X4: Yes | Y4: Yes | AA4: https://commons.wikimedia.org/w/index.php?search=Sarson+da+Saag+food&title=Special:MediaSearch&type=image | AE4: Needed | AF4: Draft v2 - editorial check
A5: D0005 | B5: Amritsari Kulcha | D5: India | E5: Punjab | F5: Asia | G5: Southern Asia | H5: Bread | I5: Veg | J5: 2 | K5: 3 | L5: =INDEX('All Items'!$Q:$Q,MATCH($A5,'All Items'!$A:$A,0)) -> 7.15 | M5: potato | N5: ajwain | O5: tandoor | P5: stuffed flatbread | Q5: crisp layered crust | R5: served with chole | S5: Amritsar's stuffed, tandoor-baked bread with a crisp, buttery crust | T5: potato; ajwain | V5: =COUNTA(M5:R5) -> 6 | W5: No | X5: Yes | Y5: Yes | AA5: https://commons.wikimedia.org/w/index.php?search=Amritsari+Kulcha+food&title=Special:MediaSearch&type=image | AE5: Needed | AF5: Draft v2 - editorial check
A6: D0006 | B6: Dal Makhani | D6: India | E6: Punjab | F6: Asia | G6: Southern Asia | H6: Main | I6: Veg | J6: 1 | K6: 5 | L6: =INDEX('All Items'!$Q:$Q,MATCH($A6,'All Items'!$A:$A,0)) -> 10 | M6: butter | N6: kidney beans | O6: simmered overnight | P6: rich and creamy | Q6: dhaba favourite | R6: whole black urad dal | S6: Punjab's slow-cooked black lentils with butter and cream | T6: butter; kidney beans; whole black urad dal | U6: whole black urad dal | V6: =COUNTA(M6:R6) -> 6 | W6: Yes | X6: Yes | Y6: Yes | AA6: https://commons.wikimedia.org/w/index.php?search=Dal+Makhani+food&title=Special:MediaSearch&type=image | AE6: Needed | AF6: Draft v2 - editorial check
A7: D0007 | B7: Rajma Chawal | D7: India | E7: Punjab | F7: Asia | G7: Southern Asia | H7: Main | I7: Vegan | J7: 1 | K7: 5 | L7: =INDEX('All Items'!$Q:$Q,MATCH($A7,'All Items'!$A:$A,0)) -> 9.5 | M7: tomato | N7: rice | O7: kidney beans | P7: red beans in thick gravy | Q7: Sunday lunch staple | R7: served over steamed rice | S7: North India's comfort plate of kidney-bean curry over rice | T7: tomato; rice; kidney beans | V7: =COUNTA(M7:R7) -> 6 | W7: Yes | X7: Yes | Y7: Yes | AA7: https://commons.wikimedia.org/w/index.php?search=Rajma+Chawal+food&title=Special:MediaSearch&type=image | AE7: Needed | AF7: Draft v2 - editorial check
A8: D0008 | B8: Paneer Tikka | D8: India | E8: Punjab | F8: Asia | G8: Southern Asia | H8: Snack | I8: Veg | J8: 1 | K8: 5 | L8: =INDEX('All Items'!$Q:$Q,MATCH($A8,'All Items'!$A:$A,0)) -> 10 | M8: tandoori masala | N8: skewers | O8: marinated cubes | P8: charred edges | Q8: tandoor-grilled | R8: paneer | S8: Cottage cheese cubes marinated in spiced yogurt and grilled on skewers | T8: tandoori masala; paneer | U8: paneer | V8: =COUNTA(M8:R8) -> 6 | W8: Yes | X8: Yes | Y8: Yes | AA8: https://commons.wikimedia.org/w/index.php?search=Paneer+Tikka+food&title=Special:MediaSearch&type=image | AB8: https://thumb.wikimedia.org/wikipedia/commons/thumb/f/f2/Paneer_tikka.jpg/1280px-Paneer_tikka.jpg | AC8: CC BY-SA 4.0 | AD8: Meghana Mohanty | AE8: Candidate - review | AF8: Draft v2 - editorial check
A9: D0009 | B9: Tandoori Chicken | D9: India | E9: Punjab | F9: Asia | G9: Southern Asia | H9: Main | I9: Non-veg | J9: 1 | K9: 5 | L9: =INDEX('All Items'!$Q:$Q,MATCH($A9,'All Items'!$A:$A,0)) -> 10 | M9: kashmiri chilli | N9: tandoor | O9: bright red marinade | P9: charred on the bone | Q9: served with onion rings | R9: chicken | S9: Bone-in chicken marinated red and roasted in a clay oven | T9: kashmiri chilli; chicken | U9: chicken | V9: =COUNTA(M9:R9) -> 6 | W9: Yes | X9: Yes | Y9: Yes | AA9: https://commons.wikimedia.org/w/index.php?search=Tandoori+Chicken+food&title=Special:MediaSearch&type=image | AE9: Needed | AF9: Draft v2 - editorial check
A10: D0010 | B10: Amritsari Fish | D10: India | E10: Punjab | F10: Asia | G10: Southern Asia | H10: Snack | I10: Non-veg | J10: 2 | K10: 3 | L10: =INDEX('All Items'!$Q:$Q,MATCH($A10,'All Items'!$A:$A,0)) -> 7.4 | M10: carom seeds | N10: gram flour | O10: batter-fried | P10: carom-spiced crust | Q10: Amritsar street snack | R10: fish | S10: Fried fish in a spiced gram-flour batter from Amritsar | T10: carom seeds; gram flour; fish | U10: fish | V10: =COUNTA(M10:R10) -> 6 | W10: No | X10: Yes | Y10: Yes | AA10: https://commons.wikimedia.org/w/index.php?search=Amritsari+Fish+food&title=Special:MediaSearch&type=image | AE10: Needed | AF10: Draft v2 - editorial check
A11: D0012 | B11: Aloo Paratha | D11: India | E11: Punjab | F11: Asia | G11: Southern Asia | H11: Breakfast | I11: Veg | J11: 1 | K11: 5 | L11: =INDEX('All Items'!$Q:$Q,MATCH($A11,'All Items'!$A:$A,0)) -> 9 | M11: potato | N11: stuffed flatbread | O11: spiced mashed filling | P11: dollop of white butter | Q11: eaten with curd and pickle | S11: Punjab's favourite breakfast: flatbread stuffed with spiced mashed potato | T11: potato | V11: =COUNTA(M11:R11) -> 5 | W11: Yes | X11: Yes | Y11: Yes | AA11: https://commons.wikimedia.org/w/index.php?search=Aloo+Paratha+food&title=Special:MediaSearch&type=image | AE11: Needed | AF11: Draft v2 - editorial check
A12: D0014 | B12: Kadhi Pakora | D12: India | E12: Punjab | F12: Asia | G12: Southern Asia | H12: Main | I12: Veg | J12: 1 | K12: 4 | L12: =INDEX('All Items'!$Q:$Q,MATCH($A12,'All Items'!$A:$A,0)) -> 8.45 | M12: yogurt | N12: fenugreek seeds | O12: gram flour | P12: fritters | Q12: tangy yogurt curry | R12: served with rice | S12: A sour yogurt-and-gram-flour curry with onion fritters | T12: yogurt; fenugreek seeds; gram flour; fritters | V12: =COUNTA(M12:R12) -> 6 | W12: Yes | X12: Yes | Y12: Yes | AA12: https://commons.wikimedia.org/w/index.php?search=Kadhi+Pakora+food&title=Special:MediaSearch&type=image | AE12: Needed | AF12: Draft v2 - editorial check
A13: D0016 | B13: Paneer Butter Masala | D13: India | E13: Delhi | F13: Asia | G13: Southern Asia | H13: Main | I13: Veg | J13: 1 | K13: 5 | L13: =INDEX('All Items'!$Q:$Q,MATCH($A13,'All Items'!$A:$A,0)) -> 10 | M13: kasuri methi | N13: orange buttery gravy | O13: restaurant favourite | P13: vegetarian cousin of a famous chicken dish | Q13: paneer | R13: butter | S13: Cottage cheese in a rich, mildly sweet, buttery tomato gravy | T13: kasuri methi; paneer; butter | U13: paneer; butter | V13: =COUNTA(M13:R13) -> 6 | W13: Yes | X13: Yes | Y13: Yes | AA13: https://commons.wikimedia.org/w/index.php?search=Paneer+Butter+Masala+food&title=Special:MediaSearch&type=image | AB13: https://thumb.wikimedia.org/wikipedia/commons/thumb/a/ad/Shahi_panner.jpg/1280px-Shahi_panner.jpg | AC13: CC BY-SA 4.0 | AD13: Om shankar singh | AE13: Candidate - review | AF13: Draft v2 - editorial check
A14: D0017 | B14: Shahi Paneer | D14: India | E14: Delhi | F14: Asia | G14: Southern Asia | H14: Main | I14: Veg | J14: 1 | K14: 4 | L14: =INDEX('All Items'!$Q:$Q,MATCH($A14,'All Items'!$A:$A,0)) -> 8.7 | M14: cream | N14: cashew | O14: saffron | P14: royal Mughlai style | Q14: pale creamy gravy | R14: paneer | S14: Cottage cheese in a rich, nutty, saffron-scented cream gravy | T14: cream; cashew; saffron; paneer | U14: paneer | V14: =COUNTA(M14:R14) -> 6 | W14: Yes | X14: Yes | Y14: Yes | AA14: https://commons.wikimedia.org/w/index.php?search=Shahi+Paneer+food&title=Special:MediaSearch&type=image | AE14: Needed | AF14: Draft v2 - editorial check
A15: D0018 | B15: Kadai Paneer | D15: India | E15: Punjab | F15: Asia | G15: Southern Asia | H15: Main | I15: Veg | J15: 1 | K15: 4 | L15: =INDEX('All Items'!$Q:$Q,MATCH($A15,'All Items'!$A:$A,0)) -> 8.7 | M15: coriander seed | N15: capsicum | O15: wok-like iron pan | P15: chunky peppers | Q15: paneer | R15: kadai masala | S15: Cottage cheese and peppers tossed in a freshly ground spice mix in an iron wok | T15: coriander seed; capsicum; paneer; kadai masala | U15: paneer; kadai masala | V15: =COUNTA(M15:R15) -> 6 | W15: Yes | X15: Yes | Y15: Yes | AA15: https://commons.wikimedia.org/w/index.php?search=Kadai+Paneer+food&title=Special:MediaSearch&type=image | AE15: Needed | AF15: Draft v2 - editorial check
A16: D0019 | B16: Malai Kofta | D16: India | E16: Delhi | F16: Asia | G16: Southern Asia | H16: Main | I16: Veg | J16: 1 | K16: 5 | L16: =INDEX('All Items'!$Q:$Q,MATCH($A16,'All Items'!$A:$A,0)) -> 10 | M16: cashew | N16: raisins | O16: paneer dumplings | P16: fried dumplings | Q16: dumplings in cream gravy | R16: party dish | S16: Fried paneer-and-potato balls in a creamy cashew gravy | T16: cashew; raisins; paneer dumplings | V16: =COUNTA(M16:R16) -> 6 | W16: Yes | X16: Yes | Y16: Yes | AA16: https://commons.wikimedia.org/w/index.php?search=Malai+Kofta+food&title=Special:MediaSearch&type=image | AE16: Needed | AF16: Draft v2 - editorial check
A17: D0020 | B17: Chicken Tikka Masala | D17: India | E17: Punjab | F17: Asia | G17: Southern Asia | H17: Main | I17: Non-veg | J17: 1 | K17: 5 | L17: =INDEX('All Items'!$Q:$Q,MATCH($A17,'All Items'!$A:$A,0)) -> 9.75 | M17: cream | N17: tomato | O17: yogurt | P17: grilled chunks in creamy orange sauce | Q17: Britain's favourite curry | R17: grilled chicken | S17: Grilled chicken pieces in a creamy, spiced tomato sauce | T17: cream; tomato; yogurt; grilled chicken | U17: grilled chicken | V17: =COUNTA(M17:R17) -> 6 | W17: Yes | X17: Yes | Y17: No | Z17: Origin disputed between India and the UK (Glasgow) | AA17: https://commons.wikimedia.org/w/index.php?search=Chicken+Tikka+Masala+food&title=Special:MediaSearch&type=image | AB17: https://thumb.wikimedia.org/wikipedia/commons/thumb/0/00/Chicken_tikka_masala_%28cropped%29.jpg/1280px-Chicken_tikka_masala_%28cropped%29.jpg | AC17: CC BY 2.0 | AD17: Michael Hays | AE17: Candidate - review | AF17: Draft v2 - editorial check
A18: D0021 | B18: Seekh Kebab | D18: India | E18: Delhi | F18: Asia | G18: Southern Asia | H18: Snack | I18: Non-veg | J18: 1 | K18: 4 | L18: =INDEX('All Items'!$Q:$Q,MATCH($A18,'All Items'!$A:$A,0)) -> 8.2 | M18: mint | N18: skewers | O18: minced mutton | P18: long kebabs | Q18: cooked on skewers over coals | R18: green chutney on the side | S18: Spiced minced meat moulded on skewers and grilled | T18: mint; minced mutton | V18: =COUNTA(M18:R18) -> 6 | W18: Yes | X18: Yes | Y18: Yes | AA18: https://commons.wikimedia.org/w/index.php?search=Seekh+Kebab+food&title=Special:MediaSearch&type=image | AB18: https://thumb.wikimedia.org/wikipedia/commons/thumb/0/0c/Pakistani_Food_Beef_Kabobs.jpg/1280px-Pakistani_Food_Beef_Kabobs.jpg | AC18: CC BY 2.0 | AD18: Jess Lander from Culver City, CA, USA | AE18: Candidate - review | AF18: Draft v2 - editorial check
A19: D0022 | B19: Nihari | D19: India | E19: Delhi | F19: Asia | G19: Southern Asia | H19: Main | I19: Non-veg | J19: 1 | K19: 4 | L19: =INDEX('All Items'!$Q:$Q,MATCH($A19,'All Items'!$A:$A,0)) -> 8.7 | M19: bone marrow | N19: slow-cooked beef shank | O19: eaten at dawn | P19: sticky rich stew | Q19: Old Delhi breakfast | R19: nihari masala | S19: A slow-cooked meat stew eaten for breakfast in Old Delhi | T19: bone marrow; slow-cooked beef shank; nihari masala | U19: nihari masala | V19: =COUNTA(M19:R19) -> 6 | W19: Yes | X19: Yes | Y19: Yes | AA19: https://commons.wikimedia.org/w/index.php?search=Nihari+food&title=Special:MediaSearch&type=image | AE19: Needed | AF19: Draft v2 - editorial check
A20: D0024 | B20: Aloo Tikki | D20: India | E20: Delhi | F20: Asia | G20: Southern Asia | H20: Street | I20: Veg | J20: 1 | K20: 5 | L20: =INDEX('All Items'!$Q:$Q,MATCH($A20,'All Items'!$A:$A,0)) -> 10 | M20: tamarind chutney | N20: breadcrumbs | O20: potato patty | P20: crispy fried patty | Q20: chaat topping | R20: street snack | S20: Crisp shallow-fried potato patties topped with chutneys and yogurt | T20: tamarind chutney; breadcrumbs; potato patty | V20: =COUNTA(M20:R20) -> 6 | W20: Yes | X20: Yes | Y20: Yes | AA20: https://commons.wikimedia.org/w/index.php?search=Aloo+Tikki+food&title=Special:MediaSearch&type=image | AE20: Needed | AF20: Draft v2 - editorial check
A21: D0025 | B21: Papdi Chaat | D21: India | E21: Delhi | F21: Asia | G21: Southern Asia | H21: Street | I21: Veg | J21: 1 | K21: 4 | L21: =INDEX('All Items'!$Q:$Q,MATCH($A21,'All Items'!$A:$A,0)) -> 8.7 | M21: tamarind chutney | N21: crisp fried wafers | O21: chaat topping | P21: sweet, sour and spicy | Q21: chaat masala | R21: papdi | S21: Crisp wafers topped with potato, chickpeas, yogurt and chutneys | T21: tamarind chutney; chaat masala; papdi | U21: chaat topping; chaat masala; papdi | V21: =COUNTA(M21:R21) -> 6 | W21: Yes | X21: Yes | Y21: Yes | AA21: https://commons.wikimedia.org/w/index.php?search=Papdi+Chaat+food&title=Special:MediaSearch&type=image | AE21: Needed | AF21: Draft v2 - editorial check
A22: D0026 | B22: Dahi Bhalla | D22: India | E22: Delhi | F22: Asia | G22: Southern Asia | H22: Street | I22: Veg | J22: 1 | K22: 4 | L22: =INDEX('All Items'!$Q:$Q,MATCH($A22,'All Items'!$A:$A,0)) -> 8.7 | M22: tamarind chutney | N22: urad dal | O22: lentil dumplings | P22: soaked dumplings | Q22: cool and tangy | R22: Holi favourite | S22: Soft lentil dumplings soaked in yogurt with sweet tamarind chutney | T22: tamarind chutney; urad dal; lentil dumplings | V22: =COUNTA(M22:R22) -> 6 | W22: Yes | X22: Yes | Y22: Yes | AA22: https://commons.wikimedia.org/w/index.php?search=Dahi+Bhalla+food&title=Special:MediaSearch&type=image | AE22: Needed | AF22: Draft v2 - editorial check
A23: D0029 | B23: Chole Kulche | D23: India | E23: Delhi | F23: Asia | G23: Southern Asia | H23: Street | I23: Vegan | J23: 2 | K23: 3 | L23: =INDEX('All Items'!$Q:$Q,MATCH($A23,'All Items'!$A:$A,0)) -> 7.15 | M23: lemon | N23: chickpeas | O23: tamarind | P23: kulcha | Q23: leavened bread | R23: Delhi street plate | S23: Delhi's street plate of soft bread with tangy white-pea or chickpea curry | T23: lemon; chickpeas; tamarind; kulcha | V23: =COUNTA(M23:R23) -> 6 | W23: No | X23: Yes | Y23: Yes | AA23: https://commons.wikimedia.org/w/index.php?search=Chole+Kulche+food&title=Special:MediaSearch&type=image | AE23: Needed | AF23: Draft v2 - editorial check
A24: D0031 | B24: Jalebi | D24: India | E24: Delhi | F24: Asia | G24: Southern Asia | H24: Sweet | I24: Veg | J24: 1 | K24: 5 | L24: =INDEX('All Items'!$Q:$Q,MATCH($A24,'All Items'!$A:$A,0)) -> 9.25 | M24: saffron | N24: spiral | O24: deep fried in ghee | P24: soaked in syrup | Q24: bright orange coils | S24: Crisp orange spirals fried and soaked in sugar syrup | T24: saffron | V24: =COUNTA(M24:R24) -> 5 | W24: Yes | X24: Yes | Y24: No | Z24: West Asian origin, shared across South Asia | AA24: https://commons.wikimedia.org/w/index.php?search=Jalebi+food&title=Special:MediaSearch&type=image | AB24: https://thumb.wikimedia.org/wikipedia/commons/thumb/9/96/Basavanagudi_Kadalekai_Parishe_%282025%29_Bangalore_%2886%29.jpg/1280px-Basavanagudi_Kadalekai_Parishe_%282025%29_Bangalore_%2886%29.jpg | AC24: CC BY-SA 4.0 | AD24: Gpkp | AE24: Candidate - review | AF24: Draft v2 - editorial check
A25: D0032 | B25: Rabri | D25: India | E25: Uttar Pradesh | F25: Asia | G25: Southern Asia | H25: Sweet | I25: Veg | J25: 2 | K25: 3 | L25: =INDEX('All Items'!$Q:$Q,MATCH($A25,'All Items'!$A:$A,0)) -> 7.15 | M25: pistachio | N25: saffron | O25: thickened milk layers | P25: layered milk skins | Q25: slowly reduced | R25: served chilled | S25: Milk slowly reduced to thick, sweet layers of cream | T25: pistachio; saffron | V25: =COUNTA(M25:R25) -> 6 | W25: No | X25: Yes | Y25: Yes | AA25: https://commons.wikimedia.org/w/index.php?search=Rabri+food&title=Special:MediaSearch&type=image | AB25: https://thumb.wikimedia.org/wikipedia/commons/thumb/b/bb/Homemade_Rabri.jpg/1280px-Homemade_Rabri.jpg | AC25: CC BY-SA 4.0 | AD25: Ravi Talwar | AE25: Candidate - review | AF25: Draft v2 - editorial check
A26: D0033 | B26: Kachori | D26: India | E26: Rajasthan | F26: Asia | G26: Southern Asia | H26: Snack | I26: Vegan | J26: 1 | K26: 4 | L26: =INDEX('All Items'!$Q:$Q,MATCH($A26,'All Items'!$A:$A,0)) -> 8.45 | M26: asafoetida | N26: moong dal | O26: deep fried | P26: deep-fried round pastry | Q26: spiced lentil filling | R26: flaky shell | S26: A flaky fried pastry ball stuffed with spiced lentils | T26: asafoetida; moong dal | V26: =COUNTA(M26:R26) -> 6 | W26: Yes | X26: Yes | Y26: Yes | AA26: https://commons.wikimedia.org/w/index.php?search=Kachori+food&title=Special:MediaSearch&type=image | AE26: Needed | AF26: Draft v2 - editorial check
A27: D0034 | B27: Lucknowi Biryani | C27: Awadhi Biryani | D27: India | E27: Uttar Pradesh | F27: Asia | G27: Southern Asia | H27: Rice | I27: Non-veg | J27: 1 | K27: 4 | L27: =INDEX('All Items'!$Q:$Q,MATCH($A27,'All Items'!$A:$A,0)) -> 8.7 | M27: saffron | N27: basmati rice | O27: mutton | P27: dum cooking | Q27: fragrant layered rice | R27: sealed pot | S27: Lucknow's delicate, fragrant layered rice with meat | T27: saffron; basmati rice; mutton | V27: =COUNTA(M27:R27) -> 6 | W27: Yes | X27: Yes | Y27: Yes | AA27: https://commons.wikimedia.org/w/index.php?search=Lucknowi+Biryani+food&title=Special:MediaSearch&type=image | AE27: Needed | AF27: Draft v2 - editorial check
A28: D0035 | B28: Galouti Kebab | D28: India | E28: Uttar Pradesh | F28: Asia | G28: Southern Asia | H28: Snack | I28: Non-veg | J28: 1 | K28: 4 | L28: =INDEX('All Items'!$Q:$Q,MATCH($A28,'All Items'!$A:$A,0)) -> 8.7 | M28: raw papaya | N28: minced mutton | O28: melt-in-mouth | P28: so soft it melts | Q28: Lucknow | R28: made for a toothless nawab | S28: Lucknow's ultra-soft minced-meat patty | T28: raw papaya; minced mutton | V28: =COUNTA(M28:R28) -> 6 | W28: Yes | X28: Yes | Y28: Yes | AA28: https://commons.wikimedia.org/w/index.php?search=Galouti+Kebab+food&title=Special:MediaSearch&type=image | AB28: https://thumb.wikimedia.org/wikipedia/commons/thumb/8/88/Tunday_Kebabs.jpg/1280px-Tunday_Kebabs.jpg | AC28: CC BY-SA 4.0 | AD28: Lillottama | AE28: Candidate - review | AF28: Draft v2 - editorial check
A29: D0036 | B29: Kakori Kebab | D29: India | E29: Uttar Pradesh | F29: Asia | G29: Southern Asia | H29: Snack | I29: Non-veg | J29: 2 | K29: 3 | L29: =INDEX('All Items'!$Q:$Q,MATCH($A29,'All Items'!$A:$A,0)) -> 7.4 | M29: kewra | N29: skewers | O29: minced mutton | P29: long, thin kebabs | Q29: Lucknow | R29: silky texture | S29: Lucknow's silky minced-meat skewers | T29: kewra; minced mutton | V29: =COUNTA(M29:R29) -> 6 | W29: No | X29: Yes | Y29: Yes | AA29: https://commons.wikimedia.org/w/index.php?search=Kakori+Kebab+food&title=Special:MediaSearch&type=image | AB29: https://thumb.wikimedia.org/wikipedia/commons/thumb/5/5b/Lula_kebab_2.jpg/1280px-Lula_kebab_2.jpg | AC29: CC BY-SA 2.0 | AD29: Lesya Dolyk | AE29: Candidate - review | AF29: Draft v2 - editorial check
A30: D0038 | B30: Korma | D30: India | E30: Uttar Pradesh | F30: Asia | G30: Southern Asia | H30: Main | I30: Non-veg | J30: 1 | K30: 4 | L30: =INDEX('All Items'!$Q:$Q,MATCH($A30,'All Items'!$A:$A,0)) -> 8.7 | M30: yogurt | N30: cashew | O30: mutton | P30: fried onion paste | Q30: Mughlai | R30: mild nutty gravy | S30: A mild, rich Mughlai curry of meat braised in yogurt and nuts | T30: yogurt; cashew; mutton; fried onion paste | V30: =COUNTA(M30:R30) -> 6 | W30: Yes | X30: Yes | Y30: Yes | AA30: https://commons.wikimedia.org/w/index.php?search=Korma+food&title=Special:MediaSearch&type=image | AB30: https://thumb.wikimedia.org/wikipedia/commons/thumb/a/a8/Chicken_Korma.JPG/1280px-Chicken_Korma.JPG | AC30: CC0 | AD30: Miansari66 | AE30: Candidate - review | AF30: Draft v2 - editorial check
A31: D0040 | B31: Kulfi | D31: India | E31: Uttar Pradesh | F31: Asia | G31: Southern Asia | H31: Dessert | I31: Veg | J31: 1 | K31: 5 | L31: =INDEX('All Items'!$Q:$Q,MATCH($A31,'All Items'!$A:$A,0)) -> 10 | M31: saffron | N31: reduced milk | O31: matka | P31: frozen in cones | Q31: dense not airy | R31: sold on a stick | S31: Dense frozen milk dessert set in cone-shaped moulds | T31: saffron; reduced milk | V31: =COUNTA(M31:R31) -> 6 | W31: Yes | X31: Yes | Y31: Yes | AA31: https://commons.wikimedia.org/w/index.php?search=Kulfi+food&title=Special:MediaSearch&type=image | AE31: Needed | AF31: Draft v2 - editorial check
A32: D0041 | B32: Bedmi Puri | D32: India | E32: Uttar Pradesh | F32: Asia | G32: Southern Asia | H32: Breakfast | I32: Vegan | J32: 2 | K32: 3 | L32: =INDEX('All Items'!$Q:$Q,MATCH($A32,'All Items'!$A:$A,0)) -> 7.15 | M32: fennel | N32: potato curry | O32: wheat flour | P32: urad dal stuffing | Q32: deep-fried bread | R32: Uttar Pradesh breakfast | S32: Lentil-stuffed fried bread with spicy potato curry | T32: fennel; potato curry; wheat flour; urad dal stuffing | V32: =COUNTA(M32:R32) -> 6 | W32: No | X32: Yes | Y32: Yes | AA32: https://commons.wikimedia.org/w/index.php?search=Bedmi+Puri+food&title=Special:MediaSearch&type=image | AE32: Needed | AF32: Draft v2 - editorial check
A33: D0042 | B33: Petha | D33: India | E33: Uttar Pradesh | F33: Asia | G33: Southern Asia | H33: Sweet | I33: Vegan | J33: 2 | K33: 3 | L33: =INDEX('All Items'!$Q:$Q,MATCH($A33,'All Items'!$A:$A,0)) -> 7.15 | M33: lime | N33: kewra | O33: ash gourd | P33: translucent candy | Q33: Agra sweet | R33: Agra | S33: Agra's translucent candied gourd sweet | T33: lime; kewra; ash gourd | V33: =COUNTA(M33:R33) -> 6 | W33: No | X33: Yes | Y33: Yes | AA33: https://commons.wikimedia.org/w/index.php?search=Petha+food&title=Special:MediaSearch&type=image | AB33: https://thumb.wikimedia.org/wikipedia/commons/thumb/b/bc/Petha_kesari.JPG/1280px-Petha_kesari.JPG | AC33: CC BY-SA 4.0 | AD33: PJ.wikilovesfood | AE33: Candidate - review | AF33: Draft v2 - editorial check
A34: D0044 | B34: Banarasi Paan | D34: India | E34: Uttar Pradesh | F34: Asia | G34: Southern Asia | H34: Snack | I34: Vegan | J34: 2 | K34: 4 | L34: =INDEX('All Items'!$Q:$Q,MATCH($A34,'All Items'!$A:$A,0)) -> 8.7 | M34: fennel | N34: areca nut | O34: betel leaf | P34: chewed after a meal | Q34: folded into a triangle | R34: Varanasi | S34: Varanasi's famous after-dinner betel-leaf parcel | T34: fennel; areca nut; betel leaf | V34: =COUNTA(M34:R34) -> 6 | W34: No | X34: Yes | Y34: Yes | AA34: https://commons.wikimedia.org/w/index.php?search=Banarasi+Paan+food&title=Special:MediaSearch&type=image | AE34: Needed | AF34: Draft v2 - editorial check
A35: D0046 | B35: Litti Chokha | D35: India | E35: Bihar | F35: Asia | G35: Southern Asia | H35: Main | I35: Veg | J35: 1 | K35: 4 | L35: =INDEX('All Items'!$Q:$Q,MATCH($A35,'All Items'!$A:$A,0)) -> 8.7 | M35: aubergine | N35: roasted dough balls | O35: sattu | P35: roasted gram-flour balls | Q35: smoky mash | R35: Bihar | S35: Bihar's roasted stuffed dough balls with smoky mashed vegetables | T35: aubergine; roasted dough balls; sattu | V35: =COUNTA(M35:R35) -> 6 | W35: Yes | X35: Yes | Y35: Yes | AA35: https://commons.wikimedia.org/w/index.php?search=Litti+Chokha+food&title=Special:MediaSearch&type=image | AB35: https://thumb.wikimedia.org/wikipedia/commons/thumb/a/ae/Litti_Chokha_2.jpg/1280px-Litti_Chokha_2.jpg | AC35: CC BY-SA 4.0 | AD35: Eddie Stann | AE35: Candidate - review | AF35: Draft v2 - editorial check
A36: D0047 | B36: Thekua | D36: India | E36: Bihar | F36: Asia | G36: Southern Asia | H36: Sweet | I36: Vegan | J36: 2 | K36: 3 | L36: =INDEX('All Items'!$Q:$Q,MATCH($A36,'All Items'!$A:$A,0)) -> 7.4 | M36: wheat flour | N36: jaggery | O36: Chhath festival | P36: festival cookie | Q36: deep-fried | R36: carved mould pattern | S36: Bihar's crunchy jaggery cookie made for Chhath | T36: wheat flour; jaggery | V36: =COUNTA(M36:R36) -> 6 | W36: No | X36: Yes | Y36: Yes | AA36: https://commons.wikimedia.org/w/index.php?search=Thekua+food&title=Special:MediaSearch&type=image | AB36: https://thumb.wikimedia.org/wikipedia/commons/thumb/9/9c/Thekua_-_Chhath_Festival_-_Kolkata_2013-11-09_4316.JPG/1280px-Thekua_-_Chhath_Festival_-_Kolkata_2013-11-09_4316.JPG | AC36: CC BY 3.0 | AD36: Biswarup Ganguly | AE36: Candidate - review | AF36: Draft v2 - editorial check
A37: D0050 | B37: Dal Baati Churma | D37: India | E37: Rajasthan | F37: Asia | G37: Southern Asia | H37: Main | I37: Veg | J37: 1 | K37: 4 | L37: =INDEX('All Items'!$Q:$Q,MATCH($A37,'All Items'!$A:$A,0)) -> 7.95 | M37: lentils | N37: baked dough balls | O37: three-part platter | P37: ghee-dipped | Q37: crushed sweet crumble | S37: Rajasthan's platter of baked dough balls, lentils and a sweet crumble | T37: lentils; baked dough balls | V37: =COUNTA(M37:R37) -> 5 | W37: Yes | X37: Yes | Y37: Yes | AA37: https://commons.wikimedia.org/w/index.php?search=Dal+Baati+Churma+food&title=Special:MediaSearch&type=image | AE37: Needed | AF37: Draft v2 - editorial check
A38: D0051 | B38: Laal Maas | D38: India | E38: Rajasthan | F38: Asia | G38: Southern Asia | H38: Main | I38: Non-veg | J38: 1 | K38: 4 | L38: =INDEX('All Items'!$Q:$Q,MATCH($A38,'All Items'!$A:$A,0)) -> 8.2 | M38: yogurt | N38: mutton | O38: mathania chilli | P38: fiery red curry | Q38: Rajput hunting dish | R38: smoky | S38: Rajasthan's fiery red mutton curry | T38: yogurt; mutton; mathania chilli | V38: =COUNTA(M38:R38) -> 6 | W38: Yes | X38: Yes | Y38: Yes | AA38: https://commons.wikimedia.org/w/index.php?search=Laal+Maas+food&title=Special:MediaSearch&type=image | AE38: Needed | AF38: Draft v2 - editorial check
A39: D0052 | B39: Gatte ki Sabzi | D39: India | E39: Rajasthan | F39: Asia | G39: Southern Asia | H39: Main | I39: Veg | J39: 1 | K39: 4 | L39: =INDEX('All Items'!$Q:$Q,MATCH($A39,'All Items'!$A:$A,0)) -> 8.45 | M39: ajwain | N39: steamed | O39: gram flour dumplings | P39: steamed dumplings | Q39: yogurt gravy | R39: desert cooking | S39: Rajasthan's gram-flour dumplings in a tangy yogurt curry | T39: ajwain; gram flour dumplings | V39: =COUNTA(M39:R39) -> 6 | W39: Yes | X39: Yes | Y39: Yes | AA39: https://commons.wikimedia.org/w/index.php?search=Gatte+ki+Sabzi+food&title=Special:MediaSearch&type=image | AE39: Needed | AF39: Draft v2 - editorial check
A40: D0053 | B40: Ker Sangri | D40: India | E40: Rajasthan | F40: Asia | G40: Southern Asia | H40: Side | I40: Vegan | J40: 2 | K40: 3 | L40: =INDEX('All Items'!$Q:$Q,MATCH($A40,'All Items'!$A:$A,0)) -> 6.9 | M40: dried mango powder | N40: desert beans | O40: capers | P40: dried desert produce | Q40: tangy and spicy | R40: Marwari | S40: A dry Rajasthani dish of desert beans and berries | T40: dried mango powder; desert beans; capers | V40: =COUNTA(M40:R40) -> 6 | W40: No | X40: Yes | Y40: Yes | AA40: https://commons.wikimedia.org/w/index.php?search=Ker+Sangri+food&title=Special:MediaSearch&type=image | AE40: Needed | AF40: Draft v2 - editorial check
A41: D0054 | B41: Pyaaz Kachori | D41: India | E41: Rajasthan | F41: Asia | G41: Southern Asia | H41: Snack | I41: Vegan | J41: 1 | K41: 4 | L41: =INDEX('All Items'!$Q:$Q,MATCH($A41,'All Items'!$A:$A,0)) -> 8.45 | M41: fennel | N41: coriander seed | O41: deep fried | P41: onion filling | Q41: flaky fried pastry | R41: Jodhpur favourite | S41: A flaky fried pastry stuffed with spiced onions | T41: fennel; coriander seed; onion filling | V41: =COUNTA(M41:R41) -> 6 | W41: Yes | X41: Yes | Y41: Yes | AA41: https://commons.wikimedia.org/w/index.php?search=Pyaaz+Kachori+food&title=Special:MediaSearch&type=image | AB41: https://thumb.wikimedia.org/wikipedia/commons/thumb/d/dc/Rajasthani_Pyaz_ki_Kachori.JPG/1280px-Rajasthani_Pyaz_ki_Kachori.JPG | AC41: CC BY-SA 4.0 | AD41: Mdsmds0 | AE41: Candidate - review | AF41: Draft v2 - editorial check
A42: D0055 | B42: Mirchi Vada | D42: India | E42: Rajasthan | F42: Asia | G42: Southern Asia | H42: Snack | I42: Vegan | J42: 2 | K42: 3 | L42: =INDEX('All Items'!$Q:$Q,MATCH($A42,'All Items'!$A:$A,0)) -> 7.4 | M42: gram flour | N42: deep fried | O42: stuffed | P42: large green chilli | Q42: batter-fried | R42: Jodhpur snack | S42: A fat chilli stuffed with potato, battered and fried | T42: gram flour; large green chilli | V42: =COUNTA(M42:R42) -> 6 | W42: No | X42: Yes | Y42: Yes | AA42: https://commons.wikimedia.org/w/index.php?search=Mirchi+Vada+food&title=Special:MediaSearch&type=image | AB42: https://thumb.wikimedia.org/wikipedia/commons/thumb/a/a9/Mirchi_Bada_from_Jodhpur_1.jpg/1280px-Mirchi_Bada_from_Jodhpur_1.jpg | AC42: CC0 | AD42: Pyaaz Kachori | AE42: Candidate - review | AF42: Draft v2 - editorial check
A43: D0056 | B43: Ghevar | D43: India | E43: Rajasthan | F43: Asia | G43: Southern Asia | H43: Sweet | I43: Veg | J43: 2 | K43: 3 | L43: =INDEX('All Items'!$Q:$Q,MATCH($A43,'All Items'!$A:$A,0)) -> 6.9 | M43: rabri | N43: honeycomb | O43: Teej | P43: disc-shaped sweet | Q43: soaked in syrup | R43: monsoon festival | S43: Rajasthan's honeycomb-like fried disc topped with rabri | T43: rabri; honeycomb | V43: =COUNTA(M43:R43) -> 6 | W43: No | X43: Yes | Y43: Yes | AA43: https://commons.wikimedia.org/w/index.php?search=Ghevar+food&title=Special:MediaSearch&type=image | AE43: Needed | AF43: Draft v2 - editorial check
A44: D0059 | B44: Dhokla | D44: India | E44: Gujarat | F44: Asia | G44: Southern Asia | H44: Snack | I44: Veg | J44: 1 | K44: 5 | L44: =INDEX('All Items'!$Q:$Q,MATCH($A44,'All Items'!$A:$A,0)) -> 9.75 | M44: curry leaves | N44: steamed | O44: fermented gram flour | P44: spongy yellow cake | Q44: tempered topping | R44: Gujarati snack | S44: Gujarat's soft, spongy steamed savoury cake | T44: curry leaves; fermented gram flour | V44: =COUNTA(M44:R44) -> 6 | W44: Yes | X44: Yes | Y44: Yes | AA44: https://commons.wikimedia.org/w/index.php?search=Dhokla+food&title=Special:MediaSearch&type=image | AE44: Needed | AF44: Draft v2 - editorial check
A45: D0060 | B45: Khandvi | D45: India | E45: Gujarat | F45: Asia | G45: Southern Asia | H45: Snack | I45: Veg | J45: 1 | K45: 4 | L45: =INDEX('All Items'!$Q:$Q,MATCH($A45,'All Items'!$A:$A,0)) -> 8.7 | M45: coconut | N45: rolled | O45: gram flour | P45: thin rolls | Q45: tempered topping | R45: Gujarati snack | S45: Gujarat's silky rolled gram-flour sheets | T45: coconut; gram flour | V45: =COUNTA(M45:R45) -> 6 | W45: Yes | X45: Yes | Y45: Yes | AA45: https://commons.wikimedia.org/w/index.php?search=Khandvi+food&title=Special:MediaSearch&type=image | AE45: Needed | AF45: Draft v2 - editorial check
A46: D0061 | B46: Thepla | D46: India | E46: Gujarat | F46: Asia | G46: Southern Asia | H46: Bread | I46: Veg | J46: 1 | K46: 4 | L46: =INDEX('All Items'!$Q:$Q,MATCH($A46,'All Items'!$A:$A,0)) -> 8.2 | M46: yogurt | N46: sesame | O46: fenugreek leaves | P46: travel food | Q46: spiced flatbread | R46: Gujarati | S46: Gujarat's spiced fenugreek flatbread | T46: yogurt; sesame; fenugreek leaves | V46: =COUNTA(M46:R46) -> 6 | W46: Yes | X46: Yes | Y46: Yes | AA46: https://commons.wikimedia.org/w/index.php?search=Thepla+food&title=Special:MediaSearch&type=image | AB46: https://thumb.wikimedia.org/wikipedia/commons/thumb/7/74/Thepla_main.jpg/1280px-Thepla_main.jpg | AC46: CC BY-SA 4.0 | AD46: Rocky231293 | AE46: Candidate - review | AF46: Draft v2 - editorial check
A47: D0062 | B47: Undhiyu | D47: India | E47: Gujarat | F47: Asia | G47: Southern Asia | H47: Main | I47: Vegan | J47: 1 | K47: 4 | L47: =INDEX('All Items'!$Q:$Q,MATCH($A47,'All Items'!$A:$A,0)) -> 8.7 | M47: muthia | N47: surti papdi | O47: clay pot | P47: winter vegetables | Q47: cooked upside down | R47: Surat | S47: Gujarat's mixed winter vegetable casserole | T47: muthia; surti papdi | V47: =COUNTA(M47:R47) -> 6 | W47: Yes | X47: Yes | Y47: Yes | AA47: https://commons.wikimedia.org/w/index.php?search=Undhiyu+food&title=Special:MediaSearch&type=image | AE47: Needed | AF47: Draft v2 - editorial check
A48: D0063 | B48: Fafda Jalebi | D48: India | E48: Gujarat | F48: Asia | G48: Southern Asia | H48: Breakfast | I48: Veg | J48: 2 | K48: 3 | L48: =INDEX('All Items'!$Q:$Q,MATCH($A48,'All Items'!$A:$A,0)) -> 7.4 | M48: papaya chutney | N48: fried green chilli | O48: gram flour strips | P48: Dussehra breakfast | Q48: crunchy and sweet together | R48: jalebi | S48: Gujarat's crunchy gram-flour strips with syrupy spirals | T48: papaya chutney; fried green chilli; gram flour strips; jalebi | U48: jalebi | V48: =COUNTA(M48:R48) -> 6 | W48: No | X48: Yes | Y48: Yes | AA48: https://commons.wikimedia.org/w/index.php?search=Fafda+Jalebi+food&title=Special:MediaSearch&type=image | AE48: Needed | AF48: Draft v2 - editorial check
A49: D0064 | B49: Handvo | D49: India | E49: Gujarat | F49: Asia | G49: Southern Asia | H49: Snack | I49: Veg | J49: 2 | K49: 3 | L49: =INDEX('All Items'!$Q:$Q,MATCH($A49,'All Items'!$A:$A,0)) -> 7.4 | M49: rice | N49: sesame | O49: bottle gourd | P49: lentil batter cake | Q49: savoury baked cake | R49: crusty top | S49: Gujarat's savoury rice-and-lentil cake with bottle gourd | T49: rice; sesame; bottle gourd; lentil batter cake | V49: =COUNTA(M49:R49) -> 6 | W49: No | X49: Yes | Y49: Yes | AA49: https://commons.wikimedia.org/w/index.php?search=Handvo+food&title=Special:MediaSearch&type=image | AB49: https://thumb.wikimedia.org/wikipedia/commons/thumb/d/de/Handavo3.jpg/1280px-Handavo3.jpg | AC49: CC BY-SA 4.0 | AD49: Dkgohil | AE49: Candidate - review | AF49: Draft v2 - editorial check
A50: D0065 | B50: Gujarati Kadhi | D50: India | E50: Gujarat | F50: Asia | G50: Southern Asia | H50: Main | I50: Veg | J50: 2 | K50: 3 | L50: =INDEX('All Items'!$Q:$Q,MATCH($A50,'All Items'!$A:$A,0)) -> 7.15 | M50: yogurt | N50: gram flour | O50: sweet | P50: thin and sweet | Q50: yellow | R50: served with khichdi | S50: Gujarat's thin, sweet-sour yogurt curry | T50: yogurt; gram flour | V50: =COUNTA(M50:R50) -> 6 | W50: No | X50: Yes | Y50: Yes | AA50: https://commons.wikimedia.org/w/index.php?search=Gujarati+Kadhi+food&title=Special:MediaSearch&type=image | AB50: https://thumb.wikimedia.org/wikipedia/commons/thumb/8/85/Gujarati_Kadhi.jpg/1280px-Gujarati_Kadhi.jpg | AC50: CC0 | AD50: Miansari66 | AE50: Candidate - review | AF50: Draft v2 - editorial check
A51: D0066 | B51: Khakhra | D51: India | E51: Gujarat | F51: Asia | G51: Southern Asia | H51: Snack | I51: Veg | J51: 2 | K51: 3 | L51: =INDEX('All Items'!$Q:$Q,MATCH($A51,'All Items'!$A:$A,0)) -> 6.9 | M51: fenugreek | N51: crisp | O51: roasted | P51: thin crisp flatbread | Q51: tea-time | R51: roasted on a griddle | S51: Gujarat's crisp, roasted wafer-thin flatbread | T51: fenugreek | V51: =COUNTA(M51:R51) -> 6 | W51: No | X51: Yes | Y51: Yes | AA51: https://commons.wikimedia.org/w/index.php?search=Khakhra+food&title=Special:MediaSearch&type=image | AE51: Needed | AF51: Draft v2 - editorial check
A52: D0068 | B52: Dabeli | D52: India | E52: Gujarat | F52: Asia | G52: Southern Asia | H52: Street | I52: Veg | J52: 1 | K52: 4 | L52: =INDEX('All Items'!$Q:$Q,MATCH($A52,'All Items'!$A:$A,0)) -> 8.7 | M52: pomegranate | N52: pav | O52: sweet-spicy potato filling | P52: bun | Q52: Kutch street snack | R52: dabeli masala | S52: Kutch's spiced-potato bun with peanuts and pomegranate | T52: pomegranate; pav; dabeli masala | U52: dabeli masala | V52: =COUNTA(M52:R52) -> 6 | W52: Yes | X52: Yes | Y52: Yes | AA52: https://commons.wikimedia.org/w/index.php?search=Dabeli+food&title=Special:MediaSearch&type=image | AB52: https://thumb.wikimedia.org/wikipedia/commons/thumb/6/62/Daabeli.JPG/1280px-Daabeli.JPG | AC52: CC BY-SA 4.0 | AD52: Kanikatwl | AE52: Candidate - review | AF52: Draft v2 - editorial check
A53: D0069 | B53: Basundi | D53: India | E53: Gujarat | F53: Asia | G53: Southern Asia | H53: Sweet | I53: Veg | J53: 2 | K53: 3 | L53: =INDEX('All Items'!$Q:$Q,MATCH($A53,'All Items'!$A:$A,0)) -> 7.15 | M53: cardamom | N53: charoli | O53: saffron | P53: reduced milk | Q53: thickened sweet milk | R53: Gujarati festive sweet | S53: Sweetened milk reduced slowly with saffron and nuts | T53: cardamom; charoli; saffron; reduced milk | V53: =COUNTA(M53:R53) -> 6 | W53: No | X53: Yes | Y53: Yes | AA53: https://commons.wikimedia.org/w/index.php?search=Basundi+food&title=Special:MediaSearch&type=image | AE53: Needed | AF53: Draft v2 - editorial check
A54: D0070 | B54: Shrikhand | D54: India | E54: Gujarat | F54: Asia | G54: Southern Asia | H54: Sweet | I54: Veg | J54: 1 | K54: 4 | L54: =INDEX('All Items'!$Q:$Q,MATCH($A54,'All Items'!$A:$A,0)) -> 8.45 | M54: cardamom | N54: saffron | O54: pistachio | P54: strained yogurt | Q54: hung curd sweet | R54: served with puri | S54: Sweet, saffron-flavoured strained yogurt | T54: cardamom; saffron; pistachio; strained yogurt | V54: =COUNTA(M54:R54) -> 6 | W54: Yes | X54: Yes | Y54: Yes | AA54: https://commons.wikimedia.org/w/index.php?search=Shrikhand+food&title=Special:MediaSearch&type=image | AE54: Needed | AF54: Draft v2 - editorial check
A55: D0072 | B55: Patra | D55: India | E55: Gujarat | F55: Asia | G55: Southern Asia | H55: Snack | I55: Vegan | J55: 2 | K55: 3 | L55: =INDEX('All Items'!$Q:$Q,MATCH($A55,'All Items'!$A:$A,0)) -> 7.4 | M55: gram flour | N55: steamed | O55: colocasia leaves | P55: rolled leaves | Q55: steamed and sliced | R55: pinwheel slices | S55: Gujarat's steamed, spiced colocasia-leaf rolls | T55: gram flour; colocasia leaves | V55: =COUNTA(M55:R55) -> 6 | W55: No | X55: Yes | Y55: Yes | AA55: https://commons.wikimedia.org/w/index.php?search=Patra+food&title=Special:MediaSearch&type=image | AE55: Needed | AF55: Draft v2 - editorial check
A56: D0074 | B56: Gujarati Dal | D56: India | E56: Gujarat | F56: Asia | G56: Southern Asia | H56: Main | I56: Vegan | J56: 2 | K56: 3 | L56: =INDEX('All Items'!$Q:$Q,MATCH($A56,'All Items'!$A:$A,0)) -> 7.4 | M56: jaggery | N56: kokum | O56: peanuts | P56: thin dal | Q56: sweet and sour | R56: toor dal | S56: Gujarat's sweet-and-sour thin lentil soup | T56: jaggery; kokum; peanuts; toor dal | U56: thin dal; toor dal | V56: =COUNTA(M56:R56) -> 6 | W56: No | X56: Yes | Y56: Yes | AA56: https://commons.wikimedia.org/w/index.php?search=Gujarati+Dal+food&title=Special:MediaSearch&type=image | AE56: Needed | AF56: Draft v2 - editorial check
A57: D0075 | B57: Vada Pav | D57: India | E57: Maharashtra | F57: Asia | G57: Southern Asia | H57: Street | I57: Vegan | J57: 1 | K57: 5 | L57: =INDEX('All Items'!$Q:$Q,MATCH($A57,'All Items'!$A:$A,0)) -> 9.75 | M57: garlic chutney | N57: gram flour | O57: potato fritter | P57: deep-fried potato dumpling | Q57: Mumbai's burger | R57: pav | S57: Mumbai's spicy potato fritter in a bun | T57: garlic chutney; gram flour; potato fritter; pav | U57: pav | V57: =COUNTA(M57:R57) -> 6 | W57: Yes | X57: Yes | Y57: Yes | AA57: https://commons.wikimedia.org/w/index.php?search=Vada+Pav+food&title=Special:MediaSearch&type=image | AB57: https://thumb.wikimedia.org/wikipedia/commons/thumb/4/4e/Vada_Pav-Indian_street_food.JPG/1280px-Vada_Pav-Indian_street_food.JPG | AC57: CC BY-SA 4.0 | AD57: Rutvi Mistry | AE57: Candidate - review | AF57: Draft v2 - editorial check
A58: D0076 | B58: Pav Bhaji | D58: India | E58: Maharashtra | F58: Asia | G58: Southern Asia | H58: Street | I58: Veg | J58: 1 | K58: 5 | L58: =INDEX('All Items'!$Q:$Q,MATCH($A58,'All Items'!$A:$A,0)) -> 10 | M58: mixed vegetables | N58: mashed vegetable curry | O58: buttered buns | P58: Mumbai beach snack | Q58: pav | R58: pav bhaji masala | S58: Mumbai's buttery mashed vegetable curry with soft buns | T58: mixed vegetables; pav; pav bhaji masala | U58: pav; pav bhaji masala | V58: =COUNTA(M58:R58) -> 6 | W58: Yes | X58: Yes | Y58: Yes | AA58: https://commons.wikimedia.org/w/index.php?search=Pav+Bhaji+food&title=Special:MediaSearch&type=image | AE58: Needed | AF58: Draft v2 - editorial check
A59: D0077 | B59: Misal Pav | D59: India | E59: Maharashtra | F59: Asia | G59: Southern Asia | H59: Breakfast | I59: Vegan | J59: 1 | K59: 4 | L59: =INDEX('All Items'!$Q:$Q,MATCH($A59,'All Items'!$A:$A,0)) -> 8.7 | M59: spicy rassa | N59: sprouted moth beans | O59: spicy sprout curry | P59: crunchy topping | Q59: Pune and Kolhapur | R59: pav | S59: Maharashtra's fiery sprout curry with farsan and bread | T59: spicy rassa; sprouted moth beans; pav | U59: pav | V59: =COUNTA(M59:R59) -> 6 | W59: Yes | X59: Yes | Y59: Yes | AA59: https://commons.wikimedia.org/w/index.php?search=Misal+Pav+food&title=Special:MediaSearch&type=image | AB59: https://thumb.wikimedia.org/wikipedia/commons/thumb/a/a0/Kolhapuri_Misal_Pav.jpg/1280px-Kolhapuri_Misal_Pav.jpg | AC59: CC BY-SA 4.0 | AD59: Ankushkr2020 | AE59: Candidate - review | AF59: Draft v2 - editorial check
A60: D0078 | B60: Poha | D60: India | E60: Maharashtra | F60: Asia | G60: Southern Asia | H60: Breakfast | I60: Vegan | J60: 1 | K60: 5 | L60: =INDEX('All Items'!$Q:$Q,MATCH($A60,'All Items'!$A:$A,0)) -> 9.5 | M60: mustard seeds | N60: peanuts | O60: flattened rice | P60: light and fluffy | Q60: yellow | R60: morning snack | S60: Flattened rice tempered with mustard, peanuts and turmeric | T60: mustard seeds; peanuts; flattened rice | V60: =COUNTA(M60:R60) -> 6 | W60: Yes | X60: Yes | Y60: Yes | AA60: https://commons.wikimedia.org/w/index.php?search=Poha+food&title=Special:MediaSearch&type=image | AE60: Needed | AF60: Draft v2 - editorial check
A61: D0079 | B61: Sabudana Khichdi | D61: India | E61: Maharashtra | F61: Asia | G61: Southern Asia | H61: Breakfast | I61: Veg | J61: 1 | K61: 4 | L61: =INDEX('All Items'!$Q:$Q,MATCH($A61,'All Items'!$A:$A,0)) -> 8.2 | M61: potato | N61: peanuts | O61: sago pearls | P61: fasting food | Q61: chewy pearls | S61: Sago pearls stir-fried with peanuts, eaten when fasting | T61: potato; peanuts; sago pearls | V61: =COUNTA(M61:R61) -> 5 | W61: Yes | X61: Yes | Y61: Yes | AA61: https://commons.wikimedia.org/w/index.php?search=Sabudana+Khichdi+food&title=Special:MediaSearch&type=image | AE61: Needed | AF61: Draft v2 - editorial check
A62: D0080 | B62: Puran Poli | D62: India | E62: Maharashtra | F62: Asia | G62: Southern Asia | H62: Sweet | I62: Veg | J62: 1 | K62: 4 | L62: =INDEX('All Items'!$Q:$Q,MATCH($A62,'All Items'!$A:$A,0)) -> 8.7 | M62: cardamom | N62: nutmeg | O62: chana dal | P62: jaggery | Q62: flatbread | R62: Holi and Gudi Padwa | S62: Maharashtra's flatbread stuffed with sweet lentil-jaggery filling | T62: cardamom; nutmeg; chana dal; jaggery; flatbread | V62: =COUNTA(M62:R62) -> 6 | W62: Yes | X62: Yes | Y62: Yes | AA62: https://commons.wikimedia.org/w/index.php?search=Puran+Poli+food&title=Special:MediaSearch&type=image | AE62: Needed | AF62: Draft v2 - editorial check
A63: D0081 | B63: Modak | D63: India | E63: Maharashtra | F63: Asia | G63: Southern Asia | H63: Sweet | I63: Veg | J63: 1 | K63: 4 | L63: =INDEX('All Items'!$Q:$Q,MATCH($A63,'All Items'!$A:$A,0)) -> 8.7 | M63: rice flour | N63: jaggery | O63: coconut | P63: Ganesh Chaturthi | Q63: steamed dumpling | R63: Ganesha's favourite | S63: Sweet steamed dumplings filled with coconut and jaggery | T63: rice flour; jaggery; coconut | V63: =COUNTA(M63:R63) -> 6 | W63: Yes | X63: Yes | Y63: Yes | AA63: https://commons.wikimedia.org/w/index.php?search=Modak+food&title=Special:MediaSearch&type=image | AE63: Needed | AF63: Draft v2 - editorial check
A64: D0082 | B64: Thalipeeth | D64: India | E64: Maharashtra | F64: Asia | G64: Southern Asia | H64: Breakfast | I64: Vegan | J64: 2 | K64: 3 | L64: =INDEX('All Items'!$Q:$Q,MATCH($A64,'All Items'!$A:$A,0)) -> 6.65 | M64: multigrain flour | N64: bhajani | O64: savoury multigrain pancake | P64: Maharashtrian breakfast | Q64: sorghum and millet roast | R64: eaten with white butter | S64: Maharashtra's savoury multigrain flatbread | T64: multigrain flour; bhajani | V64: =COUNTA(M64:R64) -> 6 | W64: No | X64: Yes | Y64: Yes | AA64: https://commons.wikimedia.org/w/index.php?search=Thalipeeth+food&title=Special:MediaSearch&type=image | AB64: https://thumb.wikimedia.org/wikipedia/commons/thumb/c/cf/Maharashtrian_Thalipith_-_1.jpg/1280px-Maharashtrian_Thalipith_-_1.jpg | AC64: CC BY-SA 4.0 | AD64: Satyajit Dhawale (Satyajit888) | AE64: Candidate - review | AF64: Draft v2 - editorial check
A65: D0084 | B65: Kolhapuri Chicken | D65: India | E65: Maharashtra | F65: Asia | G65: Southern Asia | H65: Main | I65: Non-veg | J65: 2 | K65: 3 | L65: =INDEX('All Items'!$Q:$Q,MATCH($A65,'All Items'!$A:$A,0)) -> 7.15 | M65: sesame | N65: dry coconut | O65: fiery red curry | P65: chicken | Q65: kolhapuri masala | S65: Kolhapur's fiery chicken curry with roasted coconut | T65: sesame; dry coconut; chicken; kolhapuri masala | U65: chicken; kolhapuri masala | V65: =COUNTA(M65:R65) -> 5 | W65: No | X65: Yes | Y65: Yes | AA65: https://commons.wikimedia.org/w/index.php?search=Kolhapuri+Chicken+food&title=Special:MediaSearch&type=image | AE65: Needed | AF65: Draft v2 - editorial check
A66: D0087 | B66: Bombil Fry | C66: Bombay Duck Fry | D66: India | E66: Maharashtra | F66: Asia | G66: Southern Asia | H66: Main | I66: Non-veg | J66: 2 | K66: 3 | L66: =INDEX('All Items'!$Q:$Q,MATCH($A66,'All Items'!$A:$A,0)) -> 6.9 | M66: semolina | N66: rice flour | O66: bombay duck | P66: crisp fried fish | Q66: Mumbai coast | R66: lizard fish | S66: Mumbai's crisp-fried lizard fish | T66: semolina; rice flour; bombay duck | V66: =COUNTA(M66:R66) -> 6 | W66: No | X66: Yes | Y66: Yes | AA66: https://commons.wikimedia.org/w/index.php?search=Bombil+Fry+food&title=Special:MediaSearch&type=image | AE66: Needed | AF66: Draft v2 - editorial check
A67: D0088 | B67: Kothimbir Vadi | D67: India | E67: Maharashtra | F67: Asia | G67: Southern Asia | H67: Snack | I67: Vegan | J67: 2 | K67: 3 | L67: =INDEX('All Items'!$Q:$Q,MATCH($A67,'All Items'!$A:$A,0)) -> 6.9 | M67: sesame | N67: gram flour | O67: steamed | P67: coriander-leaf squares | Q67: steamed then fried | R67: Maharashtrian snack | S67: Maharashtra's steamed-and-fried coriander gram-flour squares | T67: sesame; gram flour | V67: =COUNTA(M67:R67) -> 6 | W67: No | X67: Yes | Y67: Yes | AA67: https://commons.wikimedia.org/w/index.php?search=Kothimbir+Vadi+food&title=Special:MediaSearch&type=image | AE67: Needed | AF67: Draft v2 - editorial check
A68: D0089 | B68: Bharli Vangi | D68: India | E68: Maharashtra | F68: Asia | G68: Southern Asia | H68: Main | I68: Vegan | J68: 2 | K68: 3 | L68: =INDEX('All Items'!$Q:$Q,MATCH($A68,'All Items'!$A:$A,0)) -> 7.4 | M68: goda masala | N68: peanuts | O68: coconut | P68: stuffed small brinjals | Q68: stuffed brinjal | R68: peanut-coconut masala | S68: Maharashtra's small brinjals stuffed with peanut-coconut masala | T68: goda masala; peanuts; coconut; stuffed small brinjals | V68: =COUNTA(M68:R68) -> 6 | W68: No | X68: Yes | Y68: Yes | AA68: https://commons.wikimedia.org/w/index.php?search=Bharli+Vangi+food&title=Special:MediaSearch&type=image | AE68: Needed | AF68: Draft v2 - editorial check
A69: D0092 | B69: Bombay Sandwich | D69: India | E69: Maharashtra | F69: Asia | G69: Southern Asia | H69: Street | I69: Veg | J69: 2 | K69: 3 | L69: =INDEX('All Items'!$Q:$Q,MATCH($A69,'All Items'!$A:$A,0)) -> 7.4 | M69: beetroot | N69: green chutney | O69: white bread | P69: triple-decker | Q69: grilled | R69: Mumbai street | S69: Mumbai's vegetable sandwich with green chutney | T69: beetroot; green chutney; white bread | V69: =COUNTA(M69:R69) -> 6 | W69: No | X69: Yes | Y69: Yes | AA69: https://commons.wikimedia.org/w/index.php?search=Bombay+Sandwich+food&title=Special:MediaSearch&type=image | AE69: Needed | AF69: Draft v2 - editorial check
A70: D0093 | B70: Keema Pav | D70: India | E70: Maharashtra | F70: Asia | G70: Southern Asia | H70: Breakfast | I70: Non-veg | J70: 2 | K70: 3 | L70: =INDEX('All Items'!$Q:$Q,MATCH($A70,'All Items'!$A:$A,0)) -> 6.9 | M70: green peas | N70: minced mutton | O70: minced meat curry | P70: Irani café | Q70: soft buns | R70: pav | S70: Mumbai's spiced minced meat with buttered bread | T70: green peas; minced mutton; pav | U70: pav | V70: =COUNTA(M70:R70) -> 6 | W70: No | X70: Yes | Y70: Yes | AA70: https://commons.wikimedia.org/w/index.php?search=Keema+Pav+food&title=Special:MediaSearch&type=image | AE70: Needed | AF70: Draft v2 - editorial check
A71: D0097 | B71: Dhansak | D71: India | E71: Maharashtra | F71: Asia | G71: Southern Asia | H71: Main | I71: Non-veg | J71: 2 | K71: 3 | L71: =INDEX('All Items'!$Q:$Q,MATCH($A71,'All Items'!$A:$A,0)) -> 7.4 | M71: mutton | N71: Parsi | O71: mixed lentils | P71: lentil-meat stew | Q71: served with brown rice | R71: dhansak masala | S71: A Parsi stew of meat cooked in lentils and vegetables | T71: mutton; mixed lentils; dhansak masala | U71: dhansak masala | V71: =COUNTA(M71:R71) -> 6 | W71: No | X71: Yes | Y71: Yes | AA71: https://commons.wikimedia.org/w/index.php?search=Dhansak+food&title=Special:MediaSearch&type=image | AB71: https://thumb.wikimedia.org/wikipedia/commons/thumb/d/d8/Dhansak.JPG/1280px-Dhansak.JPG | AC71: CC0 | AD71: Miansari66 | AE71: Candidate - review | AF71: Draft v2 - editorial check
A72: D0098 | B72: Ragda Pattice | D72: India | E72: Maharashtra | F72: Asia | G72: Southern Asia | H72: Street | I72: Veg | J72: 2 | K72: 3 | L72: =INDEX('All Items'!$Q:$Q,MATCH($A72,'All Items'!$A:$A,0)) -> 7.15 | M72: sev | N72: potato patty | O72: white peas | P72: white pea curry | Q72: potato patties | R72: Mumbai chaat | S72: Potato patties smothered in white-pea curry and chutneys | T72: sev; potato patty; white peas | V72: =COUNTA(M72:R72) -> 6 | W72: No | X72: Yes | Y72: Yes | AA72: https://commons.wikimedia.org/w/index.php?search=Ragda+Pattice+food&title=Special:MediaSearch&type=image | AE72: Needed | AF72: Draft v2 - editorial check
A73: D0099 | B73: Bhel Puri | D73: India | E73: Maharashtra | F73: Asia | G73: Southern Asia | H73: Street | I73: Vegan | J73: 1 | K73: 5 | L73: =INDEX('All Items'!$Q:$Q,MATCH($A73,'All Items'!$A:$A,0)) -> 10 | M73: tamarind chutney | N73: sev | O73: puffed rice | P73: beach snack | Q73: Mumbai | R73: Chowpatty | S73: Mumbai's tangy puffed-rice chaat with sev and chutneys | T73: tamarind chutney; sev; puffed rice | V73: =COUNTA(M73:R73) -> 6 | W73: Yes | X73: Yes | Y73: Yes | AA73: https://commons.wikimedia.org/w/index.php?search=Bhel+Puri+food&title=Special:MediaSearch&type=image | AB73: https://thumb.wikimedia.org/wikipedia/commons/thumb/4/45/Behael_Puri_%286105489342%29.jpg/1280px-Behael_Puri_%286105489342%29.jpg | AC73: CC BY 2.0 | AD73: Barry Pousman from New York, NY | AE73: Candidate - review | AF73: Draft v2 - editorial check
A74: D0100 | B74: Sev Puri | D74: India | E74: Maharashtra | F74: Asia | G74: Southern Asia | H74: Street | I74: Vegan | J74: 1 | K74: 4 | L74: =INDEX('All Items'!$Q:$Q,MATCH($A74,'All Items'!$A:$A,0)) -> 8.7 | M74: green chutney | N74: flat crisp puris | O74: chaat | P74: Mumbai | Q74: sev | R74: flat puri | S74: Flat crisp puris topped with potato, chutneys and fried gram-flour noodles | T74: green chutney; sev; flat puri | U74: sev; flat puri | V74: =COUNTA(M74:R74) -> 6 | W74: Yes | X74: Yes | Y74: Yes | AA74: https://commons.wikimedia.org/w/index.php?search=Sev+Puri+food&title=Special:MediaSearch&type=image | AB74: https://thumb.wikimedia.org/wikipedia/commons/thumb/9/96/Sev_puri_with_sweet_curd.JPG/1280px-Sev_puri_with_sweet_curd.JPG | AC74: CC BY-SA 4.0 | AD74: Dheerajk88 | AE74: Candidate - review | AF74: Draft v2 - editorial check
A75: D0101 | B75: Pani Puri | C75: Golgappa, Puchka | D75: India | E75: Maharashtra | F75: Asia | G75: Southern Asia | H75: Street | I75: Vegan | J75: 1 | K75: 5 | L75: =INDEX('All Items'!$Q:$Q,MATCH($A75,'All Items'!$A:$A,0)) -> 10 | M75: tamarind | N75: mint water | O75: hollow crisp puris | P75: spicy water | Q75: street favourite | R75: hollow puri | S75: Hollow crisp puris filled with spiced water and potato | T75: tamarind; mint water; hollow puri | U75: hollow puri | V75: =COUNTA(M75:R75) -> 6 | W75: Yes | X75: Yes | Y75: Yes | AA75: https://commons.wikimedia.org/w/index.php?search=Pani+Puri+food&title=Special:MediaSearch&type=image | AB75: https://thumb.wikimedia.org/wikipedia/commons/thumb/e/e9/Pani_Puri1.JPG/1280px-Pani_Puri1.JPG | AC75: CC BY-SA 4.0 | AD75: Sruthi612 | AE75: Candidate - review | AF75: Draft v2 - editorial check
A76: D0102 | B76: Goan Fish Curry | D76: India | E76: Goa | F76: Asia | G76: Southern Asia | H76: Main | I76: Non-veg | J76: 1 | K76: 4 | L76: =INDEX('All Items'!$Q:$Q,MATCH($A76,'All Items'!$A:$A,0)) -> 8.45 | M76: coconut milk | N76: kokum | O76: pomfret | P76: tangy coconut curry | Q76: served with rice | R76: coastal | S76: Goa's tangy coconut fish curry | T76: coconut milk; kokum; pomfret | U76: tangy coconut curry | V76: =COUNTA(M76:R76) -> 6 | W76: Yes | X76: Yes | Y76: Yes | AA76: https://commons.wikimedia.org/w/index.php?search=Goan+Fish+Curry+food&title=Special:MediaSearch&type=image | AE76: Needed | AF76: Draft v2 - editorial check
A77: D0103 | B77: Pork Vindaloo | D77: India | E77: Goa | F77: Asia | G77: Southern Asia | H77: Main | I77: Non-veg | J77: 1 | K77: 4 | L77: =INDEX('All Items'!$Q:$Q,MATCH($A77,'All Items'!$A:$A,0)) -> 8.7 | M77: vinegar | N77: kashmiri chilli | O77: Portuguese influence | P77: vinegar-sharp | Q77: fiery | R77: pork | S77: Goa's fiery, vinegar-sharp pork curry | T77: vinegar; kashmiri chilli; pork | U77: pork | V77: =COUNTA(M77:R77) -> 6 | W77: Yes | X77: Yes | Y77: Yes | AA77: https://commons.wikimedia.org/w/index.php?search=Pork+Vindaloo+food&title=Special:MediaSearch&type=image | AE77: Needed | AF77: Draft v2 - editorial check
A78: D0104 | B78: Xacuti | D78: India | E78: Goa | F78: Asia | G78: Southern Asia | H78: Main | I78: Non-veg | J78: 2 | K78: 3 | L78: =INDEX('All Items'!$Q:$Q,MATCH($A78,'All Items'!$A:$A,0)) -> 7.4 | M78: star anise | N78: roasted coconut | O78: nutmeg | P78: chicken | Q78: complex roasted spice paste | R78: Goan | S78: Goa's curry made with roasted coconut and many spices | T78: star anise; roasted coconut; nutmeg; chicken | V78: =COUNTA(M78:R78) -> 6 | W78: No | X78: Yes | Y78: Yes | AA78: https://commons.wikimedia.org/w/index.php?search=Xacuti+food&title=Special:MediaSearch&type=image | AE78: Needed | AF78: Draft v2 - editorial check
A79: D0105 | B79: Chicken Cafreal | D79: India | E79: Goa | F79: Asia | G79: Southern Asia | H79: Main | I79: Non-veg | J79: 2 | K79: 3 | L79: =INDEX('All Items'!$Q:$Q,MATCH($A79,'All Items'!$A:$A,0)) -> 6.65 | M79: lime | N79: green masala | O79: Portuguese-African roots | P79: Goa | Q79: chicken | S79: Goa's chicken in a green coriander-chilli masala | T79: lime; chicken | U79: chicken | V79: =COUNTA(M79:R79) -> 5 | W79: No | X79: Yes | Y79: Yes | AA79: https://commons.wikimedia.org/w/index.php?search=Chicken+Cafreal+food&title=Special:MediaSearch&type=image | AE79: Needed | AF79: Draft v2 - editorial check
A80: D0106 | B80: Bebinca | D80: India | E80: Goa | F80: Asia | G80: Southern Asia | H80: Dessert | I80: Egg | J80: 2 | K80: 3 | L80: =INDEX('All Items'!$Q:$Q,MATCH($A80,'All Items'!$A:$A,0)) -> 7.15 | M80: nutmeg | N80: egg yolk | O80: coconut milk | P80: layered | Q80: many baked layers | R80: Goan Christmas | S80: Goa's many-layered coconut-egg cake | T80: nutmeg; egg yolk; coconut milk | V80: =COUNTA(M80:R80) -> 6 | W80: No | X80: Yes | Y80: Yes | AA80: https://commons.wikimedia.org/w/index.php?search=Bebinca+food&title=Special:MediaSearch&type=image | AB80: https://thumb.wikimedia.org/wikipedia/commons/thumb/3/31/Bebinca_com_gelado.jpg/1280px-Bebinca_com_gelado.jpg | AC80: CC BY 2.0 | AD80: Warren Noronha | AE80: Candidate - review | AF80: Draft v2 - editorial check
A81: D0108 | B81: Prawn Balchão | D81: India | E81: Goa | F81: Asia | G81: Southern Asia | H81: Condiment | I81: Non-veg | J81: 2 | K81: 3 | L81: =INDEX('All Items'!$Q:$Q,MATCH($A81,'All Items'!$A:$A,0)) -> 6.65 | M81: vinegar | N81: dried prawns | O81: pickled | P81: tangy and fiery | Q81: Goan | S81: Goa's fiery, vinegary prawn pickle | T81: vinegar; dried prawns | V81: =COUNTA(M81:R81) -> 5 | W81: No | X81: Yes | Y81: Yes | AA81: https://commons.wikimedia.org/w/index.php?search=Prawn+Balch%C3%A3o+food&title=Special:MediaSearch&type=image | AE81: Needed | AF81: Draft v2 - editorial check
A82: D0111 | B82: Idli | D82: India | E82: Tamil Nadu | F82: Asia | G82: Southern Asia | H82: Breakfast | I82: Vegan | J82: 1 | K82: 5 | L82: =INDEX('All Items'!$Q:$Q,MATCH($A82,'All Items'!$A:$A,0)) -> 10 | M82: fermented batter | N82: steamed | O82: urad dal | P82: steamed rice cakes | Q82: soft and fluffy | R82: with sambar and chutney | S82: South India's soft steamed rice cakes | T82: fermented batter; urad dal | V82: =COUNTA(M82:R82) -> 6 | W82: Yes | X82: Yes | Y82: Yes | AA82: https://commons.wikimedia.org/w/index.php?search=Idli+food&title=Special:MediaSearch&type=image | AE82: Needed | AF82: Draft v2 - editorial check
A83: D0112 | B83: Dosa | D83: India | E83: Tamil Nadu | F83: Asia | G83: Southern Asia | H83: Breakfast | I83: Vegan | J83: 1 | K83: 5 | L83: =INDEX('All Items'!$Q:$Q,MATCH($A83,'All Items'!$A:$A,0)) -> 10 | M83: potato masala | N83: sambar | O83: fermented batter | P83: crisp | Q83: urad dal | R83: thin crisp crepe | S83: South India's crisp fermented rice-lentil crepe | T83: potato masala; sambar; fermented batter; urad dal | V83: =COUNTA(M83:R83) -> 6 | W83: Yes | X83: Yes | Y83: Yes | AA83: https://commons.wikimedia.org/w/index.php?search=Dosa+food&title=Special:MediaSearch&type=image | AE83: Needed | AF83: Draft v2 - editorial check
A84: D0113 | B84: Masala Dosa | D84: India | E84: Karnataka | F84: Asia | G84: Southern Asia | H84: Breakfast | I84: Vegan | J84: 1 | K84: 5 | L84: =INDEX('All Items'!$Q:$Q,MATCH($A84,'All Items'!$A:$A,0)) -> 10 | M84: crisp | N84: fermented batter | O84: crisp crepe | P84: spiced potato filling | Q84: Udupi | R84: potato masala | S84: South India's crisp crepe filled with spiced potato | T84: fermented batter; potato masala | U84: potato masala | V84: =COUNTA(M84:R84) -> 6 | W84: Yes | X84: Yes | Y84: Yes | AA84: https://commons.wikimedia.org/w/index.php?search=Masala+Dosa+food&title=Special:MediaSearch&type=image | AB84: https://thumb.wikimedia.org/wikipedia/commons/thumb/b/ba/Masala_Dosa_2023.jpg/1280px-Masala_Dosa_2023.jpg | AC84: CC BY-SA 4.0 | AD84: Yakshitha | AE84: Candidate - review | AF84: Draft v2 - editorial check
A85: D0114 | B85: Medu Vada | D85: India | E85: Tamil Nadu | F85: Asia | G85: Southern Asia | H85: Breakfast | I85: Vegan | J85: 1 | K85: 5 | L85: =INDEX('All Items'!$Q:$Q,MATCH($A85,'All Items'!$A:$A,0)) -> 9.75 | M85: curry leaves | N85: deep fried | O85: doughnut shape | P85: urad dal | Q85: crisp fried rings | R85: served with sambar | S85: South India's crisp lentil doughnuts | T85: curry leaves; urad dal | V85: =COUNTA(M85:R85) -> 6 | W85: Yes | X85: Yes | Y85: Yes | AA85: https://commons.wikimedia.org/w/index.php?search=Medu+Vada+food&title=Special:MediaSearch&type=image | AE85: Needed | AF85: Draft v2 - editorial check
A86: D0115 | B86: Pongal | C86: Ven Pongal | D86: India | E86: Tamil Nadu | F86: Asia | G86: Southern Asia | H86: Breakfast | I86: Veg | J86: 1 | K86: 4 | L86: =INDEX('All Items'!$Q:$Q,MATCH($A86,'All Items'!$A:$A,0)) -> 8.2 | M86: rice | N86: cashew | O86: moong dal | P86: savoury porridge | Q86: peppercorn | R86: harvest festival | S86: Tamil Nadu's peppery rice-and-lentil porridge | T86: rice; cashew; moong dal | V86: =COUNTA(M86:R86) -> 6 | W86: Yes | X86: Yes | Y86: Yes | AA86: https://commons.wikimedia.org/w/index.php?search=Pongal+food&title=Special:MediaSearch&type=image | AB86: https://thumb.wikimedia.org/wikipedia/commons/thumb/2/21/Ven_pongal_with_sambar_and_chutney.jpg/1280px-Ven_pongal_with_sambar_and_chutney.jpg | AC86: CC BY-SA 4.0 | AD86: Shafana jasmine | AE86: Candidate - review | AF86: Draft v2 - editorial check
A87: D0116 | B87: Sakkarai Pongal | D87: India | E87: Tamil Nadu | F87: Asia | G87: Southern Asia | H87: Sweet | I87: Veg | J87: 2 | K87: 3 | L87: =INDEX('All Items'!$Q:$Q,MATCH($A87,'All Items'!$A:$A,0)) -> 7.4 | M87: rice | N87: cashew | O87: moong dal | P87: jaggery | Q87: sweet version | R87: harvest festival | S87: Tamil Nadu's sweet jaggery rice-and-lentil pudding | T87: rice; cashew; moong dal; jaggery | V87: =COUNTA(M87:R87) -> 6 | W87: No | X87: Yes | Y87: Yes | AA87: https://commons.wikimedia.org/w/index.php?search=Sakkarai+Pongal+food&title=Special:MediaSearch&type=image | AE87: Needed | AF87: Draft v2 - editorial check
A88: D0117 | B88: Sambar | D88: India | E88: Tamil Nadu | F88: Asia | G88: Southern Asia | H88: Main | I88: Vegan | J88: 1 | K88: 5 | L88: =INDEX('All Items'!$Q:$Q,MATCH($A88,'All Items'!$A:$A,0)) -> 10 | M88: drumstick | N88: toor dal | O88: lentil stew | P88: vegetables | Q88: with idli and dosa | R88: sambar powder | S88: South India's tangy lentil-vegetable stew | T88: drumstick; toor dal; sambar powder | U88: sambar powder | V88: =COUNTA(M88:R88) -> 6 | W88: Yes | X88: Yes | Y88: Yes | AA88: https://commons.wikimedia.org/w/index.php?search=Sambar+food&title=Special:MediaSearch&type=image | AE88: Needed | AF88: Draft v2 - editorial check
A89: D0118 | B89: Rasam | D89: India | E89: Tamil Nadu | F89: Asia | G89: Southern Asia | H89: Soup | I89: Vegan | J89: 1 | K89: 4 | L89: =INDEX('All Items'!$Q:$Q,MATCH($A89,'All Items'!$A:$A,0)) -> 7.95 | M89: tomato | N89: tamarind | O89: thin peppery soup | P89: sour | Q89: curry leaves | R89: drunk from a cup or poured on rice | S89: South India's thin, peppery tamarind-tomato soup | T89: tomato; tamarind | V89: =COUNTA(M89:R89) -> 6 | W89: Yes | X89: Yes | Y89: Yes | AA89: https://commons.wikimedia.org/w/index.php?search=Rasam+food&title=Special:MediaSearch&type=image | AE89: Needed | AF89: Draft v2 - editorial check
A90: D0119 | B90: Chettinad Chicken | D90: India | E90: Tamil Nadu | F90: Asia | G90: Southern Asia | H90: Main | I90: Non-veg | J90: 1 | K90: 4 | L90: =INDEX('All Items'!$Q:$Q,MATCH($A90,'All Items'!$A:$A,0)) -> 8.45 | M90: star anise | N90: fennel | O90: kalpasi | P90: fiery dark curry | Q90: Karaikudi | R90: chicken | S90: Tamil Nadu's fiery, aromatic chicken curry | T90: star anise; fennel; kalpasi; chicken | U90: chicken | V90: =COUNTA(M90:R90) -> 6 | W90: Yes | X90: Yes | Y90: Yes | AA90: https://commons.wikimedia.org/w/index.php?search=Chettinad+Chicken+food&title=Special:MediaSearch&type=image | AE90: Needed | AF90: Draft v2 - editorial check
A91: D0120 | B91: Kothu Parotta | D91: India | E91: Tamil Nadu | F91: Asia | G91: Southern Asia | H91: Street | I91: Egg | J91: 2 | K91: 3 | L91: =INDEX('All Items'!$Q:$Q,MATCH($A91,'All Items'!$A:$A,0)) -> 7.4 | M91: salna | N91: chopped | O91: clanging | P91: street sound of chopping | Q91: shredded flatbread | R91: parotta | S91: Shredded flatbread stir-fried with egg and salna | T91: salna; parotta | U91: parotta | V91: =COUNTA(M91:R91) -> 6 | W91: No | X91: Yes | Y91: Yes | AA91: https://commons.wikimedia.org/w/index.php?search=Kothu+Parotta+food&title=Special:MediaSearch&type=image | AE91: Needed | AF91: Draft v2 - editorial check
A92: D0121 | B92: Uttapam | D92: India | E92: Tamil Nadu | F92: Asia | G92: Southern Asia | H92: Breakfast | I92: Vegan | J92: 2 | K92: 3 | L92: =INDEX('All Items'!$Q:$Q,MATCH($A92,'All Items'!$A:$A,0)) -> 6.9 | M92: tomato | N92: thick pancake | O92: dosa batter | P92: vegetable topping | Q92: onion and chilli on top | R92: South Indian breakfast | S92: South India's thick rice pancake topped with vegetables | T92: tomato; thick pancake; dosa batter | V92: =COUNTA(M92:R92) -> 6 | W92: No | X92: Yes | Y92: Yes | AA92: https://commons.wikimedia.org/w/index.php?search=Uttapam+food&title=Special:MediaSearch&type=image | AE92: Needed | AF92: Draft v2 - editorial check
A93: D0122 | B93: Curd Rice | C93: Thayir Sadam | D93: India | E93: Tamil Nadu | F93: Asia | G93: Southern Asia | H93: Rice | I93: Veg | J93: 2 | K93: 3 | L93: =INDEX('All Items'!$Q:$Q,MATCH($A93,'All Items'!$A:$A,0)) -> 7.4 | M93: yogurt | N93: pomegranate | O93: cool and tangy | P93: tempered | Q93: end of meal | R93: rice | S93: South India's cooling rice mixed with yogurt | T93: yogurt; pomegranate; rice | U93: rice | V93: =COUNTA(M93:R93) -> 6 | W93: No | X93: Yes | Y93: Yes | AA93: https://commons.wikimedia.org/w/index.php?search=Curd+Rice+food&title=Special:MediaSearch&type=image | AE93: Needed | AF93: Draft v2 - editorial check
A94: D0123 | B94: Lemon Rice | D94: India | E94: Tamil Nadu | F94: Asia | G94: Southern Asia | H94: Rice | I94: Vegan | J94: 2 | K94: 3 | L94: =INDEX('All Items'!$Q:$Q,MATCH($A94,'All Items'!$A:$A,0)) -> 7.4 | M94: curry leaves | N94: peanuts | O94: yellow tangy rice | P94: tempered | Q94: rice | R94: lemon | S94: South India's tangy turmeric rice with peanuts | T94: curry leaves; peanuts; rice; lemon | U94: yellow tangy rice; rice; lemon | V94: =COUNTA(M94:R94) -> 6 | W94: No | X94: Yes | Y94: Yes | AA94: https://commons.wikimedia.org/w/index.php?search=Lemon+Rice+food&title=Special:MediaSearch&type=image | AB94: https://thumb.wikimedia.org/wikipedia/commons/thumb/f/f4/Chitranna_and_Payasa.jpg/1280px-Chitranna_and_Payasa.jpg | AC94: CC BY-SA 4.0 | AD94: Radhikapavan | AE94: Candidate - review | AF94: Draft v2 - editorial check
A95: D0124 | B95: Puliyodarai | C95: Tamarind Rice | D95: India | E95: Tamil Nadu | F95: Asia | G95: Southern Asia | H95: Rice | I95: Vegan | J95: 2 | K95: 3 | L95: =INDEX('All Items'!$Q:$Q,MATCH($A95,'All Items'!$A:$A,0)) -> 7.4 | M95: jaggery | N95: sesame oil | O95: peanuts | P95: tamarind | Q95: temple prasadam | R95: tangy brown rice | S95: Tamil Nadu's tangy, temple-style sour rice | T95: jaggery; sesame oil; peanuts; tamarind | V95: =COUNTA(M95:R95) -> 6 | W95: No | X95: Yes | Y95: Yes | AA95: https://commons.wikimedia.org/w/index.php?search=Puliyodarai+food&title=Special:MediaSearch&type=image | AB95: https://thumb.wikimedia.org/wikipedia/commons/thumb/d/d4/Pulihara.JPG/1280px-Pulihara.JPG | AC95: CC BY-SA 3.0 | AD95: KALX999 | AE95: Candidate - review | AF95: Draft v2 - editorial check
A96: D0125 | B96: Kuzhi Paniyaram | D96: India | E96: Tamil Nadu | F96: Asia | G96: Southern Asia | H96: Snack | I96: Vegan | J96: 2 | K96: 3 | L96: =INDEX('All Items'!$Q:$Q,MATCH($A96,'All Items'!$A:$A,0)) -> 7.15 | M96: curry leaves | N96: mustard seeds | O96: dosa batter | P96: special pan | Q96: round dumplings | R96: dimpled pan | S96: Tamil Nadu's round dumplings made in a dimpled pan | T96: curry leaves; mustard seeds; dosa batter | V96: =COUNTA(M96:R96) -> 6 | W96: No | X96: Yes | Y96: Yes | AA96: https://commons.wikimedia.org/w/index.php?search=Kuzhi+Paniyaram+food&title=Special:MediaSearch&type=image | AB96: https://thumb.wikimedia.org/wikipedia/commons/thumb/a/a6/Aesthetic_Paniyaram_of_Salem.jpg/1280px-Aesthetic_Paniyaram_of_Salem.jpg | AC96: CC BY-SA 4.0 | AD96: Thamizhpparithi Maari | AE96: Candidate - review | AF96: Draft v2 - editorial check
A97: D0126 | B97: Appam | D97: India | E97: Kerala | F97: Asia | G97: Southern Asia | H97: Breakfast | I97: Vegan | J97: 1 | K97: 4 | L97: =INDEX('All Items'!$Q:$Q,MATCH($A97,'All Items'!$A:$A,0)) -> 8.45 | M97: coconut | N97: lacy edges | O97: bowl-shaped | P97: lacy pancake | Q97: soft centre | R97: with stew | S97: Kerala's bowl-shaped fermented rice pancake | T97: coconut | V97: =COUNTA(M97:R97) -> 6 | W97: Yes | X97: Yes | Y97: Yes | AA97: https://commons.wikimedia.org/w/index.php?search=Appam+food&title=Special:MediaSearch&type=image | AE97: Needed | AF97: Draft v2 - editorial check
A98: D0127 | B98: Chicken 65 | D98: India | E98: Tamil Nadu | F98: Asia | G98: Southern Asia | H98: Snack | I98: Non-veg | J98: 1 | K98: 4 | L98: =INDEX('All Items'!$Q:$Q,MATCH($A98,'All Items'!$A:$A,0)) -> 8.45 | M98: cornflour | N98: deep fried | O98: deep-fried bites | P98: bar snack | Q98: Chennai | R98: chicken | S98: Chennai's spicy deep-fried chicken bites | T98: cornflour; chicken | U98: chicken | V98: =COUNTA(M98:R98) -> 6 | W98: Yes | X98: Yes | Y98: Yes | AA98: https://commons.wikimedia.org/w/index.php?search=Chicken+65+food&title=Special:MediaSearch&type=image | AE98: Needed | AF98: Draft v2 - editorial check
A99: D0130 | B99: Mysore Pak | D99: India | E99: Karnataka | F99: Asia | G99: Southern Asia | H99: Sweet | I99: Veg | J99: 1 | K99: 4 | L99: =INDEX('All Items'!$Q:$Q,MATCH($A99,'All Items'!$A:$A,0)) -> 7.95 | M99: cardamom | N99: gram flour | O99: ghee-rich fudge | P99: crumbly | Q99: Karnataka wedding sweet | S99: A rich, crumbly fudge from a royal Karnataka kitchen | T99: cardamom; gram flour | V99: =COUNTA(M99:R99) -> 5 | W99: Yes | X99: Yes | Y99: Yes | AA99: https://commons.wikimedia.org/w/index.php?search=Mysore+Pak+food&title=Special:MediaSearch&type=image | AB99: https://thumb.wikimedia.org/wikipedia/commons/thumb/f/ff/Mysore_pak.jpg/1280px-Mysore_pak.jpg | AC99: CC BY-SA 2.0 | AD99: Charles Haynes | AE99: Candidate - review | AF99: Draft v2 - editorial check
A100: D0133 | B100: Murukku | D100: India | E100: Tamil Nadu | F100: Asia | G100: Southern Asia | H100: Snack | I100: Vegan | J100: 1 | K100: 4 | L100: =INDEX('All Items'!$Q:$Q,MATCH($A100,'All Items'!$A:$A,0)) -> 8.7 | M100: sesame | N100: rice flour | O100: spiral | P100: deep fried | Q100: crunchy spirals | R100: Diwali snack | S100: South India's crunchy rice-flour spirals | T100: sesame; rice flour | V100: =COUNTA(M100:R100) -> 6 | W100: Yes | X100: Yes | Y100: Yes | AA100: https://commons.wikimedia.org/w/index.php?search=Murukku+food&title=Special:MediaSearch&type=image | AE100: Needed | AF100: Draft v2 - editorial check
...

Sheet Drinks
A1: ID | B1: Drink | C1: Also known as | D1: Country | E1: State / region | F1: Continent | G1: Subregion | H1: Type | I1: Alcoholic | J1: Glass / serve | K1: Fame (1-3) | L1: Recognition (1-5) | M1: Score | N1: Clue 1 | O1: Clue 2 | P1: Clue 3 | Q1: Clue 4 | R1: Clue 5 | S1: Clue 6 | T1: Final hint | U1: Ingredient clues | V1: Giveaway clues (shown last) | W1: Clue count | X1: Global mode | Y1: India mode | Z1: Country mode | AA1: Origin note | AB1: Image search (Wikimedia) | AC1: Image URL | AD1: Image licence | AE1: Image credit | AF1: Image status | AG1: Status
A2: B0001 | B2: Mojito | D2: Cuba | F2: Americas | G2: Caribbean | H2: Cocktail | I2: Yes | J2: Highball | K2: 1 | L2: 5 | M2: =INDEX('All Items'!$Q:$Q,MATCH($A2,'All Items'!$A:$A,0)) -> 9.75 | N2: soda water | O2: lime | P2: white rum | Q2: mint | R2: Cuban highball | S2: minty | T2: Cuba's minty rum highball | U2: soda water; lime; white rum; mint | W2: =COUNTA(N2:S2) -> 6 | X2: Yes | Y2: No | Z2: Yes | AB2: https://commons.wikimedia.org/w/index.php?search=Mojito+drink&title=Special:MediaSearch&type=image | AC2: https://thumb.wikimedia.org/wikipedia/commons/thumb/5/54/15-09-26-RalfR-WLC-0072.jpg/1280px-15-09-26-RalfR-WLC-0072.jpg | AD2: CC BY-SA 3.0 | AE2: Ralf Roletschek | AF2: Candidate - review | AG2: Draft v2 - editorial check
A3: B0002 | B3: Margarita | D3: Mexico | F3: Americas | G3: North America | H3: Cocktail | I3: Yes | J3: Coupe or margarita glass | K3: 1 | L3: 5 | M3: =INDEX('All Items'!$Q:$Q,MATCH($A3,'All Items'!$A:$A,0)) -> 9.75 | N3: lime | O3: salt rim | P3: triple sec | Q3: tequila | R3: salted rim | S3: Mexican | T3: Mexico's tequila-lime cocktail with a salted rim | U3: lime; triple sec; tequila | W3: =COUNTA(N3:S3) -> 6 | X3: Yes | Y3: No | Z3: Yes | AB3: https://commons.wikimedia.org/w/index.php?search=Margarita+drink&title=Special:MediaSearch&type=image | AF3: Needed | AG3: Draft v2 - editorial check
A4: B0003 | B4: Piña Colada | D4: Puerto Rico | F4: Americas | G4: Caribbean | H4: Cocktail | I4: Yes | J4: Hurricane | K4: 1 | L4: 5 | M4: =INDEX('All Items'!$Q:$Q,MATCH($A4,'All Items'!$A:$A,0)) -> 9.75 | N4: cream of coconut | O4: white rum | P4: blended | Q4: pineapple juice | R4: creamy tropical | S4: Puerto Rico | T4: Puerto Rico's creamy coconut-pineapple rum cocktail | U4: cream of coconut; white rum; pineapple juice | W4: =COUNTA(N4:S4) -> 6 | X4: Yes | Y4: No | Z4: Yes | AB4: https://commons.wikimedia.org/w/index.php?search=Pi%C3%B1a+Colada+drink&title=Special:MediaSearch&type=image | AF4: Needed | AG4: Draft v2 - editorial check
A5: B0004 | B5: Old Fashioned | D5: United States | F5: Americas | G5: North America | H5: Cocktail | I5: Yes | J5: Rocks glass | K5: 1 | L5: 4 | M5: =INDEX('All Items'!$Q:$Q,MATCH($A5,'All Items'!$A:$A,0)) -> 8.2 | N5: orange peel | O5: angostura bitters | P5: bourbon | Q5: stirred whiskey | R5: sugar and bitters | T5: A stirred whiskey drink with sugar and bitters | U5: orange peel; angostura bitters; bourbon | W5: =COUNTA(N5:S5) -> 5 | X5: Yes | Y5: No | Z5: Yes | AB5: https://commons.wikimedia.org/w/index.php?search=Old+Fashioned+drink&title=Special:MediaSearch&type=image | AF5: Needed | AG5: Draft v2 - editorial check
A6: B0005 | B6: Martini | D6: United States | F6: Americas | G6: North America | H6: Cocktail | I6: Yes | J6: Martini glass | K6: 1 | L6: 4 | M6: =INDEX('All Items'!$Q:$Q,MATCH($A6,'All Items'!$A:$A,0)) -> 8.45 | N6: stirred | O6: olives | P6: dry vermouth | Q6: gin | R6: cocktail glass | S6: James Bond | T6: A stirred gin and vermouth cocktail | U6: olives; dry vermouth; gin | W6: =COUNTA(N6:S6) -> 6 | X6: Yes | Y6: No | Z6: Yes | AB6: https://commons.wikimedia.org/w/index.php?search=Martini+drink&title=Special:MediaSearch&type=image | AF6: Needed | AG6: Draft v2 - editorial check
A7: B0006 | B7: Negroni | D7: Italy | F7: Europe | G7: Southern Europe | H7: Cocktail | I7: Yes | J7: Rocks glass | K7: 1 | L7: 4 | M7: =INDEX('All Items'!$Q:$Q,MATCH($A7,'All Items'!$A:$A,0)) -> 8.45 | N7: orange peel | O7: sweet vermouth | P7: gin | Q7: campari | R7: bitter red | S7: equal parts | T7: Italy's bitter red cocktail in equal parts | U7: orange peel; sweet vermouth; gin; campari | W7: =COUNTA(N7:S7) -> 6 | X7: Yes | Y7: No | Z7: Yes | AB7: https://commons.wikimedia.org/w/index.php?search=Negroni+drink&title=Special:MediaSearch&type=image | AF7: Needed | AG7: Draft v2 - editorial check
A8: B0007 | B8: Cosmopolitan | D8: United States | F8: Americas | G8: North America | H8: Cocktail | I8: Yes | J8: Martini glass | K8: 1 | L8: 4 | M8: =INDEX('All Items'!$Q:$Q,MATCH($A8,'All Items'!$A:$A,0)) -> 8.45 | N8: lime | O8: triple sec | P8: citrus vodka | Q8: cranberry juice | R8: pink cocktail | S8: Sex and the City | T8: A pink vodka-cranberry cocktail | U8: lime; triple sec; citrus vodka; cranberry juice | W8: =COUNTA(N8:S8) -> 6 | X8: Yes | Y8: No | Z8: Yes | AB8: https://commons.wikimedia.org/w/index.php?search=Cosmopolitan+drink&title=Special:MediaSearch&type=image | AF8: Needed | AG8: Draft v2 - editorial check
A9: B0008 | B9: Daiquiri | D9: Cuba | F9: Americas | G9: Caribbean | H9: Cocktail | I9: Yes | J9: Coupe | K9: 1 | L9: 4 | M9: =INDEX('All Items'!$Q:$Q,MATCH($A9,'All Items'!$A:$A,0)) -> 8.2 | N9: lime | O9: shaken | P9: white rum | Q9: Cuban rum sour | R9: sugar | S9: coupe glass | T9: Cuba's rum, lime and sugar cocktail | U9: lime; white rum; sugar | W9: =COUNTA(N9:S9) -> 6 | X9: Yes | Y9: No | Z9: Yes | AB9: https://commons.wikimedia.org/w/index.php?search=Daiquiri+drink&title=Special:MediaSearch&type=image | AC9: https://thumb.wikimedia.org/wikipedia/commons/thumb/f/fd/Classic_Daiquiri_in_Cocktail_Glass.jpg/1280px-Classic_Daiquiri_in_Cocktail_Glass.jpg | AD9: CC BY-SA 3.0 | AE9: Will Shenton | AF9: Candidate - review | AG9: Draft v2 - editorial check
A10: B0009 | B10: Manhattan | D10: United States | F10: Americas | G10: North America | H10: Cocktail | I10: Yes | J10: Coupe | K10: 1 | L10: 4 | M10: =INDEX('All Items'!$Q:$Q,MATCH($A10,'All Items'!$A:$A,0)) -> 8.45 | N10: cherry | O10: angostura bitters | P10: sweet vermouth | Q10: rye whiskey | R10: stirred whiskey | S10: New York | T10: A stirred whiskey and sweet vermouth cocktail | U10: cherry; angostura bitters; sweet vermouth; rye whiskey | W10: =COUNTA(N10:S10) -> 6 | X10: Yes | Y10: No | Z10: Yes | AB10: https://commons.wikimedia.org/w/index.php?search=Manhattan+drink&title=Special:MediaSearch&type=image | AC10: https://thumb.wikimedia.org/wikipedia/commons/thumb/7/7a/View_of_Empire_State_Building_from_Rockefeller_Center_New_York_City_dllu_%28cropped%29.jpg/1280px-View_of_Empire_State_Building_from_Rockefeller_Center_New_York_City_dllu_%28cropped%29.jpg | AD10: CC BY-SA 4.0 | AE10: Dllu | AF10: Candidate - review | AG10: Draft v2 - editorial check
A11: B0010 | B11: Bloody Mary | D11: France | F11: Europe | G11: Western Europe | H11: Cocktail | I11: Yes | J11: Highball | K11: 1 | L11: 4 | M11: =INDEX('All Items'!$Q:$Q,MATCH($A11,'All Items'!$A:$A,0)) -> 8.7 | N11: celery | O11: Worcestershire sauce | P11: tabasco | Q11: vodka | R11: tomato juice | S11: savoury brunch cocktail | T11: A savoury vodka and tomato cocktail | U11: celery; Worcestershire sauce; tabasco; vodka; tomato juice | W11: =COUNTA(N11:S11) -> 6 | X11: Yes | Y11: No | Z11: No | AA11: Paris (Harry's New York Bar) and New York claims | AB11: https://commons.wikimedia.org/w/index.php?search=Bloody+Mary+drink&title=Special:MediaSearch&type=image | AF11: Needed | AG11: Draft v2 - editorial check
A12: B0011 | B12: Moscow Mule | D12: United States | F12: Americas | G12: North America | H12: Cocktail | I12: Yes | J12: Copper mug | K12: 1 | L12: 4 | M12: =INDEX('All Items'!$Q:$Q,MATCH($A12,'All Items'!$A:$A,0)) -> 8.45 | N12: ginger beer | O12: vodka | P12: copper mug | Q12: sugar | R12: mint sprig | S12: highball | T12: A vodka and ginger beer cocktail in a copper mug | U12: ginger beer; vodka | W12: =COUNTA(N12:S12) -> 6 | X12: Yes | Y12: No | Z12: Yes | AB12: https://commons.wikimedia.org/w/index.php?search=Moscow+Mule+drink&title=Special:MediaSearch&type=image | AC12: https://thumb.wikimedia.org/wikipedia/commons/thumb/8/89/Cocktail_Moscow_Mule_im_Kupferbecher_mit_Minze.jpg/1280px-Cocktail_Moscow_Mule_im_Kupferbecher_mit_Minze.jpg | AD12: CC BY-SA 4.0 | AE12: Gordito1869 | AF12: Candidate - review | AG12: Draft v2 - editorial check
A13: B0012 | B13: Whiskey Sour | D13: United States | F13: Americas | G13: North America | H13: Cocktail | I13: Yes | J13: Rocks glass | K13: 1 | L13: 4 | M13: =INDEX('All Items'!$Q:$Q,MATCH($A13,'All Items'!$A:$A,0)) -> 8.2 | N13: lemon | O13: egg white | P13: whisky | Q13: frothy sour | R13: bourbon | S13: angostura | T13: A frothy cocktail of bourbon, lemon and sugar | U13: lemon; egg white; whisky | V13: frothy sour | W13: =COUNTA(N13:S13) -> 6 | X13: Yes | Y13: No | Z13: Yes | AB13: https://commons.wikimedia.org/w/index.php?search=Whiskey+Sour+drink&title=Special:MediaSearch&type=image | AC13: https://thumb.wikimedia.org/wikipedia/commons/thumb/5/59/Whiskey_Sour.jpg/1280px-Whiskey_Sour.jpg | AD13: CC BY-SA 3.0 | AE13: Jgilgamesh | AF13: Candidate - review | AG13: Draft v2 - editorial check
A14: B0013 | B14: Mai Tai | D14: United States | F14: Americas | G14: North America | H14: Cocktail | I14: Yes | J14: Rocks glass | K14: 2 | L14: 3 | M14: =INDEX('All Items'!$Q:$Q,MATCH($A14,'All Items'!$A:$A,0)) -> 7.15 | N14: lime | O14: orgeat | P14: orange curaçao | Q14: dark rum | R14: tiki cocktail | T14: A tiki rum cocktail with almond syrup | U14: lime; orgeat; orange curaçao; dark rum | W14: =COUNTA(N14:S14) -> 5 | X14: Yes | Y14: No | Z14: Yes | AB14: https://commons.wikimedia.org/w/index.php?search=Mai+Tai+drink&title=Special:MediaSearch&type=image | AC14: https://thumb.wikimedia.org/wikipedia/commons/thumb/1/13/Mai_Tai_at_Trader_Vic%27s_Emeryville.jpg/1280px-Mai_Tai_at_Trader_Vic%27s_Emeryville.jpg | AD14: CC BY-SA 4.0 | AE14: Kevdo | AF14: Candidate - review | AG14: Draft v2 - editorial check
A15: B0014 | B15: Long Island Iced Tea | D15: United States | F15: Americas | G15: North America | H15: Cocktail | I15: Yes | J15: Highball | K15: 1 | L15: 5 | M15: =INDEX('All Items'!$Q:$Q,MATCH($A15,'All Items'!$A:$A,0)) -> 10 | N15: rum | O15: tequila | P15: gin | Q15: cola | R15: tastes like tea | S15: no tea | T15: A strong mix of four spirits topped with cola | U15: rum; tequila; gin; cola | V15: tastes like tea; no tea | W15: =COUNTA(N15:S15) -> 6 | X15: Yes | Y15: No | Z15: Yes | AB15: https://commons.wikimedia.org/w/index.php?search=Long+Island+Iced+Tea+drink&title=Special:MediaSearch&type=image | AF15: Needed | AG15: Draft v2 - editorial check
A16: B0015 | B16: Aperol Spritz | D16: Italy | F16: Europe | G16: Southern Europe | H16: Cocktail | I16: Yes | J16: Wine glass | K16: 1 | L16: 4 | M16: =INDEX('All Items'!$Q:$Q,MATCH($A16,'All Items'!$A:$A,0)) -> 8.45 | N16: soda water | O16: orange slice | P16: prosecco | Q16: Italian aperitivo | R16: aperol | T16: Italy's orange aperitivo with prosecco and soda | U16: soda water; orange slice; prosecco; aperol | V16: aperol | W16: =COUNTA(N16:S16) -> 5 | X16: Yes | Y16: No | Z16: Yes | AB16: https://commons.wikimedia.org/w/index.php?search=Aperol+Spritz+drink&title=Special:MediaSearch&type=image | AC16: https://thumb.wikimedia.org/wikipedia/commons/thumb/5/5f/Aperol_Spritz_aboard_Viking_Mariella.jpg/1280px-Aperol_Spritz_aboard_Viking_Mariella.jpg | AD16: CC BY-SA 4.0 | AE16: JIP | AF16: Candidate - review | AG16: Draft v2 - editorial check
A17: B0016 | B17: Caipirinha | D17: Brazil | F17: Americas | G17: South America | H17: Cocktail | I17: Yes | J17: Rocks glass | K17: 1 | L17: 4 | M17: =INDEX('All Items'!$Q:$Q,MATCH($A17,'All Items'!$A:$A,0)) -> 7.95 | N17: muddled lime | O17: cachaça | P17: Brazil's national cocktail | Q17: sugar | R17: crushed ice | T17: Brazil's cachaça and lime cocktail | U17: cachaça; sugar | W17: =COUNTA(N17:S17) -> 5 | X17: Yes | Y17: No | Z17: Yes | AB17: https://commons.wikimedia.org/w/index.php?search=Caipirinha+drink&title=Special:MediaSearch&type=image | AC17: https://thumb.wikimedia.org/wikipedia/commons/thumb/0/01/Caipirinha_with_lime.jpg/1280px-Caipirinha_with_lime.jpg | AD17: CC0 | AE17: rawpixel.com | AF17: Candidate - review | AG17: Draft v2 - editorial check
A18: B0017 | B18: Pisco Sour | D18: Peru | F18: Americas | G18: South America | H18: Cocktail | I18: Yes | J18: Coupe | K18: 2 | L18: 3 | M18: =INDEX('All Items'!$Q:$Q,MATCH($A18,'All Items'!$A:$A,0)) -> 7.15 | N18: lime | O18: angostura bitters | P18: egg white | Q18: frothy sour | R18: Peru | S18: pisco | T18: Peru's frothy brandy sour | U18: lime; angostura bitters; egg white; pisco | V18: frothy sour; pisco | W18: =COUNTA(N18:S18) -> 6 | X18: Yes | Y18: No | Z18: No | AA18: Peru and Chile both claim it | AB18: https://commons.wikimedia.org/w/index.php?search=Pisco+Sour+drink&title=Special:MediaSearch&type=image | AC18: https://thumb.wikimedia.org/wikipedia/commons/thumb/2/27/Pisco_sour_20100613b.JPG/1280px-Pisco_sour_20100613b.JPG | AD18: CC BY-SA 4.0 | AE18: Dtarazona | AF18: Candidate - review | AG18: Draft v2 - editorial check
A19: B0018 | B19: Espresso Martini | D19: United Kingdom | F19: Europe | G19: Northern Europe | H19: Cocktail | I19: Yes | J19: Martini glass | K19: 1 | L19: 4 | M19: =INDEX('All Items'!$Q:$Q,MATCH($A19,'All Items'!$A:$A,0)) -> 8.2 | N19: coffee liqueur | O19: vodka | P19: coffee cocktail | Q19: London | R19: fresh espresso | T19: A vodka and coffee cocktail | U19: coffee liqueur; vodka; fresh espresso | V19: fresh espresso | W19: =COUNTA(N19:S19) -> 5 | X19: Yes | Y19: No | Z19: Yes | AB19: https://commons.wikimedia.org/w/index.php?search=Espresso+Martini+drink&title=Special:MediaSearch&type=image | AC19: https://thumb.wikimedia.org/wikipedia/commons/thumb/5/55/Bistrot_Bruno_Loubet%2C_Clerkenwell%2C_London_%284574785649%29.jpg/1280px-Bistrot_Bruno_Loubet%2C_Clerkenwell%2C_London_%284574785649%29.jpg | AD19: CC BY-SA 2.0 | AE19: Ewan Munro from London, UK | AF19: Candidate - review | AG19: Draft v2 - editorial check
A20: B0019 | B20: Gin and Tonic | D20: United Kingdom | F20: Europe | G20: Northern Europe | H20: Cocktail | I20: Yes | J20: Highball or copa | K20: 1 | L20: 5 | M20: =INDEX('All Items'!$Q:$Q,MATCH($A20,'All Items'!$A:$A,0)) -> 9.75 | N20: lime | O20: juniper | P20: highball | Q20: British | R20: gin | S20: tonic water | T20: A juniper spirit topped with quinine mixer | U20: lime; juniper; gin; tonic water | V20: gin; tonic water | W20: =COUNTA(N20:S20) -> 6 | X20: Yes | Y20: No | Z20: Yes | AB20: https://commons.wikimedia.org/w/index.php?search=Gin+and+Tonic+drink&title=Special:MediaSearch&type=image | AF20: Needed | AG20: Draft v2 - editorial check
A21: B0020 | B21: Tom Collins | D21: United States | F21: Americas | G21: North America | H21: Cocktail | I21: Yes | J21: Collins glass | K21: 2 | L21: 3 | M21: =INDEX('All Items'!$Q:$Q,MATCH($A21,'All Items'!$A:$A,0)) -> 6.9 | N21: soda water | O21: lemon | P21: gin | Q21: tall gin fizz | R21: fizzy | T21: A tall, fizzy gin and lemon drink | U21: soda water; lemon; gin | W21: =COUNTA(N21:S21) -> 5 | X21: Yes | Y21: No | Z21: Yes | AB21: https://commons.wikimedia.org/w/index.php?search=Tom+Collins+drink&title=Special:MediaSearch&type=image | AF21: Needed | AG21: Draft v2 - editorial check
A22: B0021 | B22: Sex on the Beach | D22: United States | F22: Americas | G22: North America | H22: Cocktail | I22: Yes | J22: Highball | K22: 2 | L22: 3 | M22: =INDEX('All Items'!$Q:$Q,MATCH($A22,'All Items'!$A:$A,0)) -> 7.15 | N22: cranberry juice | O22: orange juice | P22: peach schnapps | Q22: vodka | R22: fruity vodka cocktail | T22: A fruity vodka cocktail with peach and cranberry | U22: cranberry juice; orange juice; peach schnapps; vodka | W22: =COUNTA(N22:S22) -> 5 | X22: Yes | Y22: No | Z22: Yes | AB22: https://commons.wikimedia.org/w/index.php?search=Sex+on+the+Beach+drink&title=Special:MediaSearch&type=image | AC22: https://thumb.wikimedia.org/wikipedia/commons/thumb/a/a2/Sex_On_The_Beach.jpg/1280px-Sex_On_The_Beach.jpg | AD22: CC BY 2.0 | AE22: Stuart Webster from Southampton, England | AF22: Candidate - review | AG22: Draft v2 - editorial check
A23: B0022 | B23: Tequila Sunrise | D23: United States | F23: Americas | G23: North America | H23: Cocktail | I23: Yes | J23: Highball | K23: 1 | L23: 4 | M23: =INDEX('All Items'!$Q:$Q,MATCH($A23,'All Items'!$A:$A,0)) -> 8.45 | N23: orange juice | O23: layered | P23: grenadine | Q23: sunset colours | R23: highball | S23: tequila | T23: An agave spirit with orange juice and sinking grenadine | U23: orange juice; grenadine; tequila | V23: tequila | W23: =COUNTA(N23:S23) -> 6 | X23: Yes | Y23: No | Z23: Yes | AB23: https://commons.wikimedia.org/w/index.php?search=Tequila+Sunrise+drink&title=Special:MediaSearch&type=image | AF23: Needed | AG23: Draft v2 - editorial check
A24: B0023 | B24: Bellini | D24: Italy | F24: Europe | G24: Southern Europe | H24: Cocktail | I24: Yes | J24: Flute | K24: 2 | L24: 3 | M24: =INDEX('All Items'!$Q:$Q,MATCH($A24,'All Items'!$A:$A,0)) -> 7.15 | N24: chilled | O24: prosecco | P24: white peach purée | Q24: peach and bubbles | R24: Venice | T24: Venice's peach and prosecco cocktail | U24: prosecco; white peach purée | W24: =COUNTA(N24:S24) -> 5 | X24: Yes | Y24: No | Z24: Yes | AB24: https://commons.wikimedia.org/w/index.php?search=Bellini+drink&title=Special:MediaSearch&type=image | AF24: Needed | AG24: Draft v2 - editorial check
A25: B0024 | B25: Mimosa | D25: France | F25: Europe | G25: Western Europe | H25: Cocktail | I25: Yes | J25: Flute | K25: 1 | L25: 4 | M25: =INDEX('All Items'!$Q:$Q,MATCH($A25,'All Items'!$A:$A,0)) -> 8.45 | N25: chilled | O25: brunch | P25: sparkling wine | Q25: orange juice | R25: brunch drink | S25: bubbles | T25: Sparkling wine with orange juice | U25: sparkling wine; orange juice | W25: =COUNTA(N25:S25) -> 6 | X25: Yes | Y25: No | Z25: Yes | AB25: https://commons.wikimedia.org/w/index.php?search=Mimosa+drink&title=Special:MediaSearch&type=image | AC25: https://thumb.wikimedia.org/wikipedia/commons/thumb/5/51/Mimosa_flowers_01.jpg/1280px-Mimosa_flowers_01.jpg | AD25: CC BY-SA 4.0 | AE25: This work was made by Nafiur Rahman and released under the license(s) stated below. Please feel free to use it for any purpose as long as you credit Nafiur Rahman as author and follow the terms of the chosen license. If you use this work outside of the Wikimedia projects, I would very much like to get a note from you. Thanks! | AF25: Candidate - review | AG25: Draft v2 - editorial check
A26: B0025 | B26: French 75 | D26: France | F26: Europe | G26: Western Europe | H26: Cocktail | I26: Yes | J26: Flute | K26: 2 | L26: 3 | M26: =INDEX('All Items'!$Q:$Q,MATCH($A26,'All Items'!$A:$A,0)) -> 6.9 | N26: lemon | O26: gin | P26: champagne | Q26: gin and bubbles | R26: flute | S26: World War I | T26: A gin, lemon and champagne cocktail | U26: lemon; gin; champagne | W26: =COUNTA(N26:S26) -> 6 | X26: Yes | Y26: No | Z26: Yes | AB26: https://commons.wikimedia.org/w/index.php?search=French+75+drink&title=Special:MediaSearch&type=image | AF26: Needed | AG26: Draft v2 - editorial check
A27: B0026 | B27: Sidecar | D27: France | F27: Europe | G27: Western Europe | H27: Cocktail | I27: Yes | J27: Coupe | K27: 2 | L27: 3 | M27: =INDEX('All Items'!$Q:$Q,MATCH($A27,'All Items'!$A:$A,0)) -> 7.15 | N27: lemon | O27: sugar rim | P27: triple sec | Q27: cognac | R27: brandy sour | S27: French | T27: A brandy, orange liqueur and lemon cocktail | U27: lemon; triple sec; cognac | W27: =COUNTA(N27:S27) -> 6 | X27: Yes | Y27: No | Z27: Yes | AB27: https://commons.wikimedia.org/w/index.php?search=Sidecar+drink&title=Special:MediaSearch&type=image | AF27: Needed | AG27: Draft v2 - editorial check
A28: B0027 | B28: Gimlet | D28: United Kingdom | F28: Europe | G28: Northern Europe | H28: Cocktail | I28: Yes | J28: Coupe | K28: 2 | L28: 3 | M28: =INDEX('All Items'!$Q:$Q,MATCH($A28,'All Items'!$A:$A,0)) -> 6.9 | N28: shaken | O28: lime cordial | P28: gin | Q28: gin sour | R28: British navy | T28: A gin and lime cordial cocktail | U28: lime cordial; gin | W28: =COUNTA(N28:S28) -> 5 | X28: Yes | Y28: No | Z28: Yes | AB28: https://commons.wikimedia.org/w/index.php?search=Gimlet+drink&title=Special:MediaSearch&type=image | AF28: Needed | AG28: Draft v2 - editorial check
A29: B0028 | B29: Dark 'n' Stormy | D29: Bermuda | F29: Americas | G29: North America | H29: Cocktail | I29: Yes | J29: Highball | K29: 2 | L29: 3 | M29: =INDEX('All Items'!$Q:$Q,MATCH($A29,'All Items'!$A:$A,0)) -> 6.9 | N29: lime | O29: ginger beer | P29: Bermuda | Q29: highball | R29: spicy ginger | S29: dark rum | T29: Bermuda's rum and ginger beer highball | U29: lime; ginger beer; dark rum | V29: dark rum | W29: =COUNTA(N29:S29) -> 6 | X29: Yes | Y29: No | Z29: Yes | AB29: https://commons.wikimedia.org/w/index.php?search=Dark+%27n%27+Stormy+drink&title=Special:MediaSearch&type=image | AF29: Needed | AG29: Draft v2 - editorial check
A30: B0029 | B30: Paloma | D30: Mexico | F30: Americas | G30: North America | H30: Cocktail | I30: Yes | J30: Highball | K30: 2 | L30: 3 | M30: =INDEX('All Items'!$Q:$Q,MATCH($A30,'All Items'!$A:$A,0)) -> 6.9 | N30: lime | O30: grapefruit soda | P30: tequila | Q30: grapefruit highball | R30: Mexican | T30: Mexico's tequila and grapefruit soda highball | U30: lime; grapefruit soda; tequila | W30: =COUNTA(N30:S30) -> 5 | X30: Yes | Y30: No | Z30: Yes | AB30: https://commons.wikimedia.org/w/index.php?search=Paloma+drink&title=Special:MediaSearch&type=image | AF30: Needed | AG30: Draft v2 - editorial check
A31: B0030 | B31: White Russian | D31: Belgium | F31: Europe | G31: Western Europe | H31: Cocktail | I31: Yes | J31: Rocks glass | K31: 2 | L31: 3 | M31: =INDEX('All Items'!$Q:$Q,MATCH($A31,'All Items'!$A:$A,0)) -> 6.9 | N31: cream | O31: coffee liqueur | P31: vodka | Q31: creamy coffee cocktail | R31: The Big Lebowski | T31: A vodka, coffee liqueur and cream cocktail | U31: cream; coffee liqueur; vodka | W31: =COUNTA(N31:S31) -> 5 | X31: Yes | Y31: No | Z31: Yes | AB31: https://commons.wikimedia.org/w/index.php?search=White+Russian+drink&title=Special:MediaSearch&type=image | AF31: Needed | AG31: Draft v2 - editorial check
A32: B0032 | B32: Irish Coffee | D32: Ireland | F32: Europe | G32: Northern Europe | H32: Cocktail | I32: Yes | J32: Irish coffee glass | K32: 2 | L32: 4 | M32: =INDEX('All Items'!$Q:$Q,MATCH($A32,'All Items'!$A:$A,0)) -> 8.2 | N32: cream float | O32: sugar | P32: brown sugar | Q32: whipped cream | R32: hot coffee | S32: irish whiskey | T32: Hot coffee with whiskey, topped with cream | U32: cream float; brown sugar; hot coffee; irish whiskey | V32: hot coffee; irish whiskey | W32: =COUNTA(N32:S32) -> 6 | X32: Yes | Y32: No | Z32: Yes | AB32: https://commons.wikimedia.org/w/index.php?search=Irish+Coffee+drink&title=Special:MediaSearch&type=image | AC32: https://thumb.wikimedia.org/wikipedia/commons/thumb/6/61/Irish_coffee_glass.jpg/1280px-Irish_coffee_glass.jpg | AD32: CC BY 2.0 | AE32: jules / stone soup | AF32: Candidate - review | AG32: Draft v2 - editorial check
A33: B0033 | B33: Mint Julep | D33: United States | F33: Americas | G33: North America | H33: Cocktail | I33: Yes | J33: Julep cup | K33: 2 | L33: 3 | M33: =INDEX('All Items'!$Q:$Q,MATCH($A33,'All Items'!$A:$A,0)) -> 6.9 | N33: bourbon | O33: silver cup | P33: Kentucky Derby | Q33: crushed ice | R33: sugar | S33: mint | T33: Kentucky's bourbon drink with a fresh herb | U33: bourbon; crushed ice; sugar; mint | V33: mint | W33: =COUNTA(N33:S33) -> 6 | X33: Yes | Y33: No | Z33: Yes | AB33: https://commons.wikimedia.org/w/index.php?search=Mint+Julep+drink&title=Special:MediaSearch&type=image | AC33: https://thumb.wikimedia.org/wikipedia/commons/thumb/5/55/Mint_Julep_im_Silberbecher.jpg/1280px-Mint_Julep_im_Silberbecher.jpg | AD33: CC BY-SA 3.0 | AE33: Cocktailmarler | AF33: Candidate - review | AG33: Draft v2 - editorial check
A34: B0039 | B34: Blue Lagoon | D34: France | F34: Europe | G34: Western Europe | H34: Cocktail | I34: Yes | J34: Highball | K34: 2 | L34: 3 | M34: =INDEX('All Items'!$Q:$Q,MATCH($A34,'All Items'!$A:$A,0)) -> 6.9 | N34: lemonade | O34: vodka | P34: neon colour | Q34: highball | R34: blue curaçao | T34: A bright electric-coloured vodka cocktail | U34: lemonade; vodka; blue curaçao | V34: blue curaçao | W34: =COUNTA(N34:S34) -> 5 | X34: Yes | Y34: No | Z34: Yes | AB34: https://commons.wikimedia.org/w/index.php?search=Blue+Lagoon+drink&title=Special:MediaSearch&type=image | AF34: Needed | AG34: Draft v2 - editorial check
A35: B0041 | B35: Singapore Sling | D35: Singapore | F35: Asia | G35: South-Eastern Asia | H35: Cocktail | I35: Yes | J35: Hurricane glass | K35: 2 | L35: 3 | M35: =INDEX('All Items'!$Q:$Q,MATCH($A35,'All Items'!$A:$A,0)) -> 7.4 | N35: grenadine | O35: benedictine | P35: cherry heering | Q35: gin | R35: pink gin cocktail | S35: Raffles Hotel | T35: Singapore's fruity pink gin cocktail | U35: grenadine; benedictine; cherry heering; gin | W35: =COUNTA(N35:S35) -> 6 | X35: Yes | Y35: No | Z35: Yes | AB35: https://commons.wikimedia.org/w/index.php?search=Singapore+Sling+drink&title=Special:MediaSearch&type=image | AC35: https://thumb.wikimedia.org/wikipedia/commons/thumb/2/20/Singapore_Sling_and_peanuts_at_the_Raffles_Hotel_Long_Bar_in_Singapore.jpg/1280px-Singapore_Sling_and_peanuts_at_the_Raffles_Hotel_Long_Bar_in_Singapore.jpg | AD35: CC BY 4.0 | AE35: Paul2520 | AF35: Candidate - review | AG35: Draft v2 - editorial check
A36: B0050 | B36: Vesper | D36: United Kingdom | F36: Europe | G36: Northern Europe | H36: Cocktail | I36: Yes | J36: Martini glass | K36: 2 | L36: 3 | M36: =INDEX('All Items'!$Q:$Q,MATCH($A36,'All Items'!$A:$A,0)) -> 7.4 | N36: lemon twist | O36: lillet | P36: vodka | Q36: gin | R36: James Bond | S36: Bond's martini | T36: A martini of gin, vodka and Lillet | U36: lemon twist; lillet; vodka; gin | W36: =COUNTA(N36:S36) -> 6 | X36: Yes | Y36: No | Z36: Yes | AB36: https://commons.wikimedia.org/w/index.php?search=Vesper+drink&title=Special:MediaSearch&type=image | AF36: Needed | AG36: Draft v2 - editorial check
A37: B0062 | B37: Michelada | D37: Mexico | F37: Americas | G37: North America | H37: Cocktail | I37: Yes | J37: Pint glass | K37: 2 | L37: 3 | M37: =INDEX('All Items'!$Q:$Q,MATCH($A37,'All Items'!$A:$A,0)) -> 7.4 | N37: hot sauce | O37: Worcestershire sauce | P37: tomato juice | Q37: beer | R37: spiced beer cocktail | S37: Mexican | T37: Mexico's spiced, salted beer with lime | U37: hot sauce; Worcestershire sauce; tomato juice; beer | W37: =COUNTA(N37:S37) -> 6 | X37: Yes | Y37: No | Z37: Yes | AB37: https://commons.wikimedia.org/w/index.php?search=Michelada+drink&title=Special:MediaSearch&type=image | AF37: Needed | AG37: Draft v2 - editorial check
A38: B0063 | B38: Sangria | D38: Spain | F38: Europe | G38: Southern Europe | H38: Cocktail | I38: Yes | J38: Pitcher | K38: 1 | L38: 4 | M38: =INDEX('All Items'!$Q:$Q,MATCH($A38,'All Items'!$A:$A,0)) -> 8.7 | N38: orange | O38: apple | P38: brandy | Q38: red wine | R38: fruity wine punch | S38: Spanish | T38: Spain's fruity red wine punch | U38: orange; apple; brandy; red wine | W38: =COUNTA(N38:S38) -> 6 | X38: Yes | Y38: No | Z38: Yes | AB38: https://commons.wikimedia.org/w/index.php?search=Sangria+drink&title=Special:MediaSearch&type=image | AF38: Needed | AG38: Draft v2 - editorial check
A39: B0067 | B39: Pimm's Cup | D39: United Kingdom | F39: Europe | G39: Northern Europe | H39: Cocktail | I39: Yes | J39: Highball | K39: 2 | L39: 3 | M39: =INDEX('All Items'!$Q:$Q,MATCH($A39,'All Items'!$A:$A,0)) -> 7.4 | N39: strawberries | O39: mint | P39: lemonade | Q39: Wimbledon | R39: British | S39: pimm's no.1 | T39: Britain's summer fruit punch with lemonade | U39: strawberries; mint; lemonade; pimm's no.1 | V39: pimm's no.1 | W39: =COUNTA(N39:S39) -> 6 | X39: Yes | Y39: No | Z39: Yes | AB39: https://commons.wikimedia.org/w/index.php?search=Pimm%27s+Cup+drink&title=Special:MediaSearch&type=image | AF39: Needed | AG39: Draft v2 - editorial check
A40: B0068 | B40: Hot Toddy | D40: United Kingdom | F40: Europe | G40: Northern Europe | H40: Cocktail | I40: Yes | J40: Mug | K40: 2 | L40: 3 | M40: =INDEX('All Items'!$Q:$Q,MATCH($A40,'All Items'!$A:$A,0)) -> 7.4 | N40: cloves | O40: lemon | P40: honey | Q40: whisky | R40: hot whisky drink for colds | S40: hot water | T40: A hot whisky drink with honey and lemon | U40: cloves; lemon; honey; whisky; hot water | V40: hot whisky drink for colds; hot water | W40: =COUNTA(N40:S40) -> 6 | X40: Yes | Y40: No | Z40: Yes | AB40: https://commons.wikimedia.org/w/index.php?search=Hot+Toddy+drink&title=Special:MediaSearch&type=image | AF40: Needed | AG40: Draft v2 - editorial check
A41: B0069 | B41: Mulled Wine | C41: Glühwein | D41: Germany | F41: Europe | G41: Western Europe | H41: Cocktail | I41: Yes | J41: Mug | K41: 1 | L41: 4 | M41: =INDEX('All Items'!$Q:$Q,MATCH($A41,'All Items'!$A:$A,0)) -> 8.7 | N41: cinnamon | O41: orange | P41: star anise | Q41: hot spiced wine | R41: Christmas markets | S41: hot red wine | T41: Hot red wine spiced for winter | U41: cinnamon; orange; star anise; hot red wine | V41: hot spiced wine; hot red wine | W41: =COUNTA(N41:S41) -> 6 | X41: Yes | Y41: No | Z41: Yes | AB41: https://commons.wikimedia.org/w/index.php?search=Mulled+Wine+drink&title=Special:MediaSearch&type=image | AC41: https://thumb.wikimedia.org/wikipedia/commons/thumb/7/77/Gl%C3%BChwein_Weinnachtsmarkt_OS.JPG/1280px-Gl%C3%BChwein_Weinnachtsmarkt_OS.JPG | AD41: CC BY-SA 4.0 | AE41: Basotxerri | AF41: Candidate - review | AG41: Draft v2 - editorial check
A42: B0070 | B42: Eggnog | D42: United States | F42: Americas | G42: North America | H42: Cocktail | I42: Yes | J42: Punch cup | K42: 2 | L42: 3 | M42: =INDEX('All Items'!$Q:$Q,MATCH($A42,'All Items'!$A:$A,0)) -> 7.4 | N42: cream | O42: egg | P42: nutmeg | Q42: bourbon | R42: Christmas | T42: A creamy, spiced egg drink for Christmas | U42: cream; egg; nutmeg; bourbon | W42: =COUNTA(N42:S42) -> 5 | X42: Yes | Y42: No | Z42: Yes | AB42: https://commons.wikimedia.org/w/index.php?search=Eggnog+drink&title=Special:MediaSearch&type=image | AF42: Needed | AG42: Draft v2 - editorial check
A43: B0072 | B43: Pornstar Martini | D43: United Kingdom | F43: Europe | G43: Northern Europe | H43: Cocktail | I43: Yes | J43: Coupe | K43: 2 | L43: 3 | M43: =INDEX('All Items'!$Q:$Q,MATCH($A43,'All Items'!$A:$A,0)) -> 7.4 | N43: lime | O43: passoa | P43: vodka | Q43: passion fruit | R43: prosecco shot | S43: London | T43: A passion fruit vodka cocktail with a prosecco shot | U43: lime; passoa; vodka; passion fruit; prosecco shot | W43: =COUNTA(N43:S43) -> 6 | X43: Yes | Y43: No | Z43: Yes | AB43: https://commons.wikimedia.org/w/index.php?search=Pornstar+Martini+drink&title=Special:MediaSearch&type=image | AF43: Needed | AG43: Draft v2 - editorial check
A44: B0077 | B44: B-52 | D44: Canada | F44: Americas | G44: North America | H44: Cocktail | I44: Yes | J44: Shot glass | K44: 2 | L44: 3 | M44: =INDEX('All Items'!$Q:$Q,MATCH($A44,'All Items'!$A:$A,0)) -> 7.15 | N44: layered | O44: grand marnier | P44: irish cream | Q44: coffee liqueur | R44: layered shot | T44: A three-layer coffee and cream liqueur shot | U44: grand marnier; irish cream; coffee liqueur | W44: =COUNTA(N44:S44) -> 5 | X44: Yes | Y44: No | Z44: Yes | AB44: https://commons.wikimedia.org/w/index.php?search=B-52+drink&title=Special:MediaSearch&type=image | AC44: https://thumb.wikimedia.org/wikipedia/commons/thumb/1/16/B-52_Stratofortress_assigned_to_the_307th_Bomb_Wing_%28cropped%29.jpg/1280px-B-52_Stratofortress_assigned_to_the_307th_Bomb_Wing_%28cropped%29.jpg | AD44: Public domain | AE44: Airman 1st Class Victor J. Caputo | AF44: Candidate - review | AG44: Draft v2 - editorial check
A45: B0078 | B45: Jägerbomb | D45: Germany | F45: Europe | G45: Western Europe | H45: Cocktail | I45: Yes | J45: Shot in glass | K45: 2 | L45: 3 | M45: =INDEX('All Items'!$Q:$Q,MATCH($A45,'All Items'!$A:$A,0)) -> 6.9 | N45: dropped | O45: energy drink | P45: jägermeister | Q45: party shot | R45: German | T45: A herbal liqueur shot dropped into energy drink | U45: energy drink; jägermeister | W45: =COUNTA(N45:S45) -> 5 | X45: Yes | Y45: No | Z45: Yes | AB45: https://commons.wikimedia.org/w/index.php?search=J%C3%A4gerbomb+drink&title=Special:MediaSearch&type=image | AF45: Needed | AG45: Draft v2 - editorial check
A46: B0080 | B46: Sake | D46: Japan | F46: Asia | G46: Eastern Asia | H46: Fermented | I46: Yes | J46: Ochoko cup | K46: 1 | L46: 4 | M46: =INDEX('All Items'!$Q:$Q,MATCH($A46,'All Items'!$A:$A,0)) -> 8.45 | N46: rice | O46: koji | P46: polished | Q46: fermented | R46: rice wine | S46: Japanese | T46: Japan's brewed rice wine | U46: rice; koji; polished | W46: =COUNTA(N46:S46) -> 6 | X46: Yes | Y46: No | Z46: Yes | AB46: https://commons.wikimedia.org/w/index.php?search=Sake+drink&title=Special:MediaSearch&type=image | AC46: https://thumb.wikimedia.org/wikipedia/commons/thumb/1/13/Overflowing_sake_glass_in_masu.jpg/1280px-Overflowing_sake_glass_in_masu.jpg | AD46: CC BY-SA 4.0 | AE46: Intforce | AF46: Candidate - review | AG46: Draft v2 - editorial check
A47: B0081 | B47: Soju | D47: South Korea | F47: Asia | G47: Eastern Asia | H47: Spirit | I47: Yes | J47: Shot glass | K47: 1 | L47: 4 | M47: =INDEX('All Items'!$Q:$Q,MATCH($A47,'All Items'!$A:$A,0)) -> 7.95 | N47: rice | O47: ethanol | P47: sweet potato | Q47: green bottle | R47: clear spirit | S47: Korean | T47: Korea's clear spirit drunk with food | U47: rice; ethanol; sweet potato | W47: =COUNTA(N47:S47) -> 6 | X47: Yes | Y47: No | Z47: Yes | AB47: https://commons.wikimedia.org/w/index.php?search=Soju+drink&title=Special:MediaSearch&type=image | AF47: Needed | AG47: Draft v2 - editorial check
A48: B0082 | B48: Baijiu | D48: China | F48: Asia | G48: Eastern Asia | H48: Spirit | I48: Yes | J48: Small cup | K48: 2 | L48: 3 | M48: =INDEX('All Items'!$Q:$Q,MATCH($A48,'All Items'!$A:$A,0)) -> 6.9 | N48: sorghum | O48: fermented | P48: very strong | Q48: strongest spirit | R48: Chinese | S48: Moutai | T48: China's strong sorghum spirit | U48: sorghum | W48: =COUNTA(N48:S48) -> 6 | X48: Yes | Y48: No | Z48: Yes | AB48: https://commons.wikimedia.org/w/index.php?search=Baijiu+drink&title=Special:MediaSearch&type=image | AF48: Needed | AG48: Draft v2 - editorial check
A49: B0083 | B49: Makgeolli | D49: South Korea | F49: Asia | G49: Eastern Asia | H49: Fermented | I49: Yes | J49: Bowl | K49: 2 | L49: 3 | M49: =INDEX('All Items'!$Q:$Q,MATCH($A49,'All Items'!$A:$A,0)) -> 7.15 | N49: rice | O49: nuruk | P49: cloudy | Q49: milky | R49: milky rice wine | S49: Korean | T49: Korea's cloudy, milky rice wine | U49: rice; nuruk | W49: =COUNTA(N49:S49) -> 6 | X49: Yes | Y49: No | Z49: Yes | AB49: https://commons.wikimedia.org/w/index.php?search=Makgeolli+drink&title=Special:MediaSearch&type=image | AF49: Needed | AG49: Draft v2 - editorial check
A50: B0084 | B50: Tequila | D50: Mexico | F50: Americas | G50: North America | H50: Spirit | I50: Yes | J50: Shot glass | K50: 1 | L50: 4 | M50: =INDEX('All Items'!$Q:$Q,MATCH($A50,'All Items'!$A:$A,0)) -> 7.95 | N50: lime | O50: distilled | P50: agave | Q50: agave spirit | R50: Mexican | S50: Jalisco | T50: Mexico's blue agave spirit | U50: lime; agave | W50: =COUNTA(N50:S50) -> 6 | X50: Yes | Y50: No | Z50: Yes | AB50: https://commons.wikimedia.org/w/index.php?search=Tequila+drink&title=Special:MediaSearch&type=image | AC50: https://thumb.wikimedia.org/wikipedia/commons/thumb/b/b8/Paisaje_agavero_de_Jose_Cuervo_en_Tequila%2C_Jalisco.jpg/1280px-Paisaje_agavero_de_Jose_Cuervo_en_Tequila%2C_Jalisco.jpg | AD50: CC BY-SA 4.0 | AE50: T2O media México | AF50: Candidate - review | AG50: Draft v2 - editorial check
A51: B0085 | B51: Mezcal | D51: Mexico | F51: Americas | G51: North America | H51: Spirit | I51: Yes | J51: Copita | K51: 2 | L51: 3 | M51: =INDEX('All Items'!$Q:$Q,MATCH($A51,'All Items'!$A:$A,0)) -> 6.9 | N51: smoky | O51: roasted | P51: agave | Q51: smoky agave spirit | R51: Mexican | S51: Oaxaca | T51: Mexico's smoky agave spirit | U51: agave | W51: =COUNTA(N51:S51) -> 6 | X51: Yes | Y51: No | Z51: Yes | AB51: https://commons.wikimedia.org/w/index.php?search=Mezcal+drink&title=Special:MediaSearch&type=image | AC51: https://thumb.wikimedia.org/wikipedia/commons/thumb/5/58/Mezcal_bottles_.jpg/1280px-Mezcal_bottles_.jpg | AD51: CC BY-SA 4.0 | AE51: ProtoplasmaKid | AF51: Candidate - review | AG51: Draft v2 - editorial check
A52: B0086 | B52: Pisco | D52: Peru | F52: Americas | G52: South America | H52: Spirit | I52: Yes | J52: Small glass | K52: 2 | L52: 3 | M52: =INDEX('All Items'!$Q:$Q,MATCH($A52,'All Items'!$A:$A,0)) -> 6.9 | N52: distilled | O52: clear | P52: brandy | Q52: grape brandy | R52: Andes | S52: Peru and Chile | T52: Peru and Chile's clear grape brandy | U52: brandy | W52: =COUNTA(N52:S52) -> 6 | X52: Yes | Y52: No | Z52: No | AA52: Peru and Chile both claim it | AB52: https://commons.wikimedia.org/w/index.php?search=Pisco+drink&title=Special:MediaSearch&type=image | AC52: https://thumb.wikimedia.org/wikipedia/commons/thumb/c/c9/Range_of_Pisco.jpg/1280px-Range_of_Pisco.jpg | AD52: CC BY-SA 4.0 | AE52: Cocktailmarler | AF52: Candidate - review | AG52: Draft v2 - editorial check
A53: B0088 | B53: Ouzo | D53: Greece | F53: Europe | G53: Southern Europe | H53: Spirit | I53: Yes | J53: Small glass | K53: 2 | L53: 3 | M53: =INDEX('All Items'!$Q:$Q,MATCH($A53,'All Items'!$A:$A,0)) -> 6.65 | N53: cloudy | O53: louche | P53: mezze | Q53: anise | R53: aniseed spirit | S53: Greek | T53: Greece's anise spirit that turns cloudy with water | U53: anise | W53: =COUNTA(N53:S53) -> 6 | X53: Yes | Y53: No | Z53: Yes | AB53: https://commons.wikimedia.org/w/index.php?search=Ouzo+drink&title=Special:MediaSearch&type=image | AF53: Needed | AG53: Draft v2 - editorial check
A54: B0089 | B54: Raki | D54: Turkey | F54: Asia | G54: Western Asia | H54: Spirit | I54: Yes | J54: Tall thin glass | K54: 2 | L54: 3 | M54: =INDEX('All Items'!$Q:$Q,MATCH($A54,'All Items'!$A:$A,0)) -> 6.65 | N54: cloudy | O54: grape | P54: anise | Q54: lion's milk | R54: aniseed spirit | S54: Turkish | T54: Turkey's anise spirit that turns milky with water | U54: grape; anise; lion's milk | W54: =COUNTA(N54:S54) -> 6 | X54: Yes | Y54: No | Z54: Yes | AB54: https://commons.wikimedia.org/w/index.php?search=Raki+drink&title=Special:MediaSearch&type=image | AF54: Needed | AG54: Draft v2 - editorial check
A55: B0091 | B55: Grappa | D55: Italy | F55: Europe | G55: Southern Europe | H55: Spirit | I55: Yes | J55: Tulip glass | K55: 2 | L55: 3 | M55: =INDEX('All Items'!$Q:$Q,MATCH($A55,'All Items'!$A:$A,0)) -> 6.65 | N55: distilled | O55: clear | P55: digestif | Q55: grape pomace | R55: grape spirit | S55: Italian | T55: Italy's spirit distilled from grape skins and seeds | U55: grape pomace | W55: =COUNTA(N55:S55) -> 6 | X55: Yes | Y55: No | Z55: Yes | AB55: https://commons.wikimedia.org/w/index.php?search=Grappa+drink&title=Special:MediaSearch&type=image | AC55: https://thumb.wikimedia.org/wikipedia/commons/thumb/4/4c/A_glass_of_tasty_grappa.jpg/1280px-A_glass_of_tasty_grappa.jpg | AD55: CC BY-SA 2.0 | AE55: Carsten Tolkmit from Kiel, Germany | AF55: Candidate - review | AG55: Draft v2 - editorial check
A56: B0092 | B56: Limoncello | D56: Italy | F56: Europe | G56: Southern Europe | H56: Liqueur | I56: Yes | J56: Chilled shot | K56: 1 | L56: 4 | M56: =INDEX('All Items'!$Q:$Q,MATCH($A56,'All Items'!$A:$A,0)) -> 8.45 | N56: alcohol | O56: chilled | P56: lemon zest | Q56: lemon liqueur | R56: Amalfi | T56: Italy's sweet lemon liqueur | U56: alcohol; lemon zest | W56: =COUNTA(N56:S56) -> 5 | X56: Yes | Y56: No | Z56: Yes | AB56: https://commons.wikimedia.org/w/index.php?search=Limoncello+drink&title=Special:MediaSearch&type=image | AF56: Needed | AG56: Draft v2 - editorial check
A57: B0093 | B57: Absinthe | D57: Switzerland | F57: Europe | G57: Western Europe | H57: Spirit | I57: Yes | J57: Absinthe glass | K57: 2 | L57: 3 | M57: =INDEX('All Items'!$Q:$Q,MATCH($A57,'All Items'!$A:$A,0)) -> 6.65 | N57: slotted spoon | O57: green | P57: wormwood | Q57: anise | R57: green fairy | T57: A strong green anise and wormwood spirit | U57: wormwood; anise | W57: =COUNTA(N57:S57) -> 5 | X57: Yes | Y57: No | Z57: No | AA57: Switzerland and France | AB57: https://commons.wikimedia.org/w/index.php?search=Absinthe+drink&title=Special:MediaSearch&type=image | AF57: Needed | AG57: Draft v2 - editorial check
A58: B0095 | B58: Cognac | D58: France | F58: Europe | G58: Western Europe | H58: Spirit | I58: Yes | J58: Snifter | K58: 1 | L58: 3 | M58: =INDEX('All Items'!$Q:$Q,MATCH($A58,'All Items'!$A:$A,0)) -> 6.9 | N58: aged | O58: double distilled | P58: white wine | Q58: grape brandy | R58: French | S58: Charente | T58: France's aged grape brandy | U58: white wine | W58: =COUNTA(N58:S58) -> 6 | X58: Yes | Y58: No | Z58: Yes | AB58: https://commons.wikimedia.org/w/index.php?search=Cognac+drink&title=Special:MediaSearch&type=image | AC58: https://thumb.wikimedia.org/wikipedia/commons/thumb/9/9a/Cognac_glass.jpg/1280px-Cognac_glass.jpg | AD58: CC BY-SA 3.0 | AE58: Didier Descouens | AF58: Candidate - review | AG58: Draft v2 - editorial check
A59: B0097 | B59: Champagne | D59: France | F59: Europe | G59: Western Europe | H59: Wine | I59: Yes | J59: Flute | K59: 1 | L59: 4 | M59: =INDEX('All Items'!$Q:$Q,MATCH($A59,'All Items'!$A:$A,0)) -> 7.95 | N59: second fermentation | O59: bubbles | P59: grapes | Q59: sparkling wine | R59: French | S59: Reims | T59: France's famous sparkling wine | U59: grapes | W59: =COUNTA(N59:S59) -> 6 | X59: Yes | Y59: No | Z59: Yes | AB59: https://commons.wikimedia.org/w/index.php?search=Champagne+drink&title=Special:MediaSearch&type=image | AF59: Needed | AG59: Draft v2 - editorial check
A60: B0098 | B60: Prosecco | D60: Italy | F60: Europe | G60: Southern Europe | H60: Wine | I60: Yes | J60: Flute | K60: 1 | L60: 4 | M60: =INDEX('All Items'!$Q:$Q,MATCH($A60,'All Items'!$A:$A,0)) -> 7.95 | N60: tank method | O60: bubbles | P60: glera grape | Q60: sparkling wine | R60: Italian | S60: Veneto | T60: Italy's sparkling wine from the Veneto | U60: glera grape | W60: =COUNTA(N60:S60) -> 6 | X60: Yes | Y60: No | Z60: Yes | AB60: https://commons.wikimedia.org/w/index.php?search=Prosecco+drink&title=Special:MediaSearch&type=image | AC60: https://thumb.wikimedia.org/wikipedia/commons/thumb/c/ce/Prosecco_di_Conegliano_bottle_and_glass.jpg/1280px-Prosecco_di_Conegliano_bottle_and_glass.jpg | AD60: CC BY 3.0 | AE60: Sandstein | AF60: Candidate - review | AG60: Draft v2 - editorial check
A61: B0099 | B61: Port | D61: Portugal | F61: Europe | G61: Southern Europe | H61: Wine | I61: Yes | J61: Small glass | K61: 2 | L61: 3 | M61: =INDEX('All Items'!$Q:$Q,MATCH($A61,'All Items'!$A:$A,0)) -> 6.9 | N61: grape brandy | O61: fortified | P61: sweet | Q61: red wine | R61: Portuguese | S61: Douro | T61: Portugal's sweet fortified wine | U61: grape brandy; red wine | W61: =COUNTA(N61:S61) -> 6 | X61: Yes | Y61: No | Z61: Yes | AB61: https://commons.wikimedia.org/w/index.php?search=Port+drink&title=Special:MediaSearch&type=image | AC61: https://thumb.wikimedia.org/wikipedia/commons/thumb/a/af/Manhattan.jpg/1280px-Manhattan.jpg | AD61: CC BY 2.0 | AE61: Maureen from Buffalo, USA | AF61: Candidate - review | AG61: Draft v2 - editorial check
A62: B0100 | B62: Sherry | D62: Spain | F62: Europe | G62: Southern Europe | H62: Wine | I62: Yes | J62: Copita | K62: 2 | L62: 3 | M62: =INDEX('All Items'!$Q:$Q,MATCH($A62,'All Items'!$A:$A,0)) -> 6.9 | N62: flor | O62: solera | P62: fortified | Q62: palomino grape | R62: Spanish | S62: Jerez | T62: Spain's fortified wine | U62: palomino grape | W62: =COUNTA(N62:S62) -> 6 | X62: Yes | Y62: No | Z62: Yes | AB62: https://commons.wikimedia.org/w/index.php?search=Sherry+drink&title=Special:MediaSearch&type=image | AF62: Needed | AG62: Draft v2 - editorial check
A63: B0104 | B63: Scotch Whisky | D63: United Kingdom | F63: Europe | G63: Northern Europe | H63: Spirit | I63: Yes | J63: Glencairn | K63: 1 | L63: 4 | M63: =INDEX('All Items'!$Q:$Q,MATCH($A63,'All Items'!$A:$A,0)) -> 7.95 | N63: oak | O63: peat | P63: malted barley | Q63: Scottish | R63: Scotland | T63: Scotland's malt spirit | U63: peat; malted barley | W63: =COUNTA(N63:S63) -> 5 | X63: Yes | Y63: No | Z63: Yes | AB63: https://commons.wikimedia.org/w/index.php?search=Scotch+Whisky+drink&title=Special:MediaSearch&type=image | AC63: https://thumb.wikimedia.org/wikipedia/commons/thumb/0/00/Bowmore_whisky_12_years.JPG/1280px-Bowmore_whisky_12_years.JPG | AD63: CC BY-SA 3.0 | AE63: Sansvase | AF63: Candidate - review | AG63: Draft v2 - editorial check
A64: B0105 | B64: Bourbon | D64: United States | F64: Americas | G64: North America | H64: Spirit | I64: Yes | J64: Rocks glass | K64: 1 | L64: 3 | M64: =INDEX('All Items'!$Q:$Q,MATCH($A64,'All Items'!$A:$A,0)) -> 6.65 | N64: new charred oak | O64: sweet | P64: corn | Q64: whiskey | R64: American | S64: Kentucky | T64: America's corn whiskey | U64: corn | W64: =COUNTA(N64:S64) -> 6 | X64: Yes | Y64: No | Z64: Yes | AB64: https://commons.wikimedia.org/w/index.php?search=Bourbon+drink&title=Special:MediaSearch&type=image | AF64: Needed | AG64: Draft v2 - editorial check
A65: B0106 | B65: Irish Whiskey | D65: Ireland | F65: Europe | G65: Northern Europe | H65: Spirit | I65: Yes | J65: Rocks glass | K65: 2 | L65: 3 | M65: =INDEX('All Items'!$Q:$Q,MATCH($A65,'All Items'!$A:$A,0)) -> 6.65 | N65: oak | O65: smooth | P65: triple distilled | Q65: barley | R65: Jameson | S65: pot still | T65: Ireland's smooth triple-distilled spirit | U65: barley | W65: =COUNTA(N65:S65) -> 6 | X65: Yes | Y65: No | Z65: Yes | AB65: https://commons.wikimedia.org/w/index.php?search=Irish+Whiskey+drink&title=Special:MediaSearch&type=image | AC65: https://thumb.wikimedia.org/wikipedia/commons/thumb/7/7a/GoodIrishWhiskeys.jpg/1280px-GoodIrishWhiskeys.jpg | AD65: CC BY-SA 3.0 | AE65: Hammersbach | AF65: Candidate - review | AG65: Draft v2 - editorial check
A66: B0107 | B66: Japanese Whisky | D66: Japan | F66: Asia | G66: Eastern Asia | H66: Spirit | I66: Yes | J66: Highball | K66: 2 | L66: 3 | M66: =INDEX('All Items'!$Q:$Q,MATCH($A66,'All Items'!$A:$A,0)) -> 6.65 | N66: mizunara oak | O66: highball | P66: malted barley | Q66: Suntory | R66: Yamazaki | T66: Japan's oak-aged malt spirit | U66: malted barley | W66: =COUNTA(N66:S66) -> 5 | X66: Yes | Y66: No | Z66: Yes | AB66: https://commons.wikimedia.org/w/index.php?search=Japanese+Whisky+drink&title=Special:MediaSearch&type=image | AF66: Needed | AG66: Draft v2 - editorial check
A67: B0108 | B67: Rum | D67: International | F67: International | H67: Spirit | I67: Yes | J67: Rocks glass | K67: 1 | L67: 4 | M67: =INDEX('All Items'!$Q:$Q,MATCH($A67,'All Items'!$A:$A,0)) -> 8.2 | N67: oak | O67: molasses | P67: distilled | Q67: sugarcane | R67: Caribbean | T67: The Caribbean's sugarcane spirit | U67: molasses; sugarcane | W67: =COUNTA(N67:S67) -> 5 | X67: Yes | Y67: No | Z67: No | AA67: Caribbean, many countries | AB67: https://commons.wikimedia.org/w/index.php?search=Rum+drink&title=Special:MediaSearch&type=image | AF67: Needed | AG67: Draft v2 - editorial check
A68: B0109 | B68: Gin | D68: United Kingdom | F68: Europe | G68: Northern Europe | H68: Spirit | I68: Yes | J68: Copa | K68: 1 | L68: 4 | M68: =INDEX('All Items'!$Q:$Q,MATCH($A68,'All Items'!$A:$A,0)) -> 7.95 | N68: citrus peel | O68: botanicals | P68: neutral spirit | Q68: juniper | R68: juniper spirit | S68: British | T68: The juniper-flavoured spirit | U68: citrus peel; botanicals; neutral spirit; juniper | W68: =COUNTA(N68:S68) -> 6 | X68: Yes | Y68: No | Z68: No | AA68: Dutch genever origin; modern London dry is British | AB68: https://commons.wikimedia.org/w/index.php?search=Gin+drink&title=Special:MediaSearch&type=image | AF68: Needed | AG68: Draft v2 - editorial check
A69: B0110 | B69: Vodka | D69: International | F69: International | H69: Spirit | I69: Yes | J69: Shot glass | K69: 1 | L69: 4 | M69: =INDEX('All Items'!$Q:$Q,MATCH($A69,'All Items'!$A:$A,0)) -> 7.95 | N69: potato | O69: filtered | P69: grain | Q69: clear | R69: clear neutral spirit | S69: Russian and Polish | T69: The clear, neutral spirit of Russia and Poland | U69: potato; grain | W69: =COUNTA(N69:S69) -> 6 | X69: Yes | Y69: No | Z69: No | AA69: Poland and Russia both claim it | AB69: https://commons.wikimedia.org/w/index.php?search=Vodka+drink&title=Special:MediaSearch&type=image | AC69: https://thumb.wikimedia.org/wikipedia/commons/thumb/d/de/Smirnoff_Red_Label_8213.jpg/1280px-Smirnoff_Red_Label_8213.jpg | AD69: CC BY 4.0 | AE69: Ashley Pomeroy | AF69: Candidate - review | AG69: Draft v2 - editorial check
A70: B0115 | B70: Feni | D70: India | E70: Pan-India | F70: Asia | G70: Southern Asia | H70: Spirit | I70: Yes | J70: Small glass | K70: 2 | L70: 3 | M70: =INDEX('All Items'!$Q:$Q,MATCH($A70,'All Items'!$A:$A,0)) -> 6.65 | N70: copper pot | O70: distilled | P70: cashew apple | Q70: cashew spirit | R70: Goa | T70: Goa's cashew-apple spirit | U70: cashew apple | W70: =COUNTA(N70:S70) -> 5 | X70: No | Y70: Yes | Z70: Yes | AB70: https://commons.wikimedia.org/w/index.php?search=Feni+drink&title=Special:MediaSearch&type=image | AF70: Needed | AG70: Draft v2 - editorial check
A71: B0117 | B71: Toddy | C71: Kallu | D71: India | E71: Pan-India | F71: Asia | G71: Southern Asia | H71: Fermented | I71: Yes | J71: Clay pot | K71: 3 | L71: 3 | M71: =INDEX('All Items'!$Q:$Q,MATCH($A71,'All Items'!$A:$A,0)) -> 7.4 | N71: wild yeast | O71: fermented | P71: sap | Q71: palm tree | R71: palm sap drink | S71: Kerala | T71: South India's fermented palm sap | U71: wild yeast; sap | W71: =COUNTA(N71:S71) -> 6 | X71: No | Y71: Yes | Z71: Yes | AB71: https://commons.wikimedia.org/w/index.php?search=Toddy+drink&title=Special:MediaSearch&type=image | AF71: Needed | AG71: Draft v2 - editorial check
A72: B0127 | B72: Cider | D72: United Kingdom | F72: Europe | G72: Northern Europe | H72: Fermented | I72: Yes | J72: Pint glass | K72: 2 | L72: 3 | M72: =INDEX('All Items'!$Q:$Q,MATCH($A72,'All Items'!$A:$A,0)) -> 6.9 | N72: fermented | O72: apple | P72: English | Q72: orchard fruit | R72: pint glass | S72: West Country | T72: Britain's fermented apple drink | U72: apple | W72: =COUNTA(N72:S72) -> 6 | X72: Yes | Y72: No | Z72: Yes | AB72: https://commons.wikimedia.org/w/index.php?search=Cider+drink&title=Special:MediaSearch&type=image | AC72: https://thumb.wikimedia.org/wikipedia/commons/thumb/6/61/Midwest_hard_cider.jpg/1280px-Midwest_hard_cider.jpg | AD72: CC BY 3.0 | AE72: ChuckDabs | AF72: Candidate - review | AG72: Draft v2 - editorial check
A73: B0128 | B73: Kombucha | D73: China | F73: Asia | G73: Eastern Asia | H73: Fermented | I73: No | J73: Bottle | K73: 2 | L73: 3 | M73: =INDEX('All Items'!$Q:$Q,MATCH($A73,'All Items'!$A:$A,0)) -> 7.15 | N73: fizzy | O73: fermented | P73: tea | Q73: scoby culture | R73: sour-sweet | S73: health drink | T73: Fizzy fermented tea | U73: tea | W73: =COUNTA(N73:S73) -> 6 | X73: Yes | Y73: No | Z73: No | AA73: Origin uncertain, often attributed to China or Russia | AB73: https://commons.wikimedia.org/w/index.php?search=Kombucha+drink&title=Special:MediaSearch&type=image | AF73: Needed | AG73: Draft v2 - editorial check
A74: B0130 | B74: Ayran | D74: Turkey | F74: Asia | G74: Western Asia | H74: Fermented | I74: No | J74: Copper cup | K74: 2 | L74: 3 | M74: =INDEX('All Items'!$Q:$Q,MATCH($A74,'All Items'!$A:$A,0)) -> 6.9 | N74: yogurt | O74: frothy | P74: cold | Q74: salty yogurt drink | R74: Turkish | T74: Turkey's salty yogurt drink | U74: yogurt | W74: =COUNTA(N74:S74) -> 5 | X74: Yes | Y74: No | Z74: Yes | AB74: https://commons.wikimedia.org/w/index.php?search=Ayran+drink&title=Special:MediaSearch&type=image | AF74: Needed | AG74: Draft v2 - editorial check
A75: B0135 | B75: Stout | D75: Ireland | F75: Europe | G75: Northern Europe | H75: Beer | I75: Yes | J75: Pint glass | K75: 1 | L75: 3 | M75: =INDEX('All Items'!$Q:$Q,MATCH($A75,'All Items'!$A:$A,0)) -> 6.65 | N75: hops | O75: creamy head | P75: roasted barley | Q75: dark | R75: dark beer | S75: Irish | T75: Ireland's dark, creamy beer | U75: hops; roasted barley | W75: =COUNTA(N75:S75) -> 6 | X75: Yes | Y75: No | Z75: Yes | AB75: https://commons.wikimedia.org/w/index.php?search=Stout+drink&title=Special:MediaSearch&type=image | AF75: Needed | AG75: Draft v2 - editorial check
A76: B0141 | B76: Espresso | D76: Italy | F76: Europe | G76: Southern Europe | H76: Hot | I76: No | J76: Demitasse | K76: 1 | L76: 5 | M76: =INDEX('All Items'!$Q:$Q,MATCH($A76,'All Items'!$A:$A,0)) -> 9.75 | N76: crema | O76: pressure | P76: finely ground | Q76: coffee | R76: short strong coffee | S76: Italian | T76: Italy's short, strong coffee | U76: crema; finely ground; coffee | W76: =COUNTA(N76:S76) -> 6 | X76: Yes | Y76: No | Z76: Yes | AB76: https://commons.wikimedia.org/w/index.php?search=Espresso+drink&title=Special:MediaSearch&type=image | AC76: https://thumb.wikimedia.org/wikipedia/commons/thumb/a/a5/Tazzina_di_caff%C3%A8_a_Ventimiglia.jpg/1280px-Tazzina_di_caff%C3%A8_a_Ventimiglia.jpg | AD76: CC BY-SA 4.0 | AE76: Lemone | AF76: Candidate - review | AG76: Draft v2 - editorial check
A77: B0142 | B77: Cappuccino | D77: Italy | F77: Europe | G77: Southern Europe | H77: Hot | I77: No | J77: Cup | K77: 1 | L77: 5 | M77: =INDEX('All Items'!$Q:$Q,MATCH($A77,'All Items'!$A:$A,0)) -> 9.75 | N77: cocoa dust | O77: espresso | P77: steamed milk | Q77: milk foam | R77: coffee with foam | S77: Italian breakfast | T77: Italy's espresso with foamed milk | U77: cocoa dust; espresso; steamed milk; milk foam | W77: =COUNTA(N77:S77) -> 6 | X77: Yes | Y77: No | Z77: Yes | AB77: https://commons.wikimedia.org/w/index.php?search=Cappuccino+drink&title=Special:MediaSearch&type=image | AC77: https://thumb.wikimedia.org/wikipedia/commons/thumb/7/70/Cappuccino_in_original.jpg/1280px-Cappuccino_in_original.jpg | AD77: CC BY 2.0 | AE77: Vee Satayamas | AF77: Candidate - review | AG77: Draft v2 - editorial check
A78: B0143 | B78: Latte | D78: Italy | F78: Europe | G78: Southern Europe | H78: Hot | I78: No | J78: Glass | K78: 1 | L78: 5 | M78: =INDEX('All Items'!$Q:$Q,MATCH($A78,'All Items'!$A:$A,0)) -> 9.75 | N78: espresso | O78: tall | P78: steamed milk | Q78: milky coffee | R78: Italian | S78: latte art | T78: Italy's milky espresso drink | U78: espresso; steamed milk | V78: latte art | W78: =COUNTA(N78:S78) -> 6 | X78: Yes | Y78: No | Z78: Yes | AB78: https://commons.wikimedia.org/w/index.php?search=Latte+drink&title=Special:MediaSearch&type=image | AC78: https://thumb.wikimedia.org/wikipedia/commons/thumb/d/d8/Caffe_Latte_at_Pulse_Cafe.jpg/1280px-Caffe_Latte_at_Pulse_Cafe.jpg | AD78: CC0 | AE78: B adger1 | AF78: Candidate - review | AG78: Draft v2 - editorial check
A79: B0144 | B79: Flat White | D79: Australia | F79: Oceania | G79: Australia and New Zealand | H79: Hot | I79: No | J79: Small cup | K79: 1 | L79: 4 | M79: =INDEX('All Items'!$Q:$Q,MATCH($A79,'All Items'!$A:$A,0)) -> 8.45 | N79: double ristretto | O79: microfoam | P79: espresso | Q79: steamed milk | R79: velvety coffee | S79: Australian | T79: Australia's velvety espresso with microfoam | U79: double ristretto; microfoam; espresso; steamed milk | W79: =COUNTA(N79:S79) -> 6 | X79: Yes | Y79: No | Z79: Yes | AB79: https://commons.wikimedia.org/w/index.php?search=Flat+White+drink&title=Special:MediaSearch&type=image | AF79: Needed | AG79: Draft v2 - editorial check
A80: B0145 | B80: Caffè Americano | D80: Italy | F80: Europe | G80: Southern Europe | H80: Hot | I80: No | J80: Mug | K80: 2 | L80: 3 | M80: =INDEX('All Items'!$Q:$Q,MATCH($A80,'All Items'!$A:$A,0)) -> 6.65 | N80: black | O80: espresso | P80: hot water | Q80: Italian | R80: long black | T80: Espresso topped up with hot water | U80: espresso; hot water | W80: =COUNTA(N80:S80) -> 5 | X80: Yes | Y80: No | Z80: Yes | AB80: https://commons.wikimedia.org/w/index.php?search=Caff%C3%A8+Americano+drink&title=Special:MediaSearch&type=image | AC80: https://thumb.wikimedia.org/wikipedia/commons/thumb/4/41/Espresso_Americano.jpeg/1280px-Espresso_Americano.jpeg | AD80: Public domain | AE80: User:Sameer.siddhanti | AF80: Candidate - review | AG80: Draft v2 - editorial check
A81: B0146 | B81: Macchiato | D81: Italy | F81: Europe | G81: Southern Europe | H81: Hot | I81: No | J81: Demitasse | K81: 2 | L81: 3 | M81: =INDEX('All Items'!$Q:$Q,MATCH($A81,'All Items'!$A:$A,0)) -> 7.15 | N81: small | O81: espresso | P81: stained | Q81: milk foam dot | R81: Italian | T81: Espresso with a dot of milk foam | U81: espresso; milk foam dot | W81: =COUNTA(N81:S81) -> 5 | X81: Yes | Y81: No | Z81: Yes | AB81: https://commons.wikimedia.org/w/index.php?search=Macchiato+drink&title=Special:MediaSearch&type=image | AF81: Needed | AG81: Draft v2 - editorial check
A82: B0147 | B82: Mocha | D82: Italy | F82: Europe | G82: Southern Europe | H82: Hot | I82: No | J82: Mug | K82: 2 | L82: 3 | M82: =INDEX('All Items'!$Q:$Q,MATCH($A82,'All Items'!$A:$A,0)) -> 7.15 | N82: steamed milk | O82: espresso | P82: chocolate | Q82: cocoa | R82: whipped cream | S82: café drink | T82: Espresso with chocolate and steamed milk | U82: steamed milk; espresso; chocolate | W82: =COUNTA(N82:S82) -> 6 | X82: Yes | Y82: No | Z82: No | AA82: Named after the Yemeni port; the drink form is Italian-American | AB82: https://commons.wikimedia.org/w/index.php?search=Mocha+drink&title=Special:MediaSearch&type=image | AF82: Needed | AG82: Draft v2 - editorial check
A83: B0148 | B83: Turkish Coffee | D83: Turkey | F83: Asia | G83: Western Asia | H83: Hot | I83: No | J83: Small cup | K83: 1 | L83: 4 | M83: =INDEX('All Items'!$Q:$Q,MATCH($A83,'All Items'!$A:$A,0)) -> 8.7 | N83: cardamom | O83: foam | P83: unfiltered | Q83: cezve | R83: finely ground coffee | T83: Turkey's unfiltered coffee brewed in a small pot | U83: cardamom; finely ground coffee | V83: finely ground coffee | W83: =COUNTA(N83:S83) -> 5 | X83: Yes | Y83: No | Z83: No | AA83: Shared across Turkey, the Middle East and the Balkans | AB83: https://commons.wikimedia.org/w/index.php?search=Turkish+Coffee+drink&title=Special:MediaSearch&type=image | AF83: Needed | AG83: Draft v2 - editorial check
A84: B0150 | B84: Cortado | D84: Spain | F84: Europe | G84: Southern Europe | H84: Hot | I84: No | J84: Glass | K84: 2 | L84: 3 | M84: =INDEX('All Items'!$Q:$Q,MATCH($A84,'All Items'!$A:$A,0)) -> 7.15 | N84: small | O84: equal parts | P84: espresso | Q84: warm milk | R84: half and half coffee | S84: Spanish | T84: Spain's espresso cut with warm milk | U84: espresso; warm milk | W84: =COUNTA(N84:S84) -> 6 | X84: Yes | Y84: No | Z84: Yes | AB84: https://commons.wikimedia.org/w/index.php?search=Cortado+drink&title=Special:MediaSearch&type=image | AF84: Needed | AG84: Draft v2 - editorial check
A85: B0151 | B85: Dalgona Coffee | D85: South Korea | F85: Asia | G85: Eastern Asia | H85: Hot | I85: No | J85: Glass | K85: 2 | L85: 4 | M85: =INDEX('All Items'!$Q:$Q,MATCH($A85,'All Items'!$A:$A,0)) -> 8.2 | N85: whipped | O85: cold milk | P85: whipped coffee | Q85: lockdown trend | R85: instant coffee | T85: Korea's whipped instant coffee over milk | U85: cold milk; instant coffee | V85: whipped coffee; instant coffee | W85: =COUNTA(N85:S85) -> 5 | X85: Yes | Y85: No | Z85: Yes | AB85: https://commons.wikimedia.org/w/index.php?search=Dalgona+Coffee+drink&title=Special:MediaSearch&type=image | AF85: Needed | AG85: Draft v2 - editorial check
A86: B0152 | B86: Hot Chocolate | D86: Mexico | F86: Americas | G86: North America | H86: Hot | I86: No | J86: Mug | K86: 1 | L86: 5 | M86: =INDEX('All Items'!$Q:$Q,MATCH($A86,'All Items'!$A:$A,0)) -> 9.75 | N86: vanilla | O86: milk | P86: whipped cream | Q86: cocoa | R86: sweet cocoa drink | T86: A warm drink of melted cocoa and milk | U86: vanilla; milk; whipped cream; cocoa | W86: =COUNTA(N86:S86) -> 5 | X86: Yes | Y86: No | Z86: No | AA86: Mesoamerican origin; modern form is European | AB86: https://commons.wikimedia.org/w/index.php?search=Hot+Chocolate+drink&title=Special:MediaSearch&type=image | AF86: Needed | AG86: Draft v2 - editorial check
A87: B0153 | B87: Matcha Latte | D87: Japan | F87: Asia | G87: Eastern Asia | H87: Hot | I87: No | J87: Mug | K87: 1 | L87: 4 | M87: =INDEX('All Items'!$Q:$Q,MATCH($A87,'All Items'!$A:$A,0)) -> 8.45 | N87: honey | O87: whisk | P87: steamed milk | Q87: green tea powder | R87: green milky drink | S87: Japanese | T87: Japan's green tea with steamed milk | U87: honey; steamed milk; green tea powder | W87: =COUNTA(N87:S87) -> 6 | X87: Yes | Y87: No | Z87: Yes | AB87: https://commons.wikimedia.org/w/index.php?search=Matcha+Latte+drink&title=Special:MediaSearch&type=image | AF87: Needed | AG87: Draft v2 - editorial check
A88: B0154 | B88: Matcha | D88: Japan | F88: Asia | G88: Eastern Asia | H88: Hot | I88: No | J88: Chawan bowl | K88: 2 | L88: 3 | M88: =INDEX('All Items'!$Q:$Q,MATCH($A88,'All Items'!$A:$A,0)) -> 6.65 | N88: chasen whisk | O88: tea ceremony | P88: frothed | Q88: green tea powder | R88: whisked green tea | S88: Japanese ceremony | T88: Japan's whisked powdered green tea | U88: green tea powder | W88: =COUNTA(N88:S88) -> 6 | X88: Yes | Y88: No | Z88: Yes | AB88: https://commons.wikimedia.org/w/index.php?search=Matcha+drink&title=Special:MediaSearch&type=image | AC88: https://thumb.wikimedia.org/wikipedia/commons/thumb/d/d9/Matcha_Scoop.jpg/1280px-Matcha_Scoop.jpg | AD88: CC BY-SA 4.0 | AE88: Evanhoever | AF88: Candidate - review | AG88: Draft v2 - editorial check
A89: B0158 | B89: Oolong | D89: China | F89: Asia | G89: Eastern Asia | H89: Hot | I89: No | J89: Small cup | K89: 2 | L89: 3 | M89: =INDEX('All Items'!$Q:$Q,MATCH($A89,'All Items'!$A:$A,0)) -> 6.65 | N89: partially oxidised | O89: rolled leaves | P89: gongfu | Q89: semi-oxidised tea | R89: Taiwan and Fujian | S89: Taiwan | T89: China and Taiwan's partly oxidised tea | W89: =COUNTA(N89:S89) -> 6 | X89: Yes | Y89: No | Z89: Yes | AB89: https://commons.wikimedia.org/w/index.php?search=Oolong+drink&title=Special:MediaSearch&type=image | AF89: Needed | AG89: Draft v2 - editorial check
A90: B0160 | B90: Bubble Tea | C90: Boba | D90: Taiwan | F90: Asia | G90: Eastern Asia | H90: Cold | I90: No | J90: Sealed cup | K90: 1 | L90: 4 | M90: =INDEX('All Items'!$Q:$Q,MATCH($A90,'All Items'!$A:$A,0)) -> 8.45 | N90: milk | O90: wide straw | P90: tapioca pearls | Q90: chewy pearls | R90: Taiwanese | S90: black tea | T90: Taiwan's milk tea with chewy tapioca pearls | U90: milk; tapioca pearls; black tea | V90: black tea | W90: =COUNTA(N90:S90) -> 6 | X90: Yes | Y90: No | Z90: No | AA90: Taiwan | AB90: https://commons.wikimedia.org/w/index.php?search=Bubble+Tea+drink&title=Special:MediaSearch&type=image | AF90: Needed | AG90: Draft v2 - editorial check
A91: B0161 | B91: Hong Kong Milk Tea | D91: China | F91: Asia | G91: Eastern Asia | H91: Hot | I91: No | J91: Cup | K91: 2 | L91: 3 | M91: =INDEX('All Items'!$Q:$Q,MATCH($A91,'All Items'!$A:$A,0)) -> 6.9 | N91: silk stocking strainer | O91: silky milk tea | P91: condensed milk | Q91: cha chaan teng | R91: strong black tea | S91: evaporated milk | T91: Strong silky tea with evaporated milk, from cha chaan teng cafés | U91: strong black tea; evaporated milk | V91: silky milk tea; condensed milk; strong black tea; evaporated milk | W91: =COUNTA(N91:S91) -> 6 | X91: Yes | Y91: No | Z91: Yes | AB91: https://commons.wikimedia.org/w/index.php?search=Hong+Kong+Milk+Tea+drink&title=Special:MediaSearch&type=image | AF91: Needed | AG91: Draft v2 - editorial check
A92: B0162 | B92: Teh Tarik | D92: Malaysia | F92: Asia | G92: South-Eastern Asia | H92: Hot | I92: No | J92: Glass | K92: 2 | L92: 3 | M92: =INDEX('All Items'!$Q:$Q,MATCH($A92,'All Items'!$A:$A,0)) -> 7.15 | N92: black tea | O92: frothy | P92: pulled | Q92: condensed milk | R92: pulled tea | S92: Malaysian | T92: Malaysia's frothy pulled milk tea | U92: black tea; condensed milk | W92: =COUNTA(N92:S92) -> 6 | X92: Yes | Y92: No | Z92: Yes | AB92: https://commons.wikimedia.org/w/index.php?search=Teh+Tarik+drink&title=Special:MediaSearch&type=image | AC92: https://thumb.wikimedia.org/wikipedia/commons/thumb/a/ab/Teh_Tarik_at_the_Iskandar_Curry_House_at_One_Riverside_%28DSCF0286%29.jpg/1280px-Teh_Tarik_at_the_Iskandar_Curry_House_at_One_Riverside_%28DSCF0286%29.jpg | AD92: CC BY-SA 4.0 | AE92: Yu Chu Chin | AF92: Candidate - review | AG92: Draft v2 - editorial check
A93: B0163 | B93: Yerba Mate | D93: Argentina | F93: Americas | G93: South America | H93: Hot | I93: No | J93: Mate gourd | K93: 1 | L93: 4 | M93: =INDEX('All Items'!$Q:$Q,MATCH($A93,'All Items'!$A:$A,0)) -> 8.45 | N93: bitter | O93: bombilla straw | P93: gourd | Q93: herbal infusion | R93: Argentine | S93: yerba leaves | T93: Argentina's herbal drink sipped through a metal straw | U93: yerba leaves | V93: yerba leaves | W93: =COUNTA(N93:S93) -> 6 | X93: Yes | Y93: No | Z93: No | AA93: Argentina, Uruguay, Paraguay, southern Brazil | AB93: https://commons.wikimedia.org/w/index.php?search=Yerba+Mate+drink&title=Special:MediaSearch&type=image | AF93: Needed | AG93: Draft v2 - editorial check
A94: B0164 | B94: Rooibos | D94: South Africa | F94: Africa | G94: Southern Africa | H94: Hot | I94: No | J94: Mug | K94: 2 | L94: 3 | M94: =INDEX('All Items'!$Q:$Q,MATCH($A94,'All Items'!$A:$A,0)) -> 7.4 | N94: honey | O94: milk | P94: caffeine-free | Q94: red | R94: bush tea | S94: South African | T94: South Africa's caffeine-free red bush tea | U94: honey; milk; bush tea | W94: =COUNTA(N94:S94) -> 6 | X94: Yes | Y94: No | Z94: Yes | AB94: https://commons.wikimedia.org/w/index.php?search=Rooibos+drink&title=Special:MediaSearch&type=image | AF94: Needed | AG94: Draft v2 - editorial check
A95: B0165 | B95: Mint Tea | C95: Atay | D95: Morocco | F95: Africa | G95: Northern Africa | H95: Hot | I95: No | J95: Glass | K95: 1 | L95: 4 | M95: =INDEX('All Items'!$Q:$Q,MATCH($A95,'All Items'!$A:$A,0)) -> 8.2 | N95: high pour | O95: Moroccan | P95: sugar | Q95: teapot | R95: gunpowder green tea | S95: fresh mint | T95: Morocco's sweet green tea with a fresh herb | U95: sugar; gunpowder green tea; fresh mint | V95: gunpowder green tea; fresh mint | W95: =COUNTA(N95:S95) -> 6 | X95: Yes | Y95: No | Z95: No | AA95: Shared across North Africa | AB95: https://commons.wikimedia.org/w/index.php?search=Mint+Tea+drink&title=Special:MediaSearch&type=image | AF95: Needed | AG95: Draft v2 - editorial check
A96: B0169 | B96: Hibiscus Tea | C96: Karkade | D96: Egypt | F96: Africa | G96: Northern Africa | H96: Cold | I96: No | J96: Glass | K96: 2 | L96: 3 | M96: =INDEX('All Items'!$Q:$Q,MATCH($A96,'All Items'!$A:$A,0)) -> 6.9 | N96: deep red | O96: tart | P96: ruby herbal tea | Q96: Egyptian | R96: hibiscus | T96: Egypt's tart ruby flower tea | U96: hibiscus | V96: ruby herbal tea; hibiscus | W96: =COUNTA(N96:S96) -> 5 | X96: Yes | Y96: No | Z96: Yes | AB96: https://commons.wikimedia.org/w/index.php?search=Hibiscus+Tea+drink&title=Special:MediaSearch&type=image | AF96: Needed | AG96: Draft v2 - editorial check
A97: B0171 | B97: Golden Milk | C97: Haldi Doodh | D97: India | E97: Pan-India | F97: Asia | G97: Southern Asia | H97: Hot | I97: No | J97: Mug | K97: 2 | L97: 4 | M97: =INDEX('All Items'!$Q:$Q,MATCH($A97,'All Items'!$A:$A,0)) -> 7.95 | N97: honey | O97: turmeric milk | P97: Indian home remedy | Q97: black pepper | R97: bedtime drink | S97: milk | T97: India's warm turmeric milk | U97: honey; black pepper; milk | V97: turmeric milk; milk | W97: =COUNTA(N97:S97) -> 6 | X97: No | Y97: Yes | Z97: Yes | AB97: https://commons.wikimedia.org/w/index.php?search=Golden+Milk+drink&title=Special:MediaSearch&type=image | AC97: https://thumb.wikimedia.org/wikipedia/commons/thumb/a/ab/Turmeric_inflorescence.jpg/1280px-Turmeric_inflorescence.jpg | AD97: CC BY-SA 4.0 | AE97: SKsiddhartthan | AF97: Candidate - review | AG97: Draft v2 - editorial check
A98: B0172 | B98: Kashmiri Pink Chai | D98: India | E98: Pan-India | F98: Asia | G98: Southern Asia | H98: Hot | I98: No | J98: Cup | K98: 3 | L98: 3 | M98: =INDEX('All Items'!$Q:$Q,MATCH($A98,'All Items'!$A:$A,0)) -> 6.9 | N98: cardamom | O98: milk | P98: baking soda | Q98: salt | R98: pink | T98: Kashmir's rosy salted milk tea | U98: cardamom; milk; baking soda; salt | V98: pink | W98: =COUNTA(N98:S98) -> 5 | X98: No | Y98: Yes | Z98: Yes | AB98: https://commons.wikimedia.org/w/index.php?search=Kashmiri+Pink+Chai+drink&title=Special:MediaSearch&type=image | AF98: Needed | AG98: Draft v2 - editorial check
A99: B0173 | B99: Sulaimani | D99: India | E99: Pan-India | F99: Asia | G99: Southern Asia | H99: Hot | I99: No | J99: Glass | K99: 3 | L99: 3 | M99: =INDEX('All Items'!$Q:$Q,MATCH($A99,'All Items'!$A:$A,0)) -> 7.15 | N99: cardamom | O99: lemon | P99: black tea | Q99: ginger | R99: after a biryani | S99: Malabar | T99: Malabar's spiced black tea with lemon | U99: cardamom; lemon; black tea | W99: =COUNTA(N99:S99) -> 6 | X99: No | Y99: Yes | Z99: Yes | AB99: https://commons.wikimedia.org/w/index.php?search=Sulaimani+drink&title=Special:MediaSearch&type=image | AC99: https://thumb.wikimedia.org/wikipedia/commons/thumb/0/00/Sulaymaniyah_City_-_Grand_Millenium_Hotel.jpg/1280px-Sulaymaniyah_City_-_Grand_Millenium_Hotel.jpg | AD99: CC BY-SA 4.0 | AE99: Diyar Muhammed | AF99: Candidate - review | AG99: Draft v2 - editorial check
A100: B0174 | B100: Cutting Chai | D100: India | E100: Pan-India | F100: Asia | G100: Southern Asia | H100: Hot | I100: No | J100: Small glass | K100: 2 | L100: 4 | M100: =INDEX('All Items'!$Q:$Q,MATCH($A100,'All Items'!$A:$A,0)) -> 8.45 | N100: strong tea | O100: half glass | P100: sugar | Q100: ginger | R100: roadside tapri | S100: Mumbai | T100: Mumbai's strong half-glass of milky tea | U100: strong tea; sugar; ginger | W100: =COUNTA(N100:S100) -> 6 | X100: No | Y100: Yes | Z100: Yes | AB100: https://commons.wikimedia.org/w/index.php?search=Cutting+Chai+drink&title=Special:MediaSearch&type=image | AF100: Needed | AG100: Draft v2 - editorial check
...

Sheet Removed
A1: ID | B1: Name | C1: Kind | D1: Country | E1: State / region | F1: Course / type | G1: Recognition (1-5) | H1: Score | I1: Why it was removed
A2: D0534 | B2: Nihari (Pakistan) | C2: Dish | D2: Pakistan | F2: Main | G2: 4 | H2: =INDEX('All Items'!$Q:$Q,MATCH($A2,'All Items'!$A:$A,0)) -> 6.45 | I2: Near-duplicate: Pakistani Nihari duplicates Nihari
A3: D0004 | B3: Makki di Roti | C3: Dish | D3: India | E3: Punjab | F3: Bread | G3: 3 | H3: =INDEX('All Items'!$Q:$Q,MATCH($A3,'All Items'!$A:$A,0)) -> 6.4 | I3: Too few telling clues once pantry is removed (1)
A4: D0013 | B4: Gobi Paratha | C4: Dish | D4: India | E4: Punjab | F4: Breakfast | G4: 3 | H4: =INDEX('All Items'!$Q:$Q,MATCH($A4,'All Items'!$A:$A,0)) -> 6.4 | I4: Too few telling clues once pantry is removed (1)
A5: D0058 | B5: Bajre ki Roti | C5: Dish | D5: India | E5: Rajasthan | F5: Bread | G5: 3 | H5: =INDEX('All Items'!$Q:$Q,MATCH($A5,'All Items'!$A:$A,0)) -> 6.4 | I5: Too few telling clues once pantry is removed (1)
A6: D0023 | B6: Chicken Changezi | C6: Dish | D6: India | E6: Delhi | F6: Main | G6: 2 | H6: =INDEX('All Items'!$Q:$Q,MATCH($A6,'All Items'!$A:$A,0)) -> 6.1 | I6: Niche: few players would know it
A7: D0027 | B7: Ram Ladoo | C7: Dish | D7: India | E7: Delhi | F7: Street | G7: 2 | H7: =INDEX('All Items'!$Q:$Q,MATCH($A7,'All Items'!$A:$A,0)) -> 6.1 | I7: Niche: few players would know it
A8: D0049 | B8: Champaran Mutton | C8: Dish | D8: India | E8: Bihar | F8: Main | G8: 2 | H8: =INDEX('All Items'!$Q:$Q,MATCH($A8,'All Items'!$A:$A,0)) -> 6.1 | I8: Niche: few players would know it
A9: D0086 | B9: Pandhra Rassa | C9: Dish | D9: India | E9: Maharashtra | F9: Main | G9: 2 | H9: =INDEX('All Items'!$Q:$Q,MATCH($A9,'All Items'!$A:$A,0)) -> 6.1 | I9: Niche: few players would know it
A10: D0095 | B10: Sali Boti | C10: Dish | D10: India | E10: Maharashtra | F10: Main | G10: 2 | H10: =INDEX('All Items'!$Q:$Q,MATCH($A10,'All Items'!$A:$A,0)) -> 6.1 | I10: Niche: few players would know it
A11: D0096 | B11: Patra ni Machhi | C11: Dish | D11: India | E11: Maharashtra | F11: Main | G11: 2 | H11: =INDEX('All Items'!$Q:$Q,MATCH($A11,'All Items'!$A:$A,0)) -> 6.1 | I11: Niche: few players would know it
A12: D0107 | B12: Sorpotel | C12: Dish | D12: India | E12: Goa | F12: Main | G12: 2 | H12: =INDEX('All Items'!$Q:$Q,MATCH($A12,'All Items'!$A:$A,0)) -> 6.1 | I12: Niche: few players would know it
A13: D0131 | B13: Adhirasam | C13: Dish | D13: India | E13: Tamil Nadu | F13: Sweet | G13: 2 | H13: =INDEX('All Items'!$Q:$Q,MATCH($A13,'All Items'!$A:$A,0)) -> 6.1 | I13: Niche: few players would know it
A14: D0134 | B14: Paruppu Usili | C14: Dish | D14: India | E14: Tamil Nadu | F14: Side | G14: 2 | H14: =INDEX('All Items'!$Q:$Q,MATCH($A14,'All Items'!$A:$A,0)) -> 6.1 | I14: Niche: few players would know it
... A25: D0363 | B25: Bihari Kabab | C25: Dish | D25: India | E25: Bihar | F25: Snack | G25: 2 | H25: =INDEX('All Items'!$Q:$Q,MATCH($A25,'All Items'!$A:$A,0)) -> 6.1 | I25: Niche: few players would know it
A26: D0380 | B26: Shui Zhu Yu | C26: Dish | D26: China | F26: Main | G26: 2 | H26: =INDEX('All Items'!$Q:$Q,MATCH($A26,'All Items'!$A:$A,0)) -> 6.1 | I26: Niche: few players would know it
A27: D0395 | B27: Beggar's Chicken | C27: Dish | D27: China | F27: Main | G27: 2 | H27: =INDEX('All Items'!$Q:$Q,MATCH($A27,'All Items'!$A:$A,0)) -> 6.1 | I27: Niche: few players would know it
A28: D0399 | B28: Lo Mai Gai | C28: Dish | D28: China | F28: Snack | G28: 2 | H28: =INDEX('All Items'!$Q:$Q,MATCH($A28,'All Items'!$A:$A,0)) -> 6.1 | I28: Niche: few players would know it
A29: D0400 | B29: Lap Cheong Claypot Rice | C29: Dish | D29: China | F29: Rice | G29: 2 | H29: =INDEX('All Items'!$Q:$Q,MATCH($A29,'All Items'!$A:$A,0)) -> 6.1 | I29: Niche: few players would know it
A30: D0423 | B30: Chawanmushi | C30: Dish | D30: Japan | F30: Side | G30: 2 | H30: =INDEX('All Items'!$Q:$Q,MATCH($A30,'All Items'!$A:$A,0)) -> 6.1 | I30: Niche: few players would know it
A31: D0432 | B31: Hiyashi Chuka | C31: Dish | D31: Japan | F31: Main | G31: 2 | H31: =INDEX('All Items'!$Q:$Q,MATCH($A31,'All Items'!$A:$A,0)) -> 6.1 | I31: Niche: few players would know it
A32: D0434 | B32: Chirashi | C32: Dish | D32: Japan | F32: Rice | G32: 2 | H32: =INDEX('All Items'!$Q:$Q,MATCH($A32,'All Items'!$A:$A,0)) -> 6.1 | I32: Niche: few players would know it
A33: D0451 | B33: Dakgalbi | C33: Dish | D33: South Korea | F33: Main | G33: 2 | H33: =INDEX('All Items'!$Q:$Q,MATCH($A33,'All Items'!$A:$A,0)) -> 6.1 | I33: Niche: few players would know it
A34: D0457 | B34: Sundae (Korean) | C34: Dish | D34: South Korea | F34: Street | G34: 2 | H34: =INDEX('All Items'!$Q:$Q,MATCH($A34,'All Items'!$A:$A,0)) -> 6.1 | I34: Niche: few players would know it
A35: D0473 | B35: Boat Noodles | C35: Dish | D35: Thailand | F35: Soup | G35: 2 | H35: =INDEX('All Items'!$Q:$Q,MATCH($A35,'All Items'!$A:$A,0)) -> 6.1 | I35: Niche: few players would know it
A36: D0484 | B36: Cao Lau | C36: Dish | D36: Vietnam | F36: Main | G36: 2 | H36: =INDEX('All Items'!$Q:$Q,MATCH($A36,'All Items'!$A:$A,0)) -> 6.1 | I36: Niche: few players would know it
A37: D0486 | B37: Bun Rieu | C37: Dish | D37: Vietnam | F37: Soup | G37: 2 | H37: =INDEX('All Items'!$Q:$Q,MATCH($A37,'All Items'!$A:$A,0)) -> 6.1 | I37: Niche: few players would know it
... A95: D0911 | B95: Spam Musubi | C95: Dish | D95: United States | F95: Snack | G95: 2 | H95: =INDEX('All Items'!$Q:$Q,MATCH($A95,'All Items'!$A:$A,0)) -> 6.1 | I95: Niche: few players would know it
A96: D0028 | B96: Daulat ki Chaat | C96: Dish | D96: India | E96: Delhi | F96: Sweet | G96: 2 | H96: =INDEX('All Items'!$Q:$Q,MATCH($A96,'All Items'!$A:$A,0)) -> 5.85 | I96: Niche: few players would know it
A97: D0043 | B97: Malaiyo | C97: Dish | D97: India | E97: Uttar Pradesh | F97: Sweet | G97: 2 | H97: =INDEX('All Items'!$Q:$Q,MATCH($A97,'All Items'!$A:$A,0)) -> 5.85 | I97: Niche: few players would know it
A98: D0073 | B98: Locho | C98: Dish | D98: India | E98: Gujarat | F98: Street | G98: 2 | H98: =INDEX('All Items'!$Q:$Q,MATCH($A98,'All Items'!$A:$A,0)) -> 5.85 | I98: Niche: few players would know it
A99: D0085 | B99: Tambda Rassa | C99: Dish | D99: India | E99: Maharashtra | F99: Main | G99: 2 | H99: =INDEX('All Items'!$Q:$Q,MATCH($A99,'All Items'!$A:$A,0)) -> 5.85 | I99: Niche: few players would know it
A100: D0109 | B100: Goan Choris Pao | C100: Dish | D100: India | E100: Goa | F100: Snack | G100: 2 | H100: =INDEX('All Items'!$Q:$Q,MATCH($A100,'All Items'!$A:$A,0)) -> 5.85 | I100: Niche: few players would know it
A101: D0132 | B101: Kara Kozhambu | C101: Dish | D101: India | E101: Tamil Nadu | F101: Main | G101: 2 | H101: =INDEX('All Items'!$Q:$Q,MATCH($A101,'All Items'!$A:$A,0)) -> 5.85 | I101: Niche: few players would know it
A102: D0155 | B102: Olan | C102: Dish | D102: India | E102: Kerala | F102: Side | G102: 2 | H102: =INDEX('All Items'!$Q:$Q,MATCH($A102,'All Items'!$A:$A,0)) -> 5.85 | I102: Niche: few players would know it
A103: D0170 | B103: Gojju | C103: Dish | D103: India | E103: Karnataka | F103: Side | G103: 2 | H103: =INDEX('All Items'!$Q:$Q,MATCH($A103,'All Items'!$A:$A,0)) -> 5.85 | I103: Niche: few players would know it
A104: D0184 | B104: Natu Kodi Pulusu | C104: Dish | D104: India | E104: Andhra Pradesh | F104: Main | G104: 2 | H104: =INDEX('All Items'!$Q:$Q,MATCH($A104,'All Items'!$A:$A,0)) -> 5.85 | I104: Niche: few players would know it
A105: D0188 | B105: Hyderabadi Marag | C105: Dish | D105: India | E105: Telangana | F105: Soup | G105: 2 | H105: =INDEX('All Items'!$Q:$Q,MATCH($A105,'All Items'!$A:$A,0)) -> 5.85 | I105: Niche: few players would know it
A106: D0202 | B106: Daab Chingri | C106: Dish | D106: India | E106: West Bengal | F106: Main | G106: 2 | H106: =INDEX('All Items'!$Q:$Q,MATCH($A106,'All Items'!$A:$A,0)) -> 5.85 | I106: Niche: few players would know it
A107: D0206 | B107: Cham Cham | C107: Dish | D107: India | E107: West Bengal | F107: Sweet | G107: 2 | H107: =INDEX('All Items'!$Q:$Q,MATCH($A107,'All Items'!$A:$A,0)) -> 5.85 | I107: Niche: few players would know it
... A121: D0336 | B121: Vegetable Jalfrezi | C121: Dish | D121: India | E121: Pan-India | F121: Main | G121: 2 | H121: =INDEX('All Items'!$Q:$Q,MATCH($A121,'All Items'!$A:$A,0)) -> 5.85 | I121: Niche: few players would know it
A122: D0393 | B122: Ma La Xiang Guo | C122: Dish | D122: China | F122: Main | G122: 2 | H122: =INDEX('All Items'!$Q:$Q,MATCH($A122,'All Items'!$A:$A,0)) -> 5.85 | I122: Niche: few players would know it
A123: D0433 | B123: Nikujaga | C123: Dish | D123: Japan | F123: Main | G123: 2 | H123: =INDEX('All Items'!$Q:$Q,MATCH($A123,'All Items'!$A:$A,0)) -> 5.85 | I123: Niche: few players would know it
A124: D0472 | B124: Gai Yang | C124: Dish | D124: Thailand | F124: Main | G124: 2 | H124: =INDEX('All Items'!$Q:$Q,MATCH($A124,'All Items'!$A:$A,0)) -> 5.85 | I124: Niche: few players would know it
A125: D0475 | B125: Tod Mun Pla | C125: Dish | D125: Thailand | F125: Snack | G125: 2 | H125: =INDEX('All Items'!$Q:$Q,MATCH($A125,'All Items'!$A:$A,0)) -> 5.85 | I125: Niche: few players would know it
A126: D0485 | B126: Ca Kho To | C126: Dish | D126: Vietnam | F126: Main | G126: 2 | H126: =INDEX('All Items'!$Q:$Q,MATCH($A126,'All Items'!$A:$A,0)) -> 5.85 | I126: Niche: few players would know it
A127: D0518 | B127: Lok Lak | C127: Dish | D127: Cambodia | F127: Main | G127: 2 | H127: =INDEX('All Items'!$Q:$Q,MATCH($A127,'All Items'!$A:$A,0)) -> 5.85 | I127: Niche: few players would know it
A128: D0520 | B128: Tea Leaf Salad | C128: Dish | D128: Myanmar | F128: Salad | G128: 2 | H128: =INDEX('All Items'!$Q:$Q,MATCH($A128,'All Items'!$A:$A,0)) -> 5.85 | I128: Niche: few players would know it
A129: D0526 | B129: Sri Lankan Fish Ambul Thiyal | C129: Dish | D129: Sri Lanka | F129: Main | G129: 2 | H129: =INDEX('All Items'!$Q:$Q,MATCH($A129,'All Items'!$A:$A,0)) -> 5.85 | I129: Niche: few players would know it
A130: D0528 | B130: Hilsa Bhapa | C130: Dish | D130: Bangladesh | F130: Main | G130: 2 | H130: =INDEX('All Items'!$Q:$Q,MATCH($A130,'All Items'!$A:$A,0)) -> 5.85 | I130: Niche: few players would know it
A131: D0537 | B131: Sajji | C131: Dish | D131: Pakistan | F131: Main | G131: 2 | H131: =INDEX('All Items'!$Q:$Q,MATCH($A131,'All Items'!$A:$A,0)) -> 5.85 | I131: Niche: few players would know it
A132: D0540 | B132: Mantu | C132: Dish | D132: Afghanistan | F132: Snack | G132: 2 | H132: =INDEX('All Items'!$Q:$Q,MATCH($A132,'All Items'!$A:$A,0)) -> 5.85 | I132: Niche: few players would know it
A133: D0541 | B133: Bolani | C133: Dish | D133: Afghanistan | F133: Snack | G133: 2 | H133: =INDEX('All Items'!$Q:$Q,MATCH($A133,'All Items'!$A:$A,0)) -> 5.85 | I133: Niche: few players would know it
... A193: D0908 | B193: Kokoda | C193: Dish | D193: Fiji | F193: Snack | G193: 2 | H193: =INDEX('All Items'!$Q:$Q,MATCH($A193,'All Items'!$A:$A,0)) -> 5.85 | I193: Niche: few players would know it
A194: D0015 | B194: Pinni | C194: Dish | D194: India | E194: Punjab | F194: Sweet | G194: 2 | H194: =INDEX('All Items'!$Q:$Q,MATCH($A194,'All Items'!$A:$A,0)) -> 5.6 | I194: Niche: few players would know it
A195: D0030 | B195: Parathe Wali Gali Paratha | C195: Dish | D195: India | E195: Delhi | F195: Breakfast | G195: 2 | H195: =INDEX('All Items'!$Q:$Q,MATCH($A195,'All Items'!$A:$A,0)) -> 5.6 | I195: Niche: few players would know it
A196: D0045 | B196: Tamatar Chaat | C196: Dish | D196: India | E196: Uttar Pradesh | F196: Street | G196: 2 | H196: =INDEX('All Items'!$Q:$Q,MATCH($A196,'All Items'!$A:$A,0)) -> 5.6 | I196: Niche: few players would know it
A197: D0057 | B197: Mohan Thaal | C197: Dish | D197: India | E197: Gujarat | F197: Sweet | G197: 2 | H197: =INDEX('All Items'!$Q:$Q,MATCH($A197,'All Items'!$A:$A,0)) -> 5.6 | I197: Niche: few players would know it
A198: D0067 | B198: Sev Tameta | C198: Dish | D198: India | E198: Gujarat | F198: Main | G198: 2 | H198: =INDEX('All Items'!$Q:$Q,MATCH($A198,'All Items'!$A:$A,0)) -> 5.6 | I198: Niche: few players would know it
A199: D0083 | B199: Zunka Bhakri | C199: Dish | D199: India | E199: Maharashtra | F199: Main | G199: 2 | H199: =INDEX('All Items'!$Q:$Q,MATCH($A199,'All Items'!$A:$A,0)) -> 5.6 | I199: Niche: few players would know it
A200: D0094 | B200: Akuri | C200: Dish | D200: India | E200: Maharashtra | F200: Breakfast | G200: 2 | H200: =INDEX('All Items'!$Q:$Q,MATCH($A200,'All Items'!$A:$A,0)) -> 5.6 | I200: Niche: few players would know it
A201: D0110 | B201: Ros Omelette | C201: Dish | D201: India | E201: Goa | F201: Street | G201: 2 | H201: =INDEX('All Items'!$Q:$Q,MATCH($A201,'All Items'!$A:$A,0)) -> 5.6 | I201: Niche: few players would know it
A202: D0137 | B202: Nethili Fry | C202: Dish | D202: India | E202: Tamil Nadu | F202: Snack | G202: 2 | H202: =INDEX('All Items'!$Q:$Q,MATCH($A202,'All Items'!$A:$A,0)) -> 5.6 | I202: Niche: few players would know it
A203: D0153 | B203: Erissery | C203: Dish | D203: India | E203: Kerala | F203: Side | G203: 2 | H203: =INDEX('All Items'!$Q:$Q,MATCH($A203,'All Items'!$A:$A,0)) -> 5.6 | I203: Niche: few players would know it
A204: D0166 | B204: Kane Rava Fry | C204: Dish | D204: India | E204: Karnataka | F204: Main | G204: 2 | H204: =INDEX('All Items'!$Q:$Q,MATCH($A204,'All Items'!$A:$A,0)) -> 5.6 | I204: Niche: few players would know it
A205: D0182 | B205: Pootharekulu | C205: Dish | D205: India | E205: Andhra Pradesh | F205: Sweet | G205: 2 | H205: =INDEX('All Items'!$Q:$Q,MATCH($A205,'All Items'!$A:$A,0)) -> 5.6 | I205: Niche: few players would know it
... A222: D0362 | B222: Malai Chop | C222: Dish | D222: India | E222: West Bengal | F222: Sweet | G222: 2 | H222: =INDEX('All Items'!$Q:$Q,MATCH($A222,'All Items'!$A:$A,0)) -> 5.6 | I222: Niche: few players would know it
A223: D0455 | B223: Bossam | C223: Dish | D223: South Korea | F223: Main | G223: 2 | H223: =INDEX('All Items'!$Q:$Q,MATCH($A223,'All Items'!$A:$A,0)) -> 5.6 | I223: Niche: few players would know it
A224: D0456 | B224: Doenjang Jjigae | C224: Dish | D224: South Korea | F224: Soup | G224: 2 | H224: =INDEX('All Items'!$Q:$Q,MATCH($A224,'All Items'!$A:$A,0)) -> 5.6 | I224: Niche: few players would know it
A225: D0474 | B225: Moo Ping | C225: Dish | D225: Thailand | F225: Street | G225: 2 | H225: =INDEX('All Items'!$Q:$Q,MATCH($A225,'All Items'!$A:$A,0)) -> 5.6 | I225: Niche: few players would know it
A226: D0516 | B226: Arroz Caldo | C226: Dish | D226: Philippines | F226: Soup | G226: 2 | H226: =INDEX('All Items'!$Q:$Q,MATCH($A226,'All Items'!$A:$A,0)) -> 5.6 | I226: Niche: few players would know it
A227: D0525 | B227: Pol Sambol | C227: Dish | D227: Sri Lanka | F227: Condiment | G227: 2 | H227: =INDEX('All Items'!$Q:$Q,MATCH($A227,'All Items'!$A:$A,0)) -> 5.6 | I227: Niche: few players would know it
A228: D0544 | B228: Samsa | C228: Dish | D228: Uzbekistan | F228: Snack | G228: 2 | H228: =INDEX('All Items'!$Q:$Q,MATCH($A228,'All Items'!$A:$A,0)) -> 5.6 | I228: Niche: few players would know it
A229: D0546 | B229: Buuz | C229: Dish | D229: Mongolia | F229: Snack | G229: 2 | H229: =INDEX('All Items'!$Q:$Q,MATCH($A229,'All Items'!$A:$A,0)) -> 5.6 | I229: Niche: few players would know it
A230: D0547 | B230: Khuushuur | C230: Dish | D230: Mongolia | F230: Snack | G230: 2 | H230: =INDEX('All Items'!$Q:$Q,MATCH($A230,'All Items'!$A:$A,0)) -> 5.6 | I230: Niche: few players would know it
A231: D0574 | B231: Bistecca alla Fiorentina | C231: Dish | D231: Italy | F231: Main | G231: 2 | H231: =INDEX('All Items'!$Q:$Q,MATCH($A231,'All Items'!$A:$A,0)) -> 5.6 | I231: Niche: few players would know it
A232: D0632 | B232: Pimientos de Padrón | C232: Dish | D232: Spain | F232: Snack | G232: 2 | H232: =INDEX('All Items'!$Q:$Q,MATCH($A232,'All Items'!$A:$A,0)) -> 5.6 | I232: Niche: few players would know it
A233: D0653 | B233: Eton Mess | C233: Dish | D233: United Kingdom | F233: Dessert | G233: 2 | H233: =INDEX('All Items'!$Q:$Q,MATCH($A233,'All Items'!$A:$A,0)) -> 5.6 | I233: Niche: few players would know it
A234: D0685 | B234: Poffertjes | C234: Dish | D234: Netherlands | F234: Dessert | G234: 2 | H234: =INDEX('All Items'!$Q:$Q,MATCH($A234,'All Items'!$A:$A,0)) -> 5.6 | I234: Niche: few players would know it
... A247: D0907 | B247: Hokey Pokey Ice Cream | C247: Dish | D247: New Zealand | F247: Dessert | G247: 2 | H247: =INDEX('All Items'!$Q:$Q,MATCH($A247,'All Items'!$A:$A,0)) -> 5.6 | I247: Niche: few players would know it
A248: D0128 | B248: Dindigul Biryani | C248: Dish | D248: India | E248: Tamil Nadu | F248: Rice | G248: 3 | H248: =INDEX('All Items'!$Q:$Q,MATCH($A248,'All Items'!$A:$A,0)) -> 5.4 | I248: Near-duplicate: Dindigul Biryani is close to other South Indian biryanis
A249: D0129 | B249: Ambur Biryani | C249: Dish | D249: India | E249: Tamil Nadu | F249: Rice | G249: 3 | H249: =INDEX('All Items'!$Q:$Q,MATCH($A249,'All Items'!$A:$A,0)) -> 5.4 | I249: Near-duplicate: Ambur Biryani is close to other South Indian biryanis
A250: D0163 | B250: Rava Idli | C250: Dish | D250: India | E250: Karnataka | F250: Breakfast | G250: 3 | H250: =INDEX('All Items'!$Q:$Q,MATCH($A250,'All Items'!$A:$A,0)) -> 5.4 | I250: Near-duplicate: Rava Idli duplicates Idli
A251: D0284 | B251: Bread Pakora | C251: Dish | D251: India | E251: Pan-India | F251: Snack | G251: 3 | H251: =INDEX('All Items'!$Q:$Q,MATCH($A251,'All Items'!$A:$A,0)) -> 5.4 | I251: Near-duplicate: Bread Pakora overlaps Pakora
A252: D0348 | B252: Kulfi Falooda | C252: Dish | D252: India | E252: Delhi | F252: Dessert | G252: 3 | H252: =INDEX('All Items'!$Q:$Q,MATCH($A252,'All Items'!$A:$A,0)) -> 5.4 | I252: Near-duplicate: Kulfi Falooda duplicates Kulfi and Falooda
A253: D0490 | B253: Assam Laksa | C253: Dish | D253: Malaysia | F253: Soup | G253: 3 | H253: =INDEX('All Items'!$Q:$Q,MATCH($A253,'All Items'!$A:$A,0)) -> 5.4 | I253: Near-duplicate: Assam Laksa overlaps Laksa
A254: D0531 | B254: Momo (Nepal) | C254: Dish | D254: Nepal | F254: Snack | G254: 3 | H254: =INDEX('All Items'!$Q:$Q,MATCH($A254,'All Items'!$A:$A,0)) -> 5.4 | I254: Near-duplicate: Nepali Momo duplicates Momos
A255: D0619 | B255: Seafood Paella | C255: Dish | D255: Spain | F255: Rice | G255: 3 | H255: =INDEX('All Items'!$Q:$Q,MATCH($A255,'All Items'!$A:$A,0)) -> 5.4 | I255: Near-duplicate: Seafood Paella duplicates Paella
A256: D0679 | B256: Moules-Frites | C256: Dish | D256: Belgium | F256: Main | G256: 3 | H256: =INDEX('All Items'!$Q:$Q,MATCH($A256,'All Items'!$A:$A,0)) -> 5.4 | I256: Near-duplicate: Moules-Frites overlaps Moules Marinières
A257: D0746 | B257: Künefe | C257: Dish | D257: Turkey | F257: Dessert | G257: 3 | H257: =INDEX('All Items'!$Q:$Q,MATCH($A257,'All Items'!$A:$A,0)) -> 5.4 | I257: Near-duplicate: Künefe duplicates Knafeh
A258: D0039 | B258: Sheermal | C258: Dish | D258: India | E258: Uttar Pradesh | F258: Bread | G258: 2 | H258: =INDEX('All Items'!$Q:$Q,MATCH($A258,'All Items'!$A:$A,0)) -> 5.35 | I258: Niche: few players would know it
A259: D0048 | B259: Khaja | C259: Dish | D259: India | E259: Bihar | F259: Sweet | G259: 2 | H259: =INDEX('All Items'!$Q:$Q,MATCH($A259,'All Items'!$A:$A,0)) -> 5.35 | I259: Niche: few players would know it
A260: D0208 | B260: Chanar Dalna | C260: Dish | D260: India | E260: West Bengal | F260: Main | G260: 2 | H260: =INDEX('All Items'!$Q:$Q,MATCH($A260,'All Items'!$A:$A,0)) -> 5.35 | I260: Niche: few players would know it
A261: D0219 | B261: Machha Besara | C261: Dish | D261: India | E261: Odisha | F261: Main | G261: 2 | H261: =INDEX('All Items'!$Q:$Q,MATCH($A261,'All Items'!$A:$A,0)) -> 5.35 | I261: Niche: few players would know it
A262: D0230 | B262: Jadoh | C262: Dish | D262: India | E262: Meghalaya | F262: Rice | G262: 2 | H262: =INDEX('All Items'!$Q:$Q,MATCH($A262,'All Items'!$A:$A,0)) -> 5.35 | I262: Niche: few players would know it
A263: D0302 | B263: Shakarpara | C263: Dish | D263: India | E263: Pan-India | F263: Snack | G263: 2 | H263: =INDEX('All Items'!$Q:$Q,MATCH($A263,'All Items'!$A:$A,0)) -> 5.35 | I263: Niche: few players would know it
A264: D0344 | B264: Lime Pickle | C264: Dish | D264: India | E264: Pan-India | F264: Condiment | G264: 2 | H264: =INDEX('All Items'!$Q:$Q,MATCH($A264,'All Items'!$A:$A,0)) -> 5.35 | I264: Niche: few players would know it
A265: D0359 | B265: Kheema Samosa | C265: Dish | D265: India | E265: Pan-India | F265: Snack | G265: 2 | H265: =INDEX('All Items'!$Q:$Q,MATCH($A265,'All Items'!$A:$A,0)) -> 5.35 | I265: Niche: few players would know it
A266: D0538 | B266: Paya | C266: Dish | D266: Pakistan | F266: Soup | G266: 2 | H266: =INDEX('All Items'!$Q:$Q,MATCH($A266,'All Items'!$A:$A,0)) -> 5.35 | I266: Niche: few players would know it
A267: D0582 | B267: Prosciutto e Melone | C267: Dish | D267: Italy | F267: Snack | G267: 2 | H267: =INDEX('All Items'!$Q:$Q,MATCH($A267,'All Items'!$A:$A,0)) -> 5.35 | I267: Niche: few players would know it
...

Sheet All Items
A1: ID | B1: Name | C1: Kind | D1: Country | E1: State / region | F1: Course / type | G1: Fame (1-3) | H1: Recognition (1-5) | I1: Telling clues in source | J1: Near-duplicate? | K1: Duplicate note | L1: Single-ingredient product? | M1: Recognition pts | N1: Clue pts | O1: Distinct pts | P1: Fit pts | Q1: Score | R1: Status | S1: Reason
A2: D0001 | B2: Butter Chicken | C2: Dish | D2: India | E2: Delhi | F2: Main | G2: 1 | H2: 5 | I2: 5 | J2: No | L2: No | M2: =H2*Scoring!$C$5 -> 6.5 | N2: =IF(I2>=5,1,IF(I2=4,0.75,IF(I2=3,0.5,IF(I2=2,0.25,0))))*Scoring!$C$8 -> 1 | O2: =IF(J2="Yes",0,Scoring!$C$6) -> 2 | P2: =IF(L2="Yes",0,Scoring!$C$7) -> 0.5 | Q2: =ROUND(SUM(M2:P2),2) -> 10 | R2: =IF(Q2>=Scoring!$C$10-0.000001,"Keep","Remove") -> Keep | S2: Kept
A3: D0002 | B3: Chole Bhature | C3: Dish | D3: India | E3: Punjab | F3: Main | G3: 1 | H3: 5 | I3: 4 | J3: No | L3: No | M3: =H3*Scoring!$C$5 -> 6.5 | N3: =IF(I3>=5,1,IF(I3=4,0.75,IF(I3=3,0.5,IF(I3=2,0.25,0))))*Scoring!$C$8 -> 0.75 | O3: =IF(J3="Yes",0,Scoring!$C$6) -> 2 | P3: =IF(L3="Yes",0,Scoring!$C$7) -> 0.5 | Q3: =ROUND(SUM(M3:P3),2) -> 9.75 | R3: =IF(Q3>=Scoring!$C$10-0.000001,"Keep","Remove") -> Keep | S3: Kept
A4: D0003 | B4: Sarson da Saag | C4: Dish | D4: India | E4: Punjab | F4: Main | G4: 1 | H4: 4 | I4: 3 | J4: No | L4: No | M4: =H4*Scoring!$C$5 -> 5.2 | N4: =IF(I4>=5,1,IF(I4=4,0.75,IF(I4=3,0.5,IF(I4=2,0.25,0))))*Scoring!$C$8 -> 0.5 | O4: =IF(J4="Yes",0,Scoring!$C$6) -> 2 | P4: =IF(L4="Yes",0,Scoring!$C$7) -> 0.5 | Q4: =ROUND(SUM(M4:P4),2) -> 8.2 | R4: =IF(Q4>=Scoring!$C$10-0.000001,"Keep","Remove") -> Keep | S4: Kept
A5: D0004 | B5: Makki di Roti | C5: Dish | D5: India | E5: Punjab | F5: Bread | G5: 2 | H5: 3 | I5: 1 | J5: No | L5: No | M5: =H5*Scoring!$C$5 -> 3.9 | N5: =IF(I5>=5,1,IF(I5=4,0.75,IF(I5=3,0.5,IF(I5=2,0.25,0))))*Scoring!$C$8 -> 0 | O5: =IF(J5="Yes",0,Scoring!$C$6) -> 2 | P5: =IF(L5="Yes",0,Scoring!$C$7) -> 0.5 | Q5: =ROUND(SUM(M5:P5),2) -> 6.4 | R5: =IF(Q5>=Scoring!$C$10-0.000001,"Keep","Remove") -> Remove | S5: Too few telling clues once pantry is removed (1)
A6: D0005 | B6: Amritsari Kulcha | C6: Dish | D6: India | E6: Punjab | F6: Bread | G6: 2 | H6: 3 | I6: 4 | J6: No | L6: No | M6: =H6*Scoring!$C$5 -> 3.9 | N6: =IF(I6>=5,1,IF(I6=4,0.75,IF(I6=3,0.5,IF(I6=2,0.25,0))))*Scoring!$C$8 -> 0.75 | O6: =IF(J6="Yes",0,Scoring!$C$6) -> 2 | P6: =IF(L6="Yes",0,Scoring!$C$7) -> 0.5 | Q6: =ROUND(SUM(M6:P6),2) -> 7.15 | R6: =IF(Q6>=Scoring!$C$10-0.000001,"Keep","Remove") -> Keep | S6: Kept
A7: D0006 | B7: Dal Makhani | C7: Dish | D7: India | E7: Punjab | F7: Main | G7: 1 | H7: 5 | I7: 5 | J7: No | L7: No | M7: =H7*Scoring!$C$5 -> 6.5 | N7: =IF(I7>=5,1,IF(I7=4,0.75,IF(I7=3,0.5,IF(I7=2,0.25,0))))*Scoring!$C$8 -> 1 | O7: =IF(J7="Yes",0,Scoring!$C$6) -> 2 | P7: =IF(L7="Yes",0,Scoring!$C$7) -> 0.5 | Q7: =ROUND(SUM(M7:P7),2) -> 10 | R7: =IF(Q7>=Scoring!$C$10-0.000001,"Keep","Remove") -> Keep | S7: Kept
A8: D0007 | B8: Rajma Chawal | C8: Dish | D8: India | E8: Punjab | F8: Main | G8: 1 | H8: 5 | I8: 3 | J8: No | L8: No | M8: =H8*Scoring!$C$5 -> 6.5 | N8: =IF(I8>=5,1,IF(I8=4,0.75,IF(I8=3,0.5,IF(I8=2,0.25,0))))*Scoring!$C$8 -> 0.5 | O8: =IF(J8="Yes",0,Scoring!$C$6) -> 2 | P8: =IF(L8="Yes",0,Scoring!$C$7) -> 0.5 | Q8: =ROUND(SUM(M8:P8),2) -> 9.5 | R8: =IF(Q8>=Scoring!$C$10-0.000001,"Keep","Remove") -> Keep | S8: Kept
A9: D0008 | B9: Paneer Tikka | C9: Dish | D9: India | E9: Punjab | F9: Snack | G9: 1 | H9: 5 | I9: 5 | J9: No | L9: No | M9: =H9*Scoring!$C$5 -> 6.5 | N9: =IF(I9>=5,1,IF(I9=4,0.75,IF(I9=3,0.5,IF(I9=2,0.25,0))))*Scoring!$C$8 -> 1 | O9: =IF(J9="Yes",0,Scoring!$C$6) -> 2 | P9: =IF(L9="Yes",0,Scoring!$C$7) -> 0.5 | Q9: =ROUND(SUM(M9:P9),2) -> 10 | R9: =IF(Q9>=Scoring!$C$10-0.000001,"Keep","Remove") -> Keep | S9: Kept
A10: D0009 | B10: Tandoori Chicken | C10: Dish | D10: India | E10: Punjab | F10: Main | G10: 1 | H10: 5 | I10: 5 | J10: No | L10: No | M10: =H10*Scoring!$C$5 -> 6.5 | N10: =IF(I10>=5,1,IF(I10=4,0.75,IF(I10=3,0.5,IF(I10=2,0.25,0))))*Scoring!$C$8 -> 1 | O10: =IF(J10="Yes",0,Scoring!$C$6) -> 2 | P10: =IF(L10="Yes",0,Scoring!$C$7) -> 0.5 | Q10: =ROUND(SUM(M10:P10),2) -> 10 | R10: =IF(Q10>=Scoring!$C$10-0.000001,"Keep","Remove") -> Keep | S10: Kept
A11: D0010 | B11: Amritsari Fish | C11: Dish | D11: India | E11: Punjab | F11: Snack | G11: 2 | H11: 3 | I11: 5 | J11: No | L11: No | M11: =H11*Scoring!$C$5 -> 3.9 | N11: =IF(I11>=5,1,IF(I11=4,0.75,IF(I11=3,0.5,IF(I11=2,0.25,0))))*Scoring!$C$8 -> 1 | O11: =IF(J11="Yes",0,Scoring!$C$6) -> 2 | P11: =IF(L11="Yes",0,Scoring!$C$7) -> 0.5 | Q11: =ROUND(SUM(M11:P11),2) -> 7.4 | R11: =IF(Q11>=Scoring!$C$10-0.000001,"Keep","Remove") -> Keep | S11: Kept
A12: D0011 | B12: Pindi Chole | C12: Dish | D12: India | E12: Punjab | F12: Main | G12: 2 | H12: 3 | I12: 3 | J12: Yes | K12: Pindi Chole overlaps Chole Bhature and Chana Masala | L12: No | M12: =H12*Scoring!$C$5 -> 3.9 | N12: =IF(I12>=5,1,IF(I12=4,0.75,IF(I12=3,0.5,IF(I12=2,0.25,0))))*Scoring!$C$8 -> 0.5 | O12: =IF(J12="Yes",0,Scoring!$C$6) -> 0 | P12: =IF(L12="Yes",0,Scoring!$C$7) -> 0.5 | Q12: =ROUND(SUM(M12:P12),2) -> 4.9 | R12: =IF(Q12>=Scoring!$C$10-0.000001,"Keep","Remove") -> Remove | S12: Near-duplicate: Pindi Chole overlaps Chole Bhature and Chana Masala
A13: D0012 | B13: Aloo Paratha | C13: Dish | D13: India | E13: Punjab | F13: Breakfast | G13: 1 | H13: 5 | I13: 1 | J13: No | L13: No | M13: =H13*Scoring!$C$5 -> 6.5 | N13: =IF(I13>=5,1,IF(I13=4,0.75,IF(I13=3,0.5,IF(I13=2,0.25,0))))*Scoring!$C$8 -> 0 | O13: =IF(J13="Yes",0,Scoring!$C$6) -> 2 | P13: =IF(L13="Yes",0,Scoring!$C$7) -> 0.5 | Q13: =ROUND(SUM(M13:P13),2) -> 9 | R13: =IF(Q13>=Scoring!$C$10-0.000001,"Keep","Remove") -> Keep | S13: Kept
A14: D0013 | B14: Gobi Paratha | C14: Dish | D14: India | E14: Punjab | F14: Breakfast | G14: 2 | H14: 3 | I14: 1 | J14: No | L14: No | M14: =H14*Scoring!$C$5 -> 3.9 | N14: =IF(I14>=5,1,IF(I14=4,0.75,IF(I14=3,0.5,IF(I14=2,0.25,0))))*Scoring!$C$8 -> 0 | O14: =IF(J14="Yes",0,Scoring!$C$6) -> 2 | P14: =IF(L14="Yes",0,Scoring!$C$7) -> 0.5 | Q14: =ROUND(SUM(M14:P14),2) -> 6.4 | R14: =IF(Q14>=Scoring!$C$10-0.000001,"Keep","Remove") -> Remove | S14: Too few telling clues once pantry is removed (1)
A15: D0014 | B15: Kadhi Pakora | C15: Dish | D15: India | E15: Punjab | F15: Main | G15: 1 | H15: 4 | I15: 4 | J15: No | L15: No | M15: =H15*Scoring!$C$5 -> 5.2 | N15: =IF(I15>=5,1,IF(I15=4,0.75,IF(I15=3,0.5,IF(I15=2,0.25,0))))*Scoring!$C$8 -> 0.75 | O15: =IF(J15="Yes",0,Scoring!$C$6) -> 2 | P15: =IF(L15="Yes",0,Scoring!$C$7) -> 0.5 | Q15: =ROUND(SUM(M15:P15),2) -> 8.45 | R15: =IF(Q15>=Scoring!$C$10-0.000001,"Keep","Remove") -> Keep | S15: Kept
A16: D0015 | B16: Pinni | C16: Dish | D16: India | E16: Punjab | F16: Sweet | G16: 3 | H16: 2 | I16: 3 | J16: No | L16: No | M16: =H16*Scoring!$C$5 -> 2.6 | N16: =IF(I16>=5,1,IF(I16=4,0.75,IF(I16=3,0.5,IF(I16=2,0.25,0))))*Scoring!$C$8 -> 0.5 | O16: =IF(J16="Yes",0,Scoring!$C$6) -> 2 | P16: =IF(L16="Yes",0,Scoring!$C$7) -> 0.5 | Q16: =ROUND(SUM(M16:P16),2) -> 5.6 | R16: =IF(Q16>=Scoring!$C$10-0.000001,"Keep","Remove") -> Remove | S16: Niche: few players would know it
A17: D0016 | B17: Paneer Butter Masala | C17: Dish | D17: India | E17: Delhi | F17: Main | G17: 1 | H17: 5 | I17: 6 | J17: No | L17: No | M17: =H17*Scoring!$C$5 -> 6.5 | N17: =IF(I17>=5,1,IF(I17=4,0.75,IF(I17=3,0.5,IF(I17=2,0.25,0))))*Scoring!$C$8 -> 1 | O17: =IF(J17="Yes",0,Scoring!$C$6) -> 2 | P17: =IF(L17="Yes",0,Scoring!$C$7) -> 0.5 | Q17: =ROUND(SUM(M17:P17),2) -> 10 | R17: =IF(Q17>=Scoring!$C$10-0.000001,"Keep","Remove") -> Keep | S17: Kept
A18: D0017 | B18: Shahi Paneer | C18: Dish | D18: India | E18: Delhi | F18: Main | G18: 1 | H18: 4 | I18: 5 | J18: No | L18: No | M18: =H18*Scoring!$C$5 -> 5.2 | N18: =IF(I18>=5,1,IF(I18=4,0.75,IF(I18=3,0.5,IF(I18=2,0.25,0))))*Scoring!$C$8 -> 1 | O18: =IF(J18="Yes",0,Scoring!$C$6) -> 2 | P18: =IF(L18="Yes",0,Scoring!$C$7) -> 0.5 | Q18: =ROUND(SUM(M18:P18),2) -> 8.7 | R18: =IF(Q18>=Scoring!$C$10-0.000001,"Keep","Remove") -> Keep | S18: Kept
A19: D0018 | B19: Kadai Paneer | C19: Dish | D19: India | E19: Punjab | F19: Main | G19: 1 | H19: 4 | I19: 5 | J19: No | L19: No | M19: =H19*Scoring!$C$5 -> 5.2 | N19: =IF(I19>=5,1,IF(I19=4,0.75,IF(I19=3,0.5,IF(I19=2,0.25,0))))*Scoring!$C$8 -> 1 | O19: =IF(J19="Yes",0,Scoring!$C$6) -> 2 | P19: =IF(L19="Yes",0,Scoring!$C$7) -> 0.5 | Q19: =ROUND(SUM(M19:P19),2) -> 8.7 | R19: =IF(Q19>=Scoring!$C$10-0.000001,"Keep","Remove") -> Keep | S19: Kept
A20: D0019 | B20: Malai Kofta | C20: Dish | D20: India | E20: Delhi | F20: Main | G20: 1 | H20: 5 | I20: 6 | J20: No | L20: No | M20: =H20*Scoring!$C$5 -> 6.5 | N20: =IF(I20>=5,1,IF(I20=4,0.75,IF(I20=3,0.5,IF(I20=2,0.25,0))))*Scoring!$C$8 -> 1 | O20: =IF(J20="Yes",0,Scoring!$C$6) -> 2 | P20: =IF(L20="Yes",0,Scoring!$C$7) -> 0.5 | Q20: =ROUND(SUM(M20:P20),2) -> 10 | R20: =IF(Q20>=Scoring!$C$10-0.000001,"Keep","Remove") -> Keep | S20: Kept
A21: D0020 | B21: Chicken Tikka Masala | C21: Dish | D21: India | E21: Punjab | F21: Main | G21: 1 | H21: 5 | I21: 4 | J21: No | L21: No | M21: =H21*Scoring!$C$5 -> 6.5 | N21: =IF(I21>=5,1,IF(I21=4,0.75,IF(I21=3,0.5,IF(I21=2,0.25,0))))*Scoring!$C$8 -> 0.75 | O21: =IF(J21="Yes",0,Scoring!$C$6) -> 2 | P21: =IF(L21="Yes",0,Scoring!$C$7) -> 0.5 | Q21: =ROUND(SUM(M21:P21),2) -> 9.75 | R21: =IF(Q21>=Scoring!$C$10-0.000001,"Keep","Remove") -> Keep | S21: Kept
A22: D0021 | B22: Seekh Kebab | C22: Dish | D22: India | E22: Delhi | F22: Snack | G22: 1 | H22: 4 | I22: 3 | J22: No | L22: No | M22: =H22*Scoring!$C$5 -> 5.2 | N22: =IF(I22>=5,1,IF(I22=4,0.75,IF(I22=3,0.5,IF(I22=2,0.25,0))))*Scoring!$C$8 -> 0.5 | O22: =IF(J22="Yes",0,Scoring!$C$6) -> 2 | P22: =IF(L22="Yes",0,Scoring!$C$7) -> 0.5 | Q22: =ROUND(SUM(M22:P22),2) -> 8.2 | R22: =IF(Q22>=Scoring!$C$10-0.000001,"Keep","Remove") -> Keep | S22: Kept
A23: D0022 | B23: Nihari | C23: Dish | D23: India | E23: Delhi | F23: Main | G23: 1 | H23: 4 | I23: 5 | J23: No | L23: No | M23: =H23*Scoring!$C$5 -> 5.2 | N23: =IF(I23>=5,1,IF(I23=4,0.75,IF(I23=3,0.5,IF(I23=2,0.25,0))))*Scoring!$C$8 -> 1 | O23: =IF(J23="Yes",0,Scoring!$C$6) -> 2 | P23: =IF(L23="Yes",0,Scoring!$C$7) -> 0.5 | Q23: =ROUND(SUM(M23:P23),2) -> 8.7 | R23: =IF(Q23>=Scoring!$C$10-0.000001,"Keep","Remove") -> Keep | S23: Kept
A24: D0023 | B24: Chicken Changezi | C24: Dish | D24: India | E24: Delhi | F24: Main | G24: 3 | H24: 2 | I24: 5 | J24: No | L24: No | M24: =H24*Scoring!$C$5 -> 2.6 | N24: =IF(I24>=5,1,IF(I24=4,0.75,IF(I24=3,0.5,IF(I24=2,0.25,0))))*Scoring!$C$8 -> 1 | O24: =IF(J24="Yes",0,Scoring!$C$6) -> 2 | P24: =IF(L24="Yes",0,Scoring!$C$7) -> 0.5 | Q24: =ROUND(SUM(M24:P24),2) -> 6.1 | R24: =IF(Q24>=Scoring!$C$10-0.000001,"Keep","Remove") -> Remove | S24: Niche: few players would know it
... A37: D0036 | B37: Kakori Kebab | C37: Dish | D37: India | E37: Uttar Pradesh | F37: Snack | G37: 2 | H37: 3 | I37: 5 | J37: No | L37: No | M37: =H37*Scoring!$C$5 -> 3.9 | N37: =IF(I37>=5,1,IF(I37=4,0.75,IF(I37=3,0.5,IF(I37=2,0.25,0))))*Scoring!$C$8 -> 1 | O37: =IF(J37="Yes",0,Scoring!$C$6) -> 2 | P37: =IF(L37="Yes",0,Scoring!$C$7) -> 0.5 | Q37: =ROUND(SUM(M37:P37),2) -> 7.4 | R37: =IF(Q37>=Scoring!$C$10-0.000001,"Keep","Remove") -> Keep | S37: Kept
A38: D0037 | B38: Tunday Kebab | C38: Dish | D38: India | E38: Uttar Pradesh | F38: Snack | G38: 2 | H38: 3 | I38: 3 | J38: Yes | K38: Tunday Kebab is the Galouti Kebab | L38: No | M38: =H38*Scoring!$C$5 -> 3.9 | N38: =IF(I38>=5,1,IF(I38=4,0.75,IF(I38=3,0.5,IF(I38=2,0.25,0))))*Scoring!$C$8 -> 0.5 | O38: =IF(J38="Yes",0,Scoring!$C$6) -> 0 | P38: =IF(L38="Yes",0,Scoring!$C$7) -> 0.5 | Q38: =ROUND(SUM(M38:P38),2) -> 4.9 | R38: =IF(Q38>=Scoring!$C$10-0.000001,"Keep","Remove") -> Remove | S38: Near-duplicate: Tunday Kebab is the Galouti Kebab
A39: D0038 | B39: Korma | C39: Dish | D39: India | E39: Uttar Pradesh | F39: Main | G39: 1 | H39: 4 | I39: 5 | J39: No | L39: No | M39: =H39*Scoring!$C$5 -> 5.2 | N39: =IF(I39>=5,1,IF(I39=4,0.75,IF(I39=3,0.5,IF(I39=2,0.25,0))))*Scoring!$C$8 -> 1 | O39: =IF(J39="Yes",0,Scoring!$C$6) -> 2 | P39: =IF(L39="Yes",0,Scoring!$C$7) -> 0.5 | Q39: =ROUND(SUM(M39:P39),2) -> 8.7 | R39: =IF(Q39>=Scoring!$C$10-0.000001,"Keep","Remove") -> Keep | S39: Kept
A40: D0039 | B40: Sheermal | C40: Dish | D40: India | E40: Uttar Pradesh | F40: Bread | G40: 2 | H40: 2 | I40: 2 | J40: No | L40: No | M40: =H40*Scoring!$C$5 -> 2.6 | N40: =IF(I40>=5,1,IF(I40=4,0.75,IF(I40=3,0.5,IF(I40=2,0.25,0))))*Scoring!$C$8 -> 0.25 | O40: =IF(J40="Yes",0,Scoring!$C$6) -> 2 | P40: =IF(L40="Yes",0,Scoring!$C$7) -> 0.5 | Q40: =ROUND(SUM(M40:P40),2) -> 5.35 | R40: =IF(Q40>=Scoring!$C$10-0.000001,"Keep","Remove") -> Remove | S40: Niche: few players would know it
A41: D0040 | B41: Kulfi | C41: Dish | D41: India | E41: Uttar Pradesh | F41: Dessert | G41: 1 | H41: 5 | I41: 5 | J41: No | L41: No | M41: =H41*Scoring!$C$5 -> 6.5 | N41: =IF(I41>=5,1,IF(I41=4,0.75,IF(I41=3,0.5,IF(I41=2,0.25,0))))*Scoring!$C$8 -> 1 | O41: =IF(J41="Yes",0,Scoring!$C$6) -> 2 | P41: =IF(L41="Yes",0,Scoring!$C$7) -> 0.5 | Q41: =ROUND(SUM(M41:P41),2) -> 10 | R41: =IF(Q41>=Scoring!$C$10-0.000001,"Keep","Remove") -> Keep | S41: Kept
A42: D0041 | B42: Bedmi Puri | C42: Dish | D42: India | E42: Uttar Pradesh | F42: Breakfast | G42: 2 | H42: 3 | I42: 4 | J42: No | L42: No | M42: =H42*Scoring!$C$5 -> 3.9 | N42: =IF(I42>=5,1,IF(I42=4,0.75,IF(I42=3,0.5,IF(I42=2,0.25,0))))*Scoring!$C$8 -> 0.75 | O42: =IF(J42="Yes",0,Scoring!$C$6) -> 2 | P42: =IF(L42="Yes",0,Scoring!$C$7) -> 0.5 | Q42: =ROUND(SUM(M42:P42),2) -> 7.15 | R42: =IF(Q42>=Scoring!$C$10-0.000001,"Keep","Remove") -> Keep | S42: Kept
A43: D0042 | B43: Petha | C43: Dish | D43: India | E43: Uttar Pradesh | F43: Sweet | G43: 2 | H43: 3 | I43: 4 | J43: No | L43: No | M43: =H43*Scoring!$C$5 -> 3.9 | N43: =IF(I43>=5,1,IF(I43=4,0.75,IF(I43=3,0.5,IF(I43=2,0.25,0))))*Scoring!$C$8 -> 0.75 | O43: =IF(J43="Yes",0,Scoring!$C$6) -> 2 | P43: =IF(L43="Yes",0,Scoring!$C$7) -> 0.5 | Q43: =ROUND(SUM(M43:P43),2) -> 7.15 | R43: =IF(Q43>=Scoring!$C$10-0.000001,"Keep","Remove") -> Keep | S43: Kept
A44: D0043 | B44: Malaiyo | C44: Dish | D44: India | E44: Uttar Pradesh | F44: Sweet | G44: 3 | H44: 2 | I44: 4 | J44: No | L44: No | M44: =H44*Scoring!$C$5 -> 2.6 | N44: =IF(I44>=5,1,IF(I44=4,0.75,IF(I44=3,0.5,IF(I44=2,0.25,0))))*Scoring!$C$8 -> 0.75 | O44: =IF(J44="Yes",0,Scoring!$C$6) -> 2 | P44: =IF(L44="Yes",0,Scoring!$C$7) -> 0.5 | Q44: =ROUND(SUM(M44:P44),2) -> 5.85 | R44: =IF(Q44>=Scoring!$C$10-0.000001,"Keep","Remove") -> Remove | S44: Niche: few players would know it
A45: D0044 | B45: Banarasi Paan | C45: Dish | D45: India | E45: Uttar Pradesh | F45: Snack | G45: 2 | H45: 4 | I45: 5 | J45: No | L45: No | M45: =H45*Scoring!$C$5 -> 5.2 | N45: =IF(I45>=5,1,IF(I45=4,0.75,IF(I45=3,0.5,IF(I45=2,0.25,0))))*Scoring!$C$8 -> 1 | O45: =IF(J45="Yes",0,Scoring!$C$6) -> 2 | P45: =IF(L45="Yes",0,Scoring!$C$7) -> 0.5 | Q45: =ROUND(SUM(M45:P45),2) -> 8.7 | R45: =IF(Q45>=Scoring!$C$10-0.000001,"Keep","Remove") -> Keep | S45: Kept
A46: D0045 | B46: Tamatar Chaat | C46: Dish | D46: India | E46: Uttar Pradesh | F46: Street | G46: 3 | H46: 2 | I46: 3 | J46: No | L46: No | M46: =H46*Scoring!$C$5 -> 2.6 | N46: =IF(I46>=5,1,IF(I46=4,0.75,IF(I46=3,0.5,IF(I46=2,0.25,0))))*Scoring!$C$8 -> 0.5 | O46: =IF(J46="Yes",0,Scoring!$C$6) -> 2 | P46: =IF(L46="Yes",0,Scoring!$C$7) -> 0.5 | Q46: =ROUND(SUM(M46:P46),2) -> 5.6 | R46: =IF(Q46>=Scoring!$C$10-0.000001,"Keep","Remove") -> Remove | S46: Niche: few players would know it
A47: D0046 | B47: Litti Chokha | C47: Dish | D47: India | E47: Bihar | F47: Main | G47: 1 | H47: 4 | I47: 5 | J47: No | L47: No | M47: =H47*Scoring!$C$5 -> 5.2 | N47: =IF(I47>=5,1,IF(I47=4,0.75,IF(I47=3,0.5,IF(I47=2,0.25,0))))*Scoring!$C$8 -> 1 | O47: =IF(J47="Yes",0,Scoring!$C$6) -> 2 | P47: =IF(L47="Yes",0,Scoring!$C$7) -> 0.5 | Q47: =ROUND(SUM(M47:P47),2) -> 8.7 | R47: =IF(Q47>=Scoring!$C$10-0.000001,"Keep","Remove") -> Keep | S47: Kept
A48: D0047 | B48: Thekua | C48: Dish | D48: India | E48: Bihar | F48: Sweet | G48: 2 | H48: 3 | I48: 5 | J48: No | L48: No | M48: =H48*Scoring!$C$5 -> 3.9 | N48: =IF(I48>=5,1,IF(I48=4,0.75,IF(I48=3,0.5,IF(I48=2,0.25,0))))*Scoring!$C$8 -> 1 | O48: =IF(J48="Yes",0,Scoring!$C$6) -> 2 | P48: =IF(L48="Yes",0,Scoring!$C$7) -> 0.5 | Q48: =ROUND(SUM(M48:P48),2) -> 7.4 | R48: =IF(Q48>=Scoring!$C$10-0.000001,"Keep","Remove") -> Keep | S48: Kept
A49: D0048 | B49: Khaja | C49: Dish | D49: India | E49: Bihar | F49: Sweet | G49: 3 | H49: 2 | I49: 2 | J49: No | L49: No | M49: =H49*Scoring!$C$5 -> 2.6 | N49: =IF(I49>=5,1,IF(I49=4,0.75,IF(I49=3,0.5,IF(I49=2,0.25,0))))*Scoring!$C$8 -> 0.25 | O49: =IF(J49="Yes",0,Scoring!$C$6) -> 2 | P49: =IF(L49="Yes",0,Scoring!$C$7) -> 0.5 | Q49: =ROUND(SUM(M49:P49),2) -> 5.35 | R49: =IF(Q49>=Scoring!$C$10-0.000001,"Keep","Remove") -> Remove | S49: Niche: few players would know it
A50: D0049 | B50: Champaran Mutton | C50: Dish | D50: India | E50: Bihar | F50: Main | G50: 3 | H50: 2 | I50: 5 | J50: No | L50: No | M50: =H50*Scoring!$C$5 -> 2.6 | N50: =IF(I50>=5,1,IF(I50=4,0.75,IF(I50=3,0.5,IF(I50=2,0.25,0))))*Scoring!$C$8 -> 1 | O50: =IF(J50="Yes",0,Scoring!$C$6) -> 2 | P50: =IF(L50="Yes",0,Scoring!$C$7) -> 0.5 | Q50: =ROUND(SUM(M50:P50),2) -> 6.1 | R50: =IF(Q50>=Scoring!$C$10-0.000001,"Keep","Remove") -> Remove | S50: Niche: few players would know it
... A71: D0070 | B71: Shrikhand | C71: Dish | D71: India | E71: Gujarat | F71: Sweet | G71: 1 | H71: 4 | I71: 4 | J71: No | L71: No | M71: =H71*Scoring!$C$5 -> 5.2 | N71: =IF(I71>=5,1,IF(I71=4,0.75,IF(I71=3,0.5,IF(I71=2,0.25,0))))*Scoring!$C$8 -> 0.75 | O71: =IF(J71="Yes",0,Scoring!$C$6) -> 2 | P71: =IF(L71="Yes",0,Scoring!$C$7) -> 0.5 | Q71: =ROUND(SUM(M71:P71),2) -> 8.45 | R71: =IF(Q71>=Scoring!$C$10-0.000001,"Keep","Remove") -> Keep | S71: Kept
A72: D0071 | B72: Khaman | C72: Dish | D72: India | E72: Gujarat | F72: Snack | G72: 2 | H72: 3 | I72: 2 | J72: Yes | K72: Khaman is the same family as Dhokla | L72: No | M72: =H72*Scoring!$C$5 -> 3.9 | N72: =IF(I72>=5,1,IF(I72=4,0.75,IF(I72=3,0.5,IF(I72=2,0.25,0))))*Scoring!$C$8 -> 0.25 | O72: =IF(J72="Yes",0,Scoring!$C$6) -> 0 | P72: =IF(L72="Yes",0,Scoring!$C$7) -> 0.5 | Q72: =ROUND(SUM(M72:P72),2) -> 4.65 | R72: =IF(Q72>=Scoring!$C$10-0.000001,"Keep","Remove") -> Remove | S72: Near-duplicate: Khaman is the same family as Dhokla
A73: D0072 | B73: Patra | C73: Dish | D73: India | E73: Gujarat | F73: Snack | G73: 2 | H73: 3 | I73: 5 | J73: No | L73: No | M73: =H73*Scoring!$C$5 -> 3.9 | N73: =IF(I73>=5,1,IF(I73=4,0.75,IF(I73=3,0.5,IF(I73=2,0.25,0))))*Scoring!$C$8 -> 1 | O73: =IF(J73="Yes",0,Scoring!$C$6) -> 2 | P73: =IF(L73="Yes",0,Scoring!$C$7) -> 0.5 | Q73: =ROUND(SUM(M73:P73),2) -> 7.4 | R73: =IF(Q73>=Scoring!$C$10-0.000001,"Keep","Remove") -> Keep | S73: Kept
A74: D0073 | B74: Locho | C74: Dish | D74: India | E74: Gujarat | F74: Street | G74: 3 | H74: 2 | I74: 4 | J74: No | L74: No | M74: =H74*Scoring!$C$5 -> 2.6 | N74: =IF(I74>=5,1,IF(I74=4,0.75,IF(I74=3,0.5,IF(I74=2,0.25,0))))*Scoring!$C$8 -> 0.75 | O74: =IF(J74="Yes",0,Scoring!$C$6) -> 2 | P74: =IF(L74="Yes",0,Scoring!$C$7) -> 0.5 | Q74: =ROUND(SUM(M74:P74),2) -> 5.85 | R74: =IF(Q74>=Scoring!$C$10-0.000001,"Keep","Remove") -> Remove | S74: Niche: few players would know it
A75: D0074 | B75: Gujarati Dal | C75: Dish | D75: India | E75: Gujarat | F75: Main | G75: 2 | H75: 3 | I75: 5 | J75: No | L75: No | M75: =H75*Scoring!$C$5 -> 3.9 | N75: =IF(I75>=5,1,IF(I75=4,0.75,IF(I75=3,0.5,IF(I75=2,0.25,0))))*Scoring!$C$8 -> 1 | O75: =IF(J75="Yes",0,Scoring!$C$6) -> 2 | P75: =IF(L75="Yes",0,Scoring!$C$7) -> 0.5 | Q75: =ROUND(SUM(M75:P75),2) -> 7.4 | R75: =IF(Q75>=Scoring!$C$10-0.000001,"Keep","Remove") -> Keep | S75: Kept
A76: D0075 | B76: Vada Pav | C76: Dish | D76: India | E76: Maharashtra | F76: Street | G76: 1 | H76: 5 | I76: 4 | J76: No | L76: No | M76: =H76*Scoring!$C$5 -> 6.5 | N76: =IF(I76>=5,1,IF(I76=4,0.75,IF(I76=3,0.5,IF(I76=2,0.25,0))))*Scoring!$C$8 -> 0.75 | O76: =IF(J76="Yes",0,Scoring!$C$6) -> 2 | P76: =IF(L76="Yes",0,Scoring!$C$7) -> 0.5 | Q76: =ROUND(SUM(M76:P76),2) -> 9.75 | R76: =IF(Q76>=Scoring!$C$10-0.000001,"Keep","Remove") -> Keep | S76: Kept
A77: D0076 | B77: Pav Bhaji | C77: Dish | D77: India | E77: Maharashtra | F77: Street | G77: 1 | H77: 5 | I77: 5 | J77: No | L77: No | M77: =H77*Scoring!$C$5 -> 6.5 | N77: =IF(I77>=5,1,IF(I77=4,0.75,IF(I77=3,0.5,IF(I77=2,0.25,0))))*Scoring!$C$8 -> 1 | O77: =IF(J77="Yes",0,Scoring!$C$6) -> 2 | P77: =IF(L77="Yes",0,Scoring!$C$7) -> 0.5 | Q77: =ROUND(SUM(M77:P77),2) -> 10 | R77: =IF(Q77>=Scoring!$C$10-0.000001,"Keep","Remove") -> Keep | S77: Kept
